ISO,Country,City,Year,Total_NO2_molecules
AGO,Angola,Luanda,2018,5.090620059155419e+18
AGO,Angola,Benguela,2018,2.590903710938064e+18
AGO,Angola,Lobito,2018,2.6942993358159084e+18
AGO,Angola,Huambo,2018,3.9734377012546406e+18
AGO,Angola,Lubango,2018,2.2821214554168852e+18
AGO,Angola,Cabinda,2018,3.252882766536642e+18
AGO,Angola,Malanje,2018,5.008208968780741e+18
AGO,Angola,Namibe,2018,1.8991982829693166e+18
AGO,Angola,Sumbe,2018,2.6646902619101993e+18
AGO,Angola,Uige,2018,4.5327643181102234e+18
AGO,Angola,Soyo,2018,3.096490724826046e+18
BEN,Benin,Bohicon,2018,2.5899169591536497e+18
BEN,Benin,Abomey,2018,2.5509256021252634e+18
BEN,Benin,Ouidah,2018,2.319920370719441e+18
BEN,Benin,Kandi,2018,2.1317779263190912e+18
BEN,Benin,Natitingou,2018,3.093652607119618e+18
BEN,Benin,Save,2018,2.1641040597284045e+18
BEN,Benin,Savalou,2018,2.2873374250590866e+18
BEN,Benin,Comé,2018,2.3828916399641846e+18
BEN,Benin,Allada,2018,2.5701308030699756e+18
BEN,Benin,Dogbo,2018,2.677489041454978e+18
BEN,Benin,Lokossa,2018,2.800779076892474e+18
BEN,Benin,Tchaourou,2018,2.0562510999636244e+18
BEN,Benin,Malanville,2018,2.1697792610091817e+18
BEN,Benin,Tanguiéta,2018,3.3071751806491003e+18
BEN,Benin,Bassila,2018,2.0412757794024942e+18
BEN,Benin,Pobe,2018,2.956265444569056e+18
BEN,Benin,Ketou,2018,2.693394184738982e+18
BWA,Botswana,Gaborone,2018,2.7887981072406564e+18
BWA,Botswana,Francistown,2018,2.1076546614425969e+18
BWA,Botswana,Maun,2018,2.154477143986345e+18
BWA,Botswana,Serowe,2018,2.125772462774535e+18
BWA,Botswana,Kanye,2018,2.2034718634916982e+18
BWA,Botswana,Molepolole,2018,2.3079065195992586e+18
BWA,Botswana,Mochudi,2018,2.6916944026188436e+18
BWA,Botswana,Selebi-Phikwe,2018,2.1949012232541868e+18
BWA,Botswana,Palapye,2018,2.2960819059900529e+18
BWA,Botswana,Lobatse,2018,2.2653746876118543e+18
BWA,Botswana,Ramotswa,2018,2.635958937958235e+18
BWA,Botswana,Letlhakane,2018,2.0010651509800422e+18
BWA,Botswana,Orapa,2018,1.9841879060692785e+18
BWA,Botswana,Kasane,2018,3.1824514781924424e+18
BWA,Botswana,Ghanzi,2018,1.7419700453304668e+18
BWA,Botswana,Jwaneng,2018,2.244775257819959e+18
BWA,Botswana,Tsabong,2018,1.3914812916554342e+18
BWA,Botswana,Shoshong,2018,2.2441394057060562e+18
BFA,Burkina Faso,Ouagadougou,2018,2.690926188696139e+18
BFA,Burkina Faso,Bobo-Dioulasso,2018,2.2248504391519565e+18
BFA,Burkina Faso,Koudougou,2018,2.1782076904839475e+18
BFA,Burkina Faso,Banfora,2018,1.9810519019254351e+18
BFA,Burkina Faso,Ouahigouya,2018,1.9413074009421066e+18
BFA,Burkina Faso,Kaya,2018,1.9677954052543995e+18
BFA,Burkina Faso,Tenkodogo,2018,2.0220925725032125e+18
BFA,Burkina Faso,Fada N'Gourma,2018,2.1448991978895117e+18
BFA,Burkina Faso,Dedougou,2018,2.1327316873607388e+18
BFA,Burkina Faso,Dori,2018,1.9918250376256138e+18
BFA,Burkina Faso,Gaoua,2018,3.184667713692107e+18
BFA,Burkina Faso,Kongoussi,2018,2.059921426602093e+18
BFA,Burkina Faso,Manga,2018,2.0710852720157066e+18
BFA,Burkina Faso,Reo,2018,2.1948277075217206e+18
BFA,Burkina Faso,Ziniare,2018,2.1916878773674716e+18
BFA,Burkina Faso,Hounde,2018,2.2062551560768092e+18
BFA,Burkina Faso,Po,2018,2.4697356729892127e+18
BFA,Burkina Faso,Leo,2018,2.439968844443452e+18
BDI,Burundi,Bujumbura,2018,2.3531823697365545e+18
BDI,Burundi,Gitega,2018,1.6892649265163494e+18
BDI,Burundi,Ngozi,2018,1.7364057533871406e+18
BDI,Burundi,Rumonge,2018,1.904285334679132e+18
BDI,Burundi,Bururi,2018,1.6660926780988948e+18
BDI,Burundi,Muyinga,2018,1.994257264310682e+18
BDI,Burundi,Ruyigi,2018,2.0139015538742697e+18
BDI,Burundi,Makamba,2018,1.8241845982318008e+18
BDI,Burundi,Kayanza,2018,1.6831635769592566e+18
BDI,Burundi,Muramvya,2018,1.8609136691022203e+18
BDI,Burundi,Cibitoke,2018,2.3048529849514985e+18
BDI,Burundi,Karuzi,2018,1.8622743994436055e+18
BDI,Burundi,Kirundo,2018,1.9454147196552284e+18
BDI,Burundi,Mwaro,2018,1.5366163689749292e+18
BDI,Burundi,Nyanza-Lac,2018,2.1194333158120873e+18
CMR,Cameroon,Douala,2018,3.0705778667859866e+18
CMR,Cameroon,Yaounde,2018,2.866040068267219e+18
CMR,Cameroon,Garoua,2018,2.676307881436781e+18
CMR,Cameroon,Bamenda,2018,2.499340175832526e+18
CMR,Cameroon,Maroua,2018,2.5327037798049946e+18
CMR,Cameroon,Ngaoundere,2018,2.6615747960240205e+18
CMR,Cameroon,Bafoussam,2018,2.9258717071850383e+18
CMR,Cameroon,Bertoua,2018,2.432801676494846e+18
CMR,Cameroon,Ebolowa,2018,2.3217475527510804e+18
CMR,Cameroon,Kribi,2018,2.331343542279714e+18
CMR,Cameroon,Limbe,2018,2.62815181330271e+18
CMR,Cameroon,Kumba,2018,2.638691632940675e+18
CMR,Cameroon,Nkongsamba,2018,2.652342559839196e+18
CMR,Cameroon,Edea,2018,2.78663215991547e+18
CMR,Cameroon,Sangmelima,2018,2.3609269314489523e+18
CMR,Cameroon,Foumban,2018,2.8424877019145436e+18
CMR,Cameroon,Dschang,2018,2.7031016224325504e+18
CMR,Cameroon,Kousseri,2018,2.578930661745573e+18
CAF,Central African Republic,Bangui,2018,3.460284663819295e+18
CAF,Central African Republic,Bimbo,2018,3.183974354930384e+18
CAF,Central African Republic,Berberati,2018,3.3321738760221174e+18
CAF,Central African Republic,Bambari,2018,3.1701445143163013e+18
CAF,Central African Republic,Bouar,2018,4.1118295697250673e+18
CAF,Central African Republic,Bossangoa,2018,3.210420362653184e+18
CAF,Central African Republic,Bria,2018,2.90762793642411e+18
CAF,Central African Republic,Bangassou,2018,2.478678653783884e+18
CAF,Central African Republic,Kaga-Bandoro,2018,2.97187768308964e+18
CAF,Central African Republic,Mbaiki,2018,2.825285308094936e+18
CAF,Central African Republic,Bozoum,2018,3.309000351314006e+18
CAF,Central African Republic,Carnot,2018,6.342838922524043e+18
CAF,Central African Republic,Sibut,2018,2.9629941378457313e+18
CAF,Central African Republic,Alindao,2018,3.226322693701247e+18
CAF,Central African Republic,Mobaye,2018,2.8440543052613253e+18
CAF,Central African Republic,Nola,2018,2.6013058621077944e+18
TCD,Chad,N'Djamena,2018,2.5630861140595697e+18
TCD,Chad,Moundou,2018,2.9561689221673917e+18
TCD,Chad,Sarh,2018,3.4747975815763896e+18
TCD,Chad,Abeche,2018,1.9618576502467482e+18
TCD,Chad,Kelo,2018,2.6025521379852887e+18
TCD,Chad,Koumra,2018,2.601043365080312e+18
TCD,Chad,Pala,2018,2.63742337088091e+18
TCD,Chad,Am Timan,2018,2.8537495382707046e+18
TCD,Chad,Bongor,2018,2.663717150634529e+18
TCD,Chad,Mongo,2018,2.298561938898416e+18
TCD,Chad,Faya-Largeau,2018,1.279960973777128e+18
TCD,Chad,Doba,2018,3.019712297095858e+18
TCD,Chad,Ati,2018,2.1340989942537446e+18
TCD,Chad,Biltine,2018,1.888738514011196e+18
TCD,Chad,Mao,2018,1.8508848767119462e+18
TCD,Chad,Massakory,2018,2.0911779871056184e+18
COD,DR Congo,Kinshasa,2018,5.058326694941127e+18
COD,DR Congo,Lubumbashi,2018,5.130686083644246e+18
COD,DR Congo,Mbuji-Mayi,2018,4.031433882724538e+18
COD,DR Congo,Kisangani,2018,2.1598749569412844e+18
COD,DR Congo,Goma,2018,1.6758237863808297e+18
COD,DR Congo,Bukavu,2018,1.9174807481803471e+18
COD,DR Congo,Kananga,2018,4.591398834454905e+18
COD,DR Congo,Kolwezi,2018,4.747039183801258e+18
COD,DR Congo,Tshikapa,2018,4.47694942504831e+18
COD,DR Congo,Matadi,2018,4.498111341446872e+18
COD,DR Congo,Boma,2018,3.991797348227967e+18
COD,DR Congo,Uvira,2018,2.3038871501232896e+18
COD,DR Congo,Kindu,2018,3.122273553908003e+18
COD,DR Congo,Kalemie,2018,2.762857276861524e+18
COD,DR Congo,Likasi,2018,4.669363467398837e+18
COD,DR Congo,Kikwit,2018,5.090208352808452e+18
COD,DR Congo,Gemena,2018,2.64948019251063e+18
COD,DR Congo,Isiro,2018,1.920406181222353e+18
COG,Congo Republic,Brazzaville,2018,4.921334595348402e+18
COG,Congo Republic,Pointe-Noire,2018,3.362271856222541e+18
COG,Congo Republic,Dolisie,2018,3.853536799179103e+18
COG,Congo Republic,Nkayi,2018,4.742795722050216e+18
COG,Congo Republic,Owando,2018,2.914532227314303e+18
COG,Congo Republic,Ouesso,2018,2.3578049550025405e+18
COG,Congo Republic,Impfondo,2018,2.1762952478548623e+18
COG,Congo Republic,Sibiti,2018,3.363507425362048e+18
COG,Congo Republic,Madingou,2018,4.5364585914892646e+18
COG,Congo Republic,Kinkala,2018,4.2909087230947046e+18
COG,Congo Republic,Mossendjo,2018,2.3007765858046326e+18
COG,Congo Republic,Gamboma,2018,3.855315141064085e+18
COG,Congo Republic,Djambala,2018,3.925701719842973e+18
CIV,Cote d'Ivoire,Abidjan,2018,3.1186646783988347e+18
CIV,Cote d'Ivoire,Yamoussoukro,2018,2.4245149768895596e+18
CIV,Cote d'Ivoire,Bouake,2018,2.5422057124225577e+18
CIV,Cote d'Ivoire,Daloa,2018,2.0765694659820076e+18
CIV,Cote d'Ivoire,San-Pedro,2018,1.6065187597281518e+18
CIV,Cote d'Ivoire,Korhogo,2018,2.045555744592515e+18
CIV,Cote d'Ivoire,Man,2018,1.7846804910562196e+18
CIV,Cote d'Ivoire,Gagnoa,2018,1.9884674757392604e+18
CIV,Cote d'Ivoire,Abengourou,2018,2.1955787283478912e+18
CIV,Cote d'Ivoire,Bondoukou,2018,2.9213687134777236e+18
CIV,Cote d'Ivoire,Divo,2018,2.0799848303200645e+18
CIV,Cote d'Ivoire,Odienne,2018,1.7807784938503747e+18
CIV,Cote d'Ivoire,Ferkessedougou,2018,2.0939005704850207e+18
CIV,Cote d'Ivoire,Soubre,2018,1.9293308148887828e+18
CIV,Cote d'Ivoire,Sassandra,2018,1.571495348245445e+18
CIV,Cote d'Ivoire,Agboville,2018,2.1696948500331464e+18
CIV,Cote d'Ivoire,Grand-Bassam,2018,2.2297905531267438e+18
CIV,Cote d'Ivoire,Dabou,2018,2.454063775931945e+18
ETH,Ethiopia,Addis Ababa,2018,2.1383375102242058e+18
ETH,Ethiopia,Dire Dawa,2018,1.4385793364715336e+18
ETH,Ethiopia,Mekelle,2018,1.6069433197019832e+18
ETH,Ethiopia,Bahir Dar,2018,1.699345291964612e+18
ETH,Ethiopia,Hawassa,2018,1.3658904131661312e+18
ETH,Ethiopia,Adama,2018,1.4715171376287337e+18
ETH,Ethiopia,Gondar,2018,1.5105814675811917e+18
ETH,Ethiopia,Jimma,2018,1.3514698168834972e+18
ETH,Ethiopia,Dessie,2018,1.2971442699368074e+18
ETH,Ethiopia,Shashamane,2018,1.3425767330469391e+18
ETH,Ethiopia,Harar,2018,1.2030737317689426e+18
ETH,Ethiopia,Arba Minch,2018,1.0384955461319398e+18
ETH,Ethiopia,Debre Markos,2018,1.3710752619206543e+18
ETH,Ethiopia,Debre Birhan,2018,1.0922460945685007e+18
ETH,Ethiopia,Nekemte,2018,1.4732969431066783e+18
ETH,Ethiopia,Asella,2018,1.0969157467130565e+18
ETH,Ethiopia,Wolaita Sodo,2018,1.2957127909149463e+18
ETH,Ethiopia,Jijiga,2018,1.0982620855724157e+18
GAB,Gabon,Libreville,2018,2.692569046090208e+18
GAB,Gabon,Port-Gentil,2018,2.3340347556081183e+18
GAB,Gabon,Franceville,2018,2.7790558168743736e+18
GAB,Gabon,Oyem,2018,2.387979624673529e+18
GAB,Gabon,Moanda,2018,2.609576419053857e+18
GAB,Gabon,Lambarene,2018,2.47399219280578e+18
GAB,Gabon,Mouila,2018,2.0900499766360412e+18
GAB,Gabon,Koulamoutou,2018,2.37264885141978e+18
GAB,Gabon,Tchibanga,2018,2.2522144416641736e+18
GAB,Gabon,Makokou,2018,2.2255527356917775e+18
GAB,Gabon,Bitam,2018,2.330013545566726e+18
GAB,Gabon,Ndende,2018,2.2714793082562714e+18
GHA,Ghana,Accra,2018,3.254408452178599e+18
GHA,Ghana,Kumasi,2018,2.579272115746629e+18
GHA,Ghana,Tamale,2018,2.772775088891286e+18
GHA,Ghana,Sekondi-Takoradi,2018,2.2713965826844685e+18
GHA,Ghana,Sunyani,2018,2.3649095687522135e+18
GHA,Ghana,Cape Coast,2018,1.914867474725789e+18
GHA,Ghana,Koforidua,2018,2.5311455971487386e+18
GHA,Ghana,Ho,2018,2.470404871019129e+18
GHA,Ghana,Tema,2018,3.686701069806083e+18
GHA,Ghana,Obuasi,2018,2.096899310310053e+18
GHA,Ghana,Bolgatanga,2018,2.788771862136672e+18
GHA,Ghana,Wa,2018,3.874691355698825e+18
GHA,Ghana,Techiman,2018,2.519849835863243e+18
GHA,Ghana,Tarkwa,2018,2.3758639952086047e+18
GHA,Ghana,Sefwi Wiawso,2018,2.0558857518711997e+18
GHA,Ghana,Nkawkaw,2018,2.679758781356884e+18
GHA,Ghana,Dunkwa-on-Offin,2018,2.0493689063093304e+18
GHA,Ghana,Yendi,2018,2.589947467243309e+18
KEN,Kenya,Nairobi,2018,2.4844593335451515e+18
KEN,Kenya,Mombasa,2018,1.4713408194329293e+18
KEN,Kenya,Kisumu,2018,2.1846720936593523e+18
KEN,Kenya,Nakuru,2018,1.5382181280715878e+18
KEN,Kenya,Eldoret,2018,1.4761521928023877e+18
KEN,Kenya,Thika,2018,1.8199269927764577e+18
KEN,Kenya,Malindi,2018,9.663630459628841e+17
KEN,Kenya,Kitale,2018,1.3517865535421235e+18
KEN,Kenya,Garissa,2018,1.003078991058406e+18
KEN,Kenya,Nyeri,2018,1.3328463242700964e+18
KEN,Kenya,Machakos,2018,1.3317645177627482e+18
KEN,Kenya,Meru,2018,1.2747112362076124e+18
KEN,Kenya,Kericho,2018,1.695124658219056e+18
KEN,Kenya,Naivasha,2018,1.562475421673427e+18
KEN,Kenya,Embu,2018,1.307200465054571e+18
KEN,Kenya,Lodwar,2018,9.196748020644904e+17
KEN,Kenya,Isiolo,2018,1.1732627927908595e+18
KEN,Kenya,Wajir,2018,8.625342653731002e+17
LSO,Lesotho,Maseru,2018,1.8438587001675167e+18
LSO,Lesotho,Teyateyaneng,2018,1.8186852442550313e+18
LSO,Lesotho,Mafeteng,2018,1.7448228584669745e+18
LBR,Liberia,Monrovia,2018,1.7216308956787187e+18
LBR,Liberia,Gbarnga,2018,1.61515628146592e+18
LBR,Liberia,Buchanan,2018,1.600897689975743e+18
LBR,Liberia,Harper,2018,1.5882625116956984e+18
LBR,Liberia,Voinjama,2018,1.6954964974132214e+18
LBR,Liberia,Zwedru,2018,1.6659741498360317e+18
LBR,Liberia,Kakata,2018,1.7576890143600302e+18
LBR,Liberia,Greenville,2018,1.5827255309788872e+18
LBR,Liberia,Tubmanburg,2018,1.667278864263382e+18
LBR,Liberia,Ganta,2018,1.6256185600220344e+18
LBR,Liberia,Robertsport,2018,1.5645034381931387e+18
LBR,Liberia,Fish Town,2018,1.7707746332614694e+18
MDG,Madagascar,Antananarivo,2018,2.3667225100989983e+18
MDG,Madagascar,Toamasina,2018,1.3280455082377938e+18
MDG,Madagascar,Antsirabe,2018,1.9502441998387735e+18
MDG,Madagascar,Mahajanga,2018,1.7520219204648998e+18
MDG,Madagascar,Fianarantsoa,2018,1.8491919153904156e+18
MDG,Madagascar,Toliara,2018,1.5081294954150607e+18
MDG,Madagascar,Antsiranana,2018,1.1083486278352438e+18
MDG,Madagascar,Morondava,2018,1.900473745021584e+18
MDG,Madagascar,Sambava,2018,1.1024605544141686e+18
MDG,Madagascar,Ambatondrazaka,2018,1.9326767054414518e+18
MDG,Madagascar,Farafangana,2018,1.5036918509616364e+18
MDG,Madagascar,Mananjary,2018,1.305826895376153e+18
MDG,Madagascar,Manakara,2018,1.3562058278766098e+18
MDG,Madagascar,Antalaha,2018,1.1016144409809641e+18
MDG,Madagascar,Hell-Ville,2018,1.4510197887315164e+18
MDG,Madagascar,Marovoay,2018,2.005691699994944e+18
MDG,Madagascar,Ambanja,2018,1.5914498302450893e+18
MWI,Malawi,Lilongwe,2018,2.9425427953275433e+18
MWI,Malawi,Blantyre,2018,3.255772725477196e+18
MWI,Malawi,Mzuzu,2018,2.4800372077652777e+18
MWI,Malawi,Zomba,2018,3.066132340558125e+18
MWI,Malawi,Karonga,2018,2.3697148056883845e+18
MWI,Malawi,Mangochi,2018,3.121344851652353e+18
MWI,Malawi,Salima,2018,2.425900376714381e+18
MLI,Mali,Bamako,2018,2.850961695374885e+18
MLI,Mali,Sikasso,2018,1.8437032042010885e+18
MLI,Mali,Mopti,2018,1.9704496573564221e+18
MLI,Mali,Koutiala,2018,1.839167269761077e+18
MLI,Mali,Kayes,2018,2.659601969280595e+18
MLI,Mali,Segou,2018,1.88212747447288e+18
MWI,Malawi,Karonga,2018,2.3697148056883845e+18
MWI,Malawi,Mangochi,2018,3.121344851652353e+18
MWI,Malawi,Salima,2018,2.425900376714381e+18
MRT,Mauritania,Nouakchott,2018,1.7798771167036472e+18
MRT,Mauritania,Nouadhibou,2018,1.3702532883648668e+18
MRT,Mauritania,Rosso,2018,1.7299257586221312e+18
MRT,Mauritania,Zouerate,2018,1.394970708211483e+18
MRT,Mauritania,Atar,2018,1.172601245373909e+18
MRT,Mauritania,Kaedi,2018,1.843920446390963e+18
MOZ,Mozambique,Maputo,2018,4.612517447247263e+18
MOZ,Mozambique,Matola,2018,4.881385919282916e+18
MOZ,Mozambique,Beira,2018,2.1190528340006339e+18
MOZ,Mozambique,Nampula,2018,2.7982081140941865e+18
MOZ,Mozambique,Chimoio,2018,4.272435775124132e+18
MOZ,Mozambique,Nacala,2018,1.6371678264492938e+18
MOZ,Mozambique,Quelimane,2018,2.507777440526131e+18
MOZ,Mozambique,Tete,2018,3.024498377995391e+18
MOZ,Mozambique,Pemba,2018,1.692999144819153e+18
MOZ,Mozambique,Lichinga,2018,3.3310218453764746e+18
MOZ,Mozambique,Xai-Xai,2018,2.2977535840945518e+18
MOZ,Mozambique,Maxixe,2018,1.6704795477555471e+18
NGA,Nigeria,Lagos,2018,7.021527977994826e+18
NGA,Nigeria,Abuja,2018,4.31406339968448e+18
NGA,Nigeria,Kano,2018,3.2012471367225457e+18
NGA,Nigeria,Ibadan,2018,3.758353405654237e+18
NGA,Nigeria,Port Harcourt,2018,4.5901725995219456e+18
NGA,Nigeria,Benin City,2018,3.5932685473090017e+18
NGA,Nigeria,Onitsha,2018,4.199243701767367e+18
NGA,Nigeria,Aba,2018,4.080546456619604e+18
NGA,Nigeria,Kaduna,2018,2.782321660971861e+18
NGA,Nigeria,Enugu,2018,3.9918990585714806e+18
NGA,Nigeria,Ilorin,2018,2.7460923244964557e+18
NGA,Nigeria,Warri,2018,3.965920775487907e+18
NGA,Nigeria,Maiduguri,2018,2.7808285412079273e+18
NGA,Nigeria,Zaria,2018,2.666289759307836e+18
NGA,Nigeria,Sokoto,2018,2.4731589326685624e+18
NGA,Nigeria,Uyo,2018,3.885424577172141e+18
NGA,Nigeria,Jos,2018,2.5227620876788e+18
NGA,Nigeria,Calabar,2018,3.2209040461196017e+18
ZAF,South Africa,Johannesburg,2018,1.574518861427437e+19
ZAF,South Africa,Cape Town,2018,3.4496030533713556e+18
ZAF,South Africa,Durban,2018,5.17702807096577e+18
ZAF,South Africa,Pretoria,2018,9.965463445243824e+18
ZAF,South Africa,Port Elizabeth,2018,1.7019892329065912e+18
ZAF,South Africa,Bloemfontein,2018,2.2278400524211543e+18
ZAF,South Africa,East London,2018,1.752693873893416e+18
ZAF,South Africa,Soweto,2018,1.2430377500319543e+19
ZAF,South Africa,Pietermaritzburg,2018,4.5225471976388905e+18
ZAF,South Africa,Polokwane,2018,3.268529565715427e+18
ZAF,South Africa,Rustenburg,2018,5.511139947527865e+18
ZMB,Zambia,Lusaka,2018,3.967884227681969e+18
ZMB,Zambia,Kitwe,2018,4.779544109568433e+18
ZMB,Zambia,Ndola,2018,5.29133733432219e+18
ZMB,Zambia,Kabwe,2018,3.5302931465429043e+18
ZMB,Zambia,Chingola,2018,4.627692511672852e+18
ZMB,Zambia,Livingstone,2018,2.796424158765529e+18
ZMB,Zambia,Solwezi,2018,5.261162638152546e+18
ZMB,Zambia,Mufulira,2018,4.5508870134836337e+18
ZMB,Zambia,Luanshya,2018,4.932709020963215e+18
ZWE,Zimbabwe,Harare,2018,3.653882675609653e+18
ZWE,Zimbabwe,Bulawayo,2018,2.919771412608849e+18
ZWE,Zimbabwe,Chitungwiza,2018,3.3469211937465134e+18
ZWE,Zimbabwe,Mutare,2018,2.6247081333334897e+18
ZWE,Zimbabwe,Gweru,2018,2.691888477904846e+18
ZWE,Zimbabwe,Kwekwe,2018,2.68074783642752e+18
ZWE,Zimbabwe,Masvingo,2018,2.155609866140908e+18
ZWE,Zimbabwe,Chinhoyi,2018,3.61315892165116e+18
ZWE,Zimbabwe,Kadoma,2018,3.191609681038692e+18
ZWE,Zimbabwe,Victoria Falls,2018,2.6689373478477455e+18
ZWE,Zimbabwe,Redcliff,2018,2.730683821940644e+18
ZWE,Zimbabwe,Norton,2018,3.659490494558901e+18
ZWE,Zimbabwe,Hwange,2018,3.036731141464944e+18
ZWE,Zimbabwe,Victoria Falls,2018,2.6689373478477455e+18
ZWE,Zimbabwe,Bulawayo,2018,2.919771412608849e+18
ZWE,Zimbabwe,Chegutu,2018,3.428541949981306e+18
ZWE,Zimbabwe,Kadoma,2018,3.191609681038692e+18
COM,Comoros,Moroni,2018,1.170155234549501e+18
COM,Comoros,Mutsamudu,2018,1.1256713985723316e+18
COM,Comoros,Fomboni,2018,1.1735754194165985e+18
ERI,Eritrea,Asmara,2018,1.507537743157828e+18
ERI,Eritrea,Keren,2018,1.64291410926763e+18
ERI,Eritrea,Massawa,2018,1.7658387450304497e+18
GNQ,Equatorial Guinea,Malabo,2018,3.1274128028160415e+18
GNQ,Equatorial Guinea,Bata,2018,2.347366636476289e+18
GNQ,Equatorial Guinea,Ebibeyin,2018,2.3180300836678026e+18
GMB,Gambia,Banjul,2018,2.3217772511954196e+18
GMB,Gambia,Serekunda,2018,2.3436864560293985e+18
GMB,Gambia,Brikama,2018,2.260237125230427e+18
GIN,Guinea,Conakry,2018,3.0168978330887547e+18
GIN,Guinea,Kankan,2018,2.4050288819244964e+18
GIN,Guinea,Kindia,2018,2.306270972887495e+18
GIN,Guinea,Nzérékoré,2018,1.7950987722258094e+18
GIN,Guinea,Labe,2018,2.0329476706510682e+18
GIN,Guinea,Fria,2018,2.4644722837495235e+18
GNB,Guinea-Bissau,Bissau,2018,2.0959326097137398e+18
GNB,Guinea-Bissau,Bafatá,2018,2.0650260479459773e+18
GNB,Guinea-Bissau,Gabú,2018,1.9961872929918244e+18
NAM,Namibia,Windhoek,2018,1.7198319450257126e+18
NAM,Namibia,Walvis Bay,2018,1.5170211650786496e+18
NAM,Namibia,Swakopmund,2018,1.560542195777758e+18
NAM,Namibia,Rundu,2018,3.4711651704202476e+18
NAM,Namibia,Oshakati,2018,2.316773234404196e+18
NAM,Namibia,Otjiwarongo,2018,1.703474073291328e+18
NER,Niger,Niamey,2018,2.2987123507921562e+18
NER,Niger,Zinder,2018,1.8742263311769329e+18
NER,Niger,Maradi,2018,2.0261918011436836e+18
NER,Niger,Agadez,2018,1.6063862106021107e+18
NER,Niger,Tahoua,2018,1.9226507964631475e+18
RWA,Rwanda,Kigali,2018,2.0713259522801464e+18
RWA,Rwanda,Huye,2018,1.9112348150307005e+18
RWA,Rwanda,Rubavu,2018,1.641022151814999e+18
RWA,Rwanda,Musanze,2018,1.4949253152956134e+18
RWA,Rwanda,Rusizi,2018,1.9222706513687903e+18
STP,Sao Tome and Principe,São Tomé,2018,1.8009379178992773e+18
STP,Sao Tome and Principe,Santo António,2018,1.859179411106803e+18
STP,Sao Tome and Principe,Neves,2018,1.798982913245093e+18
SEN,Senegal,Ziguinchor,2018,1.9706099638348636e+18
SEN,Senegal,Tambacounda,2018,2.715541807239431e+18
SEN,Senegal,Dakar,2018,3.216884869783432e+18
SEN,Senegal,Thiès,2018,2.8758787983817364e+18
SEN,Senegal,Saint-Louis,2018,1.6918426949168584e+18
SEN,Senegal,Kaolack,2018,2.5625368037286595e+18
SLE,Sierra Leone,Freetown,2018,2.13562938490103e+18
SLE,Sierra Leone,Bo,2018,1.7025869355825382e+18
SLE,Sierra Leone,Kenema,2018,1.6312495984262653e+18
SLE,Sierra Leone,Makeni,2018,1.922021456871905e+18
SOM,Somalia,Mogadishu,2018,8.191457644645501e+17
SOM,Somalia,Hargeisa,2018,1.142093574935946e+18
SOM,Somalia,Bosaso,2018,1.2184736752133312e+18
SOM,Somalia,Kismayo,2018,6.74166277575009e+17
SOM,Somalia,Baidoa,2018,7.258406464116621e+17
SSD,South Sudan,Juba,2018,3.625293452160292e+18
SSD,South Sudan,Wau,2018,3.227354373313153e+18
SSD,South Sudan,Malakal,2018,3.263267061649369e+18
SSD,South Sudan,Bor,2018,3.0608447498077317e+18
SDN,Sudan,Khartoum,2018,4.118268628390557e+18
SDN,Sudan,Omdurman,2018,3.9173127828712136e+18
SDN,Sudan,Port Sudan,2018,2.0154234386245002e+18
SDN,Sudan,Nyala,2018,2.092176784678009e+18
SDN,Sudan,Ed Damer,2018,2.2502828977985674e+18
SDN,Sudan,El Obeid,2018,2.1095588265972582e+18
SDN,Sudan,Kassala,2018,2.1833788202331804e+18
SDN,Sudan,Wad Madani,2018,2.5855120348543007e+18
SDN,Sudan,Kosti,2018,2.6375600950683433e+18
SDN,Sudan,Rabak,2018,2.6611140478132716e+18
SDN,Sudan,El Obeid,2018,2.1095588265972582e+18
SDN,Sudan,Sennar,2018,2.376051781304809e+18
SDN,Sudan,Wad Madani,2018,2.5855120348543007e+18
SDN,Sudan,Kosti,2018,2.6375600950683433e+18
SDN,Sudan,Rabak,2018,2.6611140478132716e+18
SDN,Sudan,Sennar,2018,2.376051781304809e+18
TZA,Tanzania,Dar es Salaam,2018,2.0342878830437363e+18
TZA,Tanzania,Dodoma,2018,1.7023940170676378e+18
TZA,Tanzania,Mwanza,2018,1.9129679570071142e+18
TZA,Tanzania,Arusha,2018,1.3644177382805453e+18
TZA,Tanzania,Zanzibar City,2018,1.4240009041410156e+18
TZA,Tanzania,Mbeya,2018,2.1833179982165693e+18
TZA,Tanzania,Tabora,2018,2.0721057627056148e+18
TGO,Togo,Lomé,2018,2.581645558217547e+18
TGO,Togo,Sokodé,2018,2.7338082914281626e+18
TGO,Togo,Kara,2018,2.798325854532426e+18
TGO,Togo,Atakpamé,2018,2.4048431146196244e+18
UGA,Uganda,Kampala,2018,2.071646782925365e+18
UGA,Uganda,Entebbe,2018,1.6139075267202383e+18
UGA,Uganda,Jinja,2018,1.668403929618427e+18
UGA,Uganda,Mbarara,2018,1.7693499702216758e+18
UGA,Uganda,Gulu,2018,1.7150739561029893e+18
UGA,Uganda,Fort Portal,2018,1.6792498421068928e+18
AGO,Angola,Luanda,2019,5.090620059155419e+18
AGO,Angola,Benguela,2019,2.590903710938064e+18
AGO,Angola,Lobito,2019,2.6942993358159084e+18
AGO,Angola,Huambo,2019,3.9734377012546406e+18
AGO,Angola,Lubango,2019,2.2821214554168852e+18
AGO,Angola,Cabinda,2019,3.252882766536642e+18
AGO,Angola,Malanje,2019,5.008208968780741e+18
AGO,Angola,Namibe,2019,1.8991982829693166e+18
AGO,Angola,Sumbe,2019,2.6646902619101993e+18
AGO,Angola,Uige,2019,4.5327643181102234e+18
AGO,Angola,Soyo,2019,3.096490724826046e+18
BEN,Benin,Bohicon,2019,2.5899169591536497e+18
BEN,Benin,Abomey,2019,2.5509256021252634e+18
BEN,Benin,Ouidah,2019,2.319920370719441e+18
BEN,Benin,Kandi,2019,2.1317779263190912e+18
BEN,Benin,Natitingou,2019,3.093652607119618e+18
BEN,Benin,Save,2019,2.1641040597284045e+18
BEN,Benin,Savalou,2019,2.2873374250590866e+18
BEN,Benin,Comé,2019,2.3828916399641846e+18
BEN,Benin,Allada,2019,2.5701308030699756e+18
BEN,Benin,Dogbo,2019,2.677489041454978e+18
BEN,Benin,Lokossa,2019,2.800779076892474e+18
BEN,Benin,Tchaourou,2019,2.0562510999636244e+18
BEN,Benin,Malanville,2019,2.1697792610091817e+18
BEN,Benin,Tanguiéta,2019,3.3071751806491003e+18
BEN,Benin,Bassila,2019,2.0412757794024942e+18
BEN,Benin,Pobe,2019,2.956265444569056e+18
BEN,Benin,Ketou,2019,2.693394184738982e+18
BWA,Botswana,Gaborone,2019,2.7887981072406564e+18
BWA,Botswana,Francistown,2019,2.1076546614425969e+18
BWA,Botswana,Maun,2019,2.154477143986345e+18
BWA,Botswana,Serowe,2019,2.125772462774535e+18
BWA,Botswana,Kanye,2019,2.2034718634916982e+18
BWA,Botswana,Molepolole,2019,2.3079065195992586e+18
BWA,Botswana,Mochudi,2019,2.6916944026188436e+18
BWA,Botswana,Selebi-Phikwe,2019,2.1949012232541868e+18
BWA,Botswana,Palapye,2019,2.2960819059900529e+18
BWA,Botswana,Lobatse,2019,2.2653746876118543e+18
BWA,Botswana,Ramotswa,2019,2.635958937958235e+18
BWA,Botswana,Letlhakane,2019,2.0010651509800422e+18
BWA,Botswana,Orapa,2019,1.9841879060692785e+18
BWA,Botswana,Kasane,2019,3.1824514781924424e+18
BWA,Botswana,Ghanzi,2019,1.7419700453304668e+18
BWA,Botswana,Jwaneng,2019,2.244775257819959e+18
BWA,Botswana,Tsabong,2019,1.3914812916554342e+18
BWA,Botswana,Shoshong,2019,2.2441394057060562e+18
BFA,Burkina Faso,Ouagadougou,2019,2.690926188696139e+18
BFA,Burkina Faso,Bobo-Dioulasso,2019,2.2248504391519565e+18
BFA,Burkina Faso,Koudougou,2019,2.1782076904839475e+18
BFA,Burkina Faso,Banfora,2019,1.9810519019254351e+18
BFA,Burkina Faso,Ouahigouya,2019,1.9413074009421066e+18
BFA,Burkina Faso,Kaya,2019,1.9677954052543995e+18
BFA,Burkina Faso,Tenkodogo,2019,2.0220925725032125e+18
BFA,Burkina Faso,Fada N'Gourma,2019,2.1448991978895117e+18
BFA,Burkina Faso,Dedougou,2019,2.1327316873607388e+18
BFA,Burkina Faso,Dori,2019,1.9918250376256138e+18
BFA,Burkina Faso,Gaoua,2019,3.184667713692107e+18
BFA,Burkina Faso,Kongoussi,2019,2.059921426602093e+18
BFA,Burkina Faso,Manga,2019,2.0710852720157066e+18
BFA,Burkina Faso,Reo,2019,2.1948277075217206e+18
BFA,Burkina Faso,Ziniare,2019,2.1916878773674716e+18
BFA,Burkina Faso,Hounde,2019,2.2062551560768092e+18
BFA,Burkina Faso,Po,2019,2.4697356729892127e+18
BFA,Burkina Faso,Leo,2019,2.439968844443452e+18
BDI,Burundi,Bujumbura,2019,2.3531823697365545e+18
BDI,Burundi,Gitega,2019,1.6892649265163494e+18
BDI,Burundi,Ngozi,2019,1.7364057533871406e+18
BDI,Burundi,Rumonge,2019,1.904285334679132e+18
BDI,Burundi,Bururi,2019,1.6660926780988948e+18
BDI,Burundi,Muyinga,2019,1.994257264310682e+18
BDI,Burundi,Ruyigi,2019,2.0139015538742697e+18
BDI,Burundi,Makamba,2019,1.8241845982318008e+18
BDI,Burundi,Kayanza,2019,1.6831635769592566e+18
BDI,Burundi,Muramvya,2019,1.8609136691022203e+18
BDI,Burundi,Cibitoke,2019,2.3048529849514985e+18
BDI,Burundi,Karuzi,2019,1.8622743994436055e+18
BDI,Burundi,Kirundo,2019,1.9454147196552284e+18
BDI,Burundi,Mwaro,2019,1.5366163689749292e+18
BDI,Burundi,Nyanza-Lac,2019,2.1194333158120873e+18
CMR,Cameroon,Douala,2019,3.0705778667859866e+18
CMR,Cameroon,Yaounde,2019,2.866040068267219e+18
CMR,Cameroon,Garoua,2019,2.676307881436781e+18
CMR,Cameroon,Bamenda,2019,2.499340175832526e+18
CMR,Cameroon,Maroua,2019,2.5327037798049946e+18
CMR,Cameroon,Ngaoundere,2019,2.6615747960240205e+18
CMR,Cameroon,Bafoussam,2019,2.9258717071850383e+18
CMR,Cameroon,Bertoua,2019,2.432801676494846e+18
CMR,Cameroon,Ebolowa,2019,2.3217475527510804e+18
CMR,Cameroon,Kribi,2019,2.331343542279714e+18
CMR,Cameroon,Limbe,2019,2.62815181330271e+18
CMR,Cameroon,Kumba,2019,2.638691632940675e+18
CMR,Cameroon,Nkongsamba,2019,2.652342559839196e+18
CMR,Cameroon,Edea,2019,2.78663215991547e+18
CMR,Cameroon,Sangmelima,2019,2.3609269314489523e+18
CMR,Cameroon,Foumban,2019,2.8424877019145436e+18
CMR,Cameroon,Dschang,2019,2.7031016224325504e+18
CMR,Cameroon,Kousseri,2019,2.578930661745573e+18
CAF,Central African Republic,Bangui,2019,3.460284663819295e+18
CAF,Central African Republic,Bimbo,2019,3.183974354930384e+18
CAF,Central African Republic,Berberati,2019,3.3321738760221174e+18
CAF,Central African Republic,Bambari,2019,3.1701445143163013e+18
CAF,Central African Republic,Bouar,2019,4.1118295697250673e+18
CAF,Central African Republic,Bossangoa,2019,3.210420362653184e+18
CAF,Central African Republic,Bria,2019,2.90762793642411e+18
CAF,Central African Republic,Bangassou,2019,2.478678653783884e+18
CAF,Central African Republic,Kaga-Bandoro,2019,2.97187768308964e+18
CAF,Central African Republic,Mbaiki,2019,2.825285308094936e+18
CAF,Central African Republic,Bozoum,2019,3.309000351314006e+18
CAF,Central African Republic,Carnot,2019,6.342838922524043e+18
CAF,Central African Republic,Sibut,2019,2.9629941378457313e+18
CAF,Central African Republic,Alindao,2019,3.226322693701247e+18
CAF,Central African Republic,Mobaye,2019,2.8440543052613253e+18
CAF,Central African Republic,Nola,2019,2.6013058621077944e+18
TCD,Chad,N'Djamena,2019,2.5630861140595697e+18
TCD,Chad,Moundou,2019,2.9561689221673917e+18
TCD,Chad,Sarh,2019,3.4747975815763896e+18
TCD,Chad,Abeche,2019,1.9618576502467482e+18
TCD,Chad,Kelo,2019,2.6025521379852887e+18
TCD,Chad,Koumra,2019,2.601043365080312e+18
TCD,Chad,Pala,2019,2.63742337088091e+18
TCD,Chad,Am Timan,2019,2.8537495382707046e+18
TCD,Chad,Bongor,2019,2.663717150634529e+18
TCD,Chad,Mongo,2019,2.298561938898416e+18
TCD,Chad,Faya-Largeau,2019,1.279960973777128e+18
TCD,Chad,Doba,2019,3.019712297095858e+18
TCD,Chad,Ati,2019,2.1340989942537446e+18
TCD,Chad,Biltine,2019,1.888738514011196e+18
TCD,Chad,Mao,2019,1.8508848767119462e+18
TCD,Chad,Massakory,2019,2.0911779871056184e+18
COD,DR Congo,Kinshasa,2019,5.058326694941127e+18
COD,DR Congo,Lubumbashi,2019,5.130686083644246e+18
COD,DR Congo,Mbuji-Mayi,2019,4.031433882724538e+18
COD,DR Congo,Kisangani,2019,2.1598749569412844e+18
COD,DR Congo,Goma,2019,1.6758237863808297e+18
COD,DR Congo,Bukavu,2019,1.9174807481803471e+18
COD,DR Congo,Kananga,2019,4.591398834454905e+18
COD,DR Congo,Kolwezi,2019,4.747039183801258e+18
COD,DR Congo,Tshikapa,2019,4.47694942504831e+18
COD,DR Congo,Matadi,2019,4.498111341446872e+18
COD,DR Congo,Boma,2019,3.991797348227967e+18
COD,DR Congo,Uvira,2019,2.3038871501232896e+18
COD,DR Congo,Kindu,2019,3.122273553908003e+18
COD,DR Congo,Kalemie,2019,2.762857276861524e+18
COD,DR Congo,Likasi,2019,4.669363467398837e+18
COD,DR Congo,Kikwit,2019,5.090208352808452e+18
COD,DR Congo,Gemena,2019,2.64948019251063e+18
COD,DR Congo,Isiro,2019,1.920406181222353e+18
COG,Congo Republic,Brazzaville,2019,4.921334595348402e+18
COG,Congo Republic,Pointe-Noire,2019,3.362271856222541e+18
COG,Congo Republic,Dolisie,2019,3.853536799179103e+18
COG,Congo Republic,Nkayi,2019,4.742795722050216e+18
COG,Congo Republic,Owando,2019,2.914532227314303e+18
COG,Congo Republic,Ouesso,2019,2.3578049550025405e+18
COG,Congo Republic,Impfondo,2019,2.1762952478548623e+18
COG,Congo Republic,Sibiti,2019,3.363507425362048e+18
COG,Congo Republic,Madingou,2019,4.5364585914892646e+18
COG,Congo Republic,Kinkala,2019,4.2909087230947046e+18
COG,Congo Republic,Mossendjo,2019,2.3007765858046326e+18
COG,Congo Republic,Gamboma,2019,3.855315141064085e+18
COG,Congo Republic,Djambala,2019,3.925701719842973e+18
CIV,Cote d'Ivoire,Abidjan,2019,3.1186646783988347e+18
CIV,Cote d'Ivoire,Yamoussoukro,2019,2.4245149768895596e+18
CIV,Cote d'Ivoire,Bouake,2019,2.5422057124225577e+18
CIV,Cote d'Ivoire,Daloa,2019,2.0765694659820076e+18
CIV,Cote d'Ivoire,San-Pedro,2019,1.6065187597281518e+18
CIV,Cote d'Ivoire,Korhogo,2019,2.045555744592515e+18
CIV,Cote d'Ivoire,Man,2019,1.7846804910562196e+18
CIV,Cote d'Ivoire,Gagnoa,2019,1.9884674757392604e+18
CIV,Cote d'Ivoire,Abengourou,2019,2.1955787283478912e+18
CIV,Cote d'Ivoire,Bondoukou,2019,2.9213687134777236e+18
CIV,Cote d'Ivoire,Divo,2019,2.0799848303200645e+18
CIV,Cote d'Ivoire,Odienne,2019,1.7807784938503747e+18
CIV,Cote d'Ivoire,Ferkessedougou,2019,2.0939005704850207e+18
CIV,Cote d'Ivoire,Soubre,2019,1.9293308148887828e+18
CIV,Cote d'Ivoire,Sassandra,2019,1.571495348245445e+18
CIV,Cote d'Ivoire,Agboville,2019,2.1696948500331464e+18
CIV,Cote d'Ivoire,Grand-Bassam,2019,2.2297905531267438e+18
CIV,Cote d'Ivoire,Dabou,2019,2.454063775931945e+18
ETH,Ethiopia,Addis Ababa,2019,2.1383375102242058e+18
ETH,Ethiopia,Dire Dawa,2019,1.4385793364715336e+18
ETH,Ethiopia,Mekelle,2019,1.6069433197019832e+18
ETH,Ethiopia,Bahir Dar,2019,1.699345291964612e+18
ETH,Ethiopia,Hawassa,2019,1.3658904131661312e+18
ETH,Ethiopia,Adama,2019,1.4715171376287337e+18
ETH,Ethiopia,Gondar,2019,1.5105814675811917e+18
ETH,Ethiopia,Jimma,2019,1.3514698168834972e+18
ETH,Ethiopia,Dessie,2019,1.2971442699368074e+18
ETH,Ethiopia,Shashamane,2019,1.3425767330469391e+18
ETH,Ethiopia,Harar,2019,1.2030737317689426e+18
ETH,Ethiopia,Arba Minch,2019,1.0384955461319398e+18
ETH,Ethiopia,Debre Markos,2019,1.3710752619206543e+18
ETH,Ethiopia,Debre Birhan,2019,1.0922460945685007e+18
ETH,Ethiopia,Nekemte,2019,1.4732969431066783e+18
ETH,Ethiopia,Asella,2019,1.0969157467130565e+18
ETH,Ethiopia,Wolaita Sodo,2019,1.2957127909149463e+18
ETH,Ethiopia,Jijiga,2019,1.0982620855724157e+18
GAB,Gabon,Libreville,2019,2.692569046090208e+18
GAB,Gabon,Port-Gentil,2019,2.3340347556081183e+18
GAB,Gabon,Franceville,2019,2.7790558168743736e+18
GAB,Gabon,Oyem,2019,2.387979624673529e+18
GAB,Gabon,Moanda,2019,2.609576419053857e+18
GAB,Gabon,Lambarene,2019,2.47399219280578e+18
GAB,Gabon,Mouila,2019,2.0900499766360412e+18
GAB,Gabon,Koulamoutou,2019,2.37264885141978e+18
GAB,Gabon,Tchibanga,2019,2.2522144416641736e+18
GAB,Gabon,Makokou,2019,2.2255527356917775e+18
GAB,Gabon,Bitam,2019,2.330013545566726e+18
GAB,Gabon,Ndende,2019,2.2714793082562714e+18
GHA,Ghana,Accra,2019,3.254408452178599e+18
GHA,Ghana,Kumasi,2019,2.579272115746629e+18
GHA,Ghana,Tamale,2019,2.772775088891286e+18
GHA,Ghana,Sekondi-Takoradi,2019,2.2713965826844685e+18
GHA,Ghana,Sunyani,2019,2.3649095687522135e+18
GHA,Ghana,Cape Coast,2019,1.914867474725789e+18
GHA,Ghana,Koforidua,2019,2.5311455971487386e+18
GHA,Ghana,Ho,2019,2.470404871019129e+18
GHA,Ghana,Tema,2019,3.686701069806083e+18
GHA,Ghana,Obuasi,2019,2.096899310310053e+18
GHA,Ghana,Bolgatanga,2019,2.788771862136672e+18
GHA,Ghana,Wa,2019,3.874691355698825e+18
GHA,Ghana,Techiman,2019,2.519849835863243e+18
GHA,Ghana,Tarkwa,2019,2.3758639952086047e+18
GHA,Ghana,Sefwi Wiawso,2019,2.0558857518711997e+18
GHA,Ghana,Nkawkaw,2019,2.679758781356884e+18
GHA,Ghana,Dunkwa-on-Offin,2019,2.0493689063093304e+18
GHA,Ghana,Yendi,2019,2.589947467243309e+18
KEN,Kenya,Nairobi,2019,2.4844593335451515e+18
KEN,Kenya,Mombasa,2019,1.4713408194329293e+18
KEN,Kenya,Kisumu,2019,2.1846720936593523e+18
KEN,Kenya,Nakuru,2019,1.5382181280715878e+18
KEN,Kenya,Eldoret,2019,1.4761521928023877e+18
KEN,Kenya,Thika,2019,1.8199269927764577e+18
KEN,Kenya,Malindi,2019,9.663630459628841e+17
KEN,Kenya,Kitale,2019,1.3517865535421235e+18
KEN,Kenya,Garissa,2019,1.003078991058406e+18
KEN,Kenya,Nyeri,2019,1.3328463242700964e+18
KEN,Kenya,Machakos,2019,1.3317645177627482e+18
KEN,Kenya,Meru,2019,1.2747112362076124e+18
KEN,Kenya,Kericho,2019,1.695124658219056e+18
KEN,Kenya,Naivasha,2019,1.562475421673427e+18
KEN,Kenya,Embu,2019,1.307200465054571e+18
KEN,Kenya,Lodwar,2019,9.196748020644904e+17
KEN,Kenya,Isiolo,2019,1.1732627927908595e+18
KEN,Kenya,Wajir,2019,8.625342653731002e+17
LSO,Lesotho,Maseru,2019,1.8438587001675167e+18
LSO,Lesotho,Teyateyaneng,2019,1.8186852442550313e+18
LSO,Lesotho,Mafeteng,2019,1.7448228584669745e+18
LBR,Liberia,Monrovia,2019,1.7216308956787187e+18
LBR,Liberia,Gbarnga,2019,1.61515628146592e+18
LBR,Liberia,Buchanan,2019,1.600897689975743e+18
LBR,Liberia,Harper,2019,1.5882625116956984e+18
LBR,Liberia,Voinjama,2019,1.6954964974132214e+18
LBR,Liberia,Zwedru,2019,1.6659741498360317e+18
LBR,Liberia,Kakata,2019,1.7576890143600302e+18
LBR,Liberia,Greenville,2019,1.5827255309788872e+18
LBR,Liberia,Tubmanburg,2019,1.667278864263382e+18
LBR,Liberia,Ganta,2019,1.6256185600220344e+18
LBR,Liberia,Robertsport,2019,1.5645034381931387e+18
LBR,Liberia,Fish Town,2019,1.7707746332614694e+18
MDG,Madagascar,Antananarivo,2019,2.3667225100989983e+18
MDG,Madagascar,Toamasina,2019,1.3280455082377938e+18
MDG,Madagascar,Antsirabe,2019,1.9502441998387735e+18
MDG,Madagascar,Mahajanga,2019,1.7520219204648998e+18
MDG,Madagascar,Fianarantsoa,2019,1.8491919153904156e+18
MDG,Madagascar,Toliara,2019,1.5081294954150607e+18
MDG,Madagascar,Antsiranana,2019,1.1083486278352438e+18
MDG,Madagascar,Morondava,2019,1.900473745021584e+18
MDG,Madagascar,Sambava,2019,1.1024605544141686e+18
MDG,Madagascar,Ambatondrazaka,2019,1.9326767054414518e+18
MDG,Madagascar,Farafangana,2019,1.5036918509616364e+18
MDG,Madagascar,Mananjary,2019,1.305826895376153e+18
MDG,Madagascar,Manakara,2019,1.3562058278766098e+18
MDG,Madagascar,Antalaha,2019,1.1016144409809641e+18
MDG,Madagascar,Hell-Ville,2019,1.4510197887315164e+18
MDG,Madagascar,Marovoay,2019,2.005691699994944e+18
MDG,Madagascar,Ambanja,2019,1.5914498302450893e+18
MWI,Malawi,Lilongwe,2019,2.9425427953275433e+18
MWI,Malawi,Blantyre,2019,3.255772725477196e+18
MWI,Malawi,Mzuzu,2019,2.4800372077652777e+18
MWI,Malawi,Zomba,2019,3.066132340558125e+18
MWI,Malawi,Karonga,2019,2.3697148056883845e+18
MWI,Malawi,Mangochi,2019,3.121344851652353e+18
MWI,Malawi,Salima,2019,2.425900376714381e+18
MLI,Mali,Bamako,2019,2.850961695374885e+18
MLI,Mali,Sikasso,2019,1.8437032042010885e+18
MLI,Mali,Mopti,2019,1.9704496573564221e+18
MLI,Mali,Koutiala,2019,1.839167269761077e+18
MLI,Mali,Kayes,2019,2.659601969280595e+18
MLI,Mali,Segou,2019,1.88212747447288e+18
MWI,Malawi,Karonga,2019,2.3697148056883845e+18
MWI,Malawi,Mangochi,2019,3.121344851652353e+18
MWI,Malawi,Salima,2019,2.425900376714381e+18
MRT,Mauritania,Nouakchott,2019,1.7798771167036472e+18
MRT,Mauritania,Nouadhibou,2019,1.3702532883648668e+18
MRT,Mauritania,Rosso,2019,1.7299257586221312e+18
MRT,Mauritania,Zouerate,2019,1.394970708211483e+18
MRT,Mauritania,Atar,2019,1.172601245373909e+18
MRT,Mauritania,Kaedi,2019,1.843920446390963e+18
MOZ,Mozambique,Maputo,2019,4.612517447247263e+18
MOZ,Mozambique,Matola,2019,4.881385919282916e+18
MOZ,Mozambique,Beira,2019,2.1190528340006339e+18
MOZ,Mozambique,Nampula,2019,2.7982081140941865e+18
MOZ,Mozambique,Chimoio,2019,4.272435775124132e+18
MOZ,Mozambique,Nacala,2019,1.6371678264492938e+18
MOZ,Mozambique,Quelimane,2019,2.507777440526131e+18
MOZ,Mozambique,Tete,2019,3.024498377995391e+18
MOZ,Mozambique,Pemba,2019,1.692999144819153e+18
MOZ,Mozambique,Lichinga,2019,3.3310218453764746e+18
MOZ,Mozambique,Xai-Xai,2019,2.2977535840945518e+18
MOZ,Mozambique,Maxixe,2019,1.6704795477555471e+18
NGA,Nigeria,Lagos,2019,7.021527977994826e+18
NGA,Nigeria,Abuja,2019,4.31406339968448e+18
NGA,Nigeria,Kano,2019,3.2012471367225457e+18
NGA,Nigeria,Ibadan,2019,3.758353405654237e+18
NGA,Nigeria,Port Harcourt,2019,4.5901725995219456e+18
NGA,Nigeria,Benin City,2019,3.5932685473090017e+18
NGA,Nigeria,Onitsha,2019,4.199243701767367e+18
NGA,Nigeria,Aba,2019,4.080546456619604e+18
NGA,Nigeria,Kaduna,2019,2.782321660971861e+18
NGA,Nigeria,Enugu,2019,3.9918990585714806e+18
NGA,Nigeria,Ilorin,2019,2.7460923244964557e+18
NGA,Nigeria,Warri,2019,3.965920775487907e+18
NGA,Nigeria,Maiduguri,2019,2.7808285412079273e+18
NGA,Nigeria,Zaria,2019,2.666289759307836e+18
NGA,Nigeria,Sokoto,2019,2.4731589326685624e+18
NGA,Nigeria,Uyo,2019,3.885424577172141e+18
NGA,Nigeria,Jos,2019,2.5227620876788e+18
NGA,Nigeria,Calabar,2019,3.2209040461196017e+18
ZAF,South Africa,Johannesburg,2019,1.574518861427437e+19
ZAF,South Africa,Cape Town,2019,3.4496030533713556e+18
ZAF,South Africa,Durban,2019,5.17702807096577e+18
ZAF,South Africa,Pretoria,2019,9.965463445243824e+18
ZAF,South Africa,Port Elizabeth,2019,1.7019892329065912e+18
ZAF,South Africa,Bloemfontein,2019,2.2278400524211543e+18
ZAF,South Africa,East London,2019,1.752693873893416e+18
ZAF,South Africa,Soweto,2019,1.2430377500319543e+19
ZAF,South Africa,Pietermaritzburg,2019,4.5225471976388905e+18
ZAF,South Africa,Polokwane,2019,3.268529565715427e+18
ZAF,South Africa,Rustenburg,2019,5.511139947527865e+18
ZMB,Zambia,Lusaka,2019,3.967884227681969e+18
ZMB,Zambia,Kitwe,2019,4.779544109568433e+18
ZMB,Zambia,Ndola,2019,5.29133733432219e+18
ZMB,Zambia,Kabwe,2019,3.5302931465429043e+18
ZMB,Zambia,Chingola,2019,4.627692511672852e+18
ZMB,Zambia,Livingstone,2019,2.796424158765529e+18
ZMB,Zambia,Solwezi,2019,5.261162638152546e+18
ZMB,Zambia,Mufulira,2019,4.5508870134836337e+18
ZMB,Zambia,Luanshya,2019,4.932709020963215e+18
ZWE,Zimbabwe,Harare,2019,3.653882675609653e+18
ZWE,Zimbabwe,Bulawayo,2019,2.919771412608849e+18
ZWE,Zimbabwe,Chitungwiza,2019,3.3469211937465134e+18
ZWE,Zimbabwe,Mutare,2019,2.6247081333334897e+18
ZWE,Zimbabwe,Gweru,2019,2.691888477904846e+18
ZWE,Zimbabwe,Kwekwe,2019,2.68074783642752e+18
ZWE,Zimbabwe,Masvingo,2019,2.155609866140908e+18
ZWE,Zimbabwe,Chinhoyi,2019,3.61315892165116e+18
ZWE,Zimbabwe,Kadoma,2019,3.191609681038692e+18
ZWE,Zimbabwe,Victoria Falls,2019,2.6689373478477455e+18
ZWE,Zimbabwe,Redcliff,2019,2.730683821940644e+18
ZWE,Zimbabwe,Norton,2019,3.659490494558901e+18
ZWE,Zimbabwe,Hwange,2019,3.036731141464944e+18
ZWE,Zimbabwe,Victoria Falls,2019,2.6689373478477455e+18
ZWE,Zimbabwe,Bulawayo,2019,2.919771412608849e+18
ZWE,Zimbabwe,Chegutu,2019,3.428541949981306e+18
ZWE,Zimbabwe,Kadoma,2019,3.191609681038692e+18
COM,Comoros,Moroni,2019,1.170155234549501e+18
COM,Comoros,Mutsamudu,2019,1.1256713985723316e+18
COM,Comoros,Fomboni,2019,1.1735754194165985e+18
ERI,Eritrea,Asmara,2019,1.507537743157828e+18
ERI,Eritrea,Keren,2019,1.64291410926763e+18
ERI,Eritrea,Massawa,2019,1.7658387450304497e+18
GNQ,Equatorial Guinea,Malabo,2019,3.1274128028160415e+18
GNQ,Equatorial Guinea,Bata,2019,2.347366636476289e+18
GNQ,Equatorial Guinea,Ebibeyin,2019,2.3180300836678026e+18
GMB,Gambia,Banjul,2019,2.3217772511954196e+18
GMB,Gambia,Serekunda,2019,2.3436864560293985e+18
GMB,Gambia,Brikama,2019,2.260237125230427e+18
GIN,Guinea,Conakry,2019,3.0168978330887547e+18
GIN,Guinea,Kankan,2019,2.4050288819244964e+18
GIN,Guinea,Kindia,2019,2.306270972887495e+18
GIN,Guinea,Nzérékoré,2019,1.7950987722258094e+18
GIN,Guinea,Labe,2019,2.0329476706510682e+18
GIN,Guinea,Fria,2019,2.4644722837495235e+18
GNB,Guinea-Bissau,Bissau,2019,2.0959326097137398e+18
GNB,Guinea-Bissau,Bafatá,2019,2.0650260479459773e+18
GNB,Guinea-Bissau,Gabú,2019,1.9961872929918244e+18
NAM,Namibia,Windhoek,2019,1.7198319450257126e+18
NAM,Namibia,Walvis Bay,2019,1.5170211650786496e+18
NAM,Namibia,Swakopmund,2019,1.560542195777758e+18
NAM,Namibia,Rundu,2019,3.4711651704202476e+18
NAM,Namibia,Oshakati,2019,2.316773234404196e+18
NAM,Namibia,Otjiwarongo,2019,1.703474073291328e+18
NER,Niger,Niamey,2019,2.2987123507921562e+18
NER,Niger,Zinder,2019,1.8742263311769329e+18
NER,Niger,Maradi,2019,2.0261918011436836e+18
NER,Niger,Agadez,2019,1.6063862106021107e+18
NER,Niger,Tahoua,2019,1.9226507964631475e+18
RWA,Rwanda,Kigali,2019,2.0713259522801464e+18
RWA,Rwanda,Huye,2019,1.9112348150307005e+18
RWA,Rwanda,Rubavu,2019,1.641022151814999e+18
RWA,Rwanda,Musanze,2019,1.4949253152956134e+18
RWA,Rwanda,Rusizi,2019,1.9222706513687903e+18
STP,Sao Tome and Principe,São Tomé,2019,1.8009379178992773e+18
STP,Sao Tome and Principe,Santo António,2019,1.859179411106803e+18
STP,Sao Tome and Principe,Neves,2019,1.798982913245093e+18
SEN,Senegal,Ziguinchor,2019,1.9706099638348636e+18
SEN,Senegal,Tambacounda,2019,2.715541807239431e+18
SEN,Senegal,Dakar,2019,3.216884869783432e+18
SEN,Senegal,Thiès,2019,2.8758787983817364e+18
SEN,Senegal,Saint-Louis,2019,1.6918426949168584e+18
SEN,Senegal,Kaolack,2019,2.5625368037286595e+18
SLE,Sierra Leone,Freetown,2019,2.13562938490103e+18
SLE,Sierra Leone,Bo,2019,1.7025869355825382e+18
SLE,Sierra Leone,Kenema,2019,1.6312495984262653e+18
SLE,Sierra Leone,Makeni,2019,1.922021456871905e+18
SOM,Somalia,Mogadishu,2019,8.191457644645501e+17
SOM,Somalia,Hargeisa,2019,1.142093574935946e+18
SOM,Somalia,Bosaso,2019,1.2184736752133312e+18
SOM,Somalia,Kismayo,2019,6.74166277575009e+17
SOM,Somalia,Baidoa,2019,7.258406464116621e+17
SSD,South Sudan,Juba,2019,3.625293452160292e+18
SSD,South Sudan,Wau,2019,3.227354373313153e+18
SSD,South Sudan,Malakal,2019,3.263267061649369e+18
SSD,South Sudan,Bor,2019,3.0608447498077317e+18
SDN,Sudan,Khartoum,2019,4.118268628390557e+18
SDN,Sudan,Omdurman,2019,3.9173127828712136e+18
SDN,Sudan,Port Sudan,2019,2.0154234386245002e+18
SDN,Sudan,Nyala,2019,2.092176784678009e+18
SDN,Sudan,Ed Damer,2019,2.2502828977985674e+18
SDN,Sudan,El Obeid,2019,2.1095588265972582e+18
SDN,Sudan,Kassala,2019,2.1833788202331804e+18
SDN,Sudan,Wad Madani,2019,2.5855120348543007e+18
SDN,Sudan,Kosti,2019,2.6375600950683433e+18
SDN,Sudan,Rabak,2019,2.6611140478132716e+18
SDN,Sudan,El Obeid,2019,2.1095588265972582e+18
SDN,Sudan,Sennar,2019,2.376051781304809e+18
SDN,Sudan,Wad Madani,2019,2.5855120348543007e+18
SDN,Sudan,Kosti,2019,2.6375600950683433e+18
SDN,Sudan,Rabak,2019,2.6611140478132716e+18
SDN,Sudan,Sennar,2019,2.376051781304809e+18
TZA,Tanzania,Dar es Salaam,2019,2.0342878830437363e+18
TZA,Tanzania,Dodoma,2019,1.7023940170676378e+18
TZA,Tanzania,Mwanza,2019,1.9129679570071142e+18
TZA,Tanzania,Arusha,2019,1.3644177382805453e+18
TZA,Tanzania,Zanzibar City,2019,1.4240009041410156e+18
TZA,Tanzania,Mbeya,2019,2.1833179982165693e+18
TZA,Tanzania,Tabora,2019,2.0721057627056148e+18
TGO,Togo,Lomé,2019,2.581645558217547e+18
TGO,Togo,Sokodé,2019,2.7338082914281626e+18
TGO,Togo,Kara,2019,2.798325854532426e+18
TGO,Togo,Atakpamé,2019,2.4048431146196244e+18
UGA,Uganda,Kampala,2019,2.071646782925365e+18
UGA,Uganda,Entebbe,2019,1.6139075267202383e+18
UGA,Uganda,Jinja,2019,1.668403929618427e+18
UGA,Uganda,Mbarara,2019,1.7693499702216758e+18
UGA,Uganda,Gulu,2019,1.7150739561029893e+18
UGA,Uganda,Fort Portal,2019,1.6792498421068928e+18
AGO,Angola,Luanda,2020,4.331827814744201e+18
AGO,Angola,Benguela,2020,2.128515054235327e+18
AGO,Angola,Lobito,2020,2.1704891443352617e+18
AGO,Angola,Huambo,2020,2.900120680981639e+18
AGO,Angola,Lubango,2020,2.053948292765207e+18
AGO,Angola,Cabinda,2020,2.62074426539468e+18
AGO,Angola,Malanje,2020,4.209258507947795e+18
AGO,Angola,Namibe,2020,1.6187317436888422e+18
AGO,Angola,Sumbe,2020,2.3150162675455283e+18
AGO,Angola,Uige,2020,3.9809052372530586e+18
AGO,Angola,Soyo,2020,2.7087365068321976e+18
BEN,Benin,Bohicon,2020,2.7764153240114463e+18
BEN,Benin,Abomey,2020,2.748602151944103e+18
BEN,Benin,Ouidah,2020,2.4332633793020646e+18
BEN,Benin,Kandi,2020,2.430980807597603e+18
BEN,Benin,Natitingou,2020,2.5908975146948393e+18
BEN,Benin,Save,2020,2.6713309394610985e+18
BEN,Benin,Savalou,2020,2.525223020150515e+18
BEN,Benin,Comé,2020,2.376529499907853e+18
BEN,Benin,Allada,2020,2.870004402778619e+18
BEN,Benin,Dogbo,2020,2.861035582691582e+18
BEN,Benin,Lokossa,2020,2.852751039414193e+18
BEN,Benin,Tchaourou,2020,2.217609030530801e+18
BEN,Benin,Malanville,2020,2.417738775971273e+18
BEN,Benin,Tanguiéta,2020,2.663847328042486e+18
BEN,Benin,Bassila,2020,2.2766386715362854e+18
BEN,Benin,Pobe,2020,3.552852212776707e+18
BEN,Benin,Ketou,2020,3.0975659595933517e+18
BWA,Botswana,Gaborone,2020,2.9822100715048325e+18
BWA,Botswana,Francistown,2020,1.7203048743082294e+18
BWA,Botswana,Maun,2020,1.8961500335272934e+18
BWA,Botswana,Serowe,2020,1.8717441208292196e+18
BWA,Botswana,Kanye,2020,2.365309166107139e+18
BWA,Botswana,Molepolole,2020,2.3037783192145974e+18
BWA,Botswana,Mochudi,2020,2.8381948058782075e+18
BWA,Botswana,Selebi-Phikwe,2020,1.819246946315332e+18
BWA,Botswana,Palapye,2020,2.0903675441870154e+18
BWA,Botswana,Lobatse,2020,2.583991867782309e+18
BWA,Botswana,Ramotswa,2020,2.860822241724546e+18
BWA,Botswana,Letlhakane,2020,1.6907701362951747e+18
BWA,Botswana,Orapa,2020,1.6573649765161595e+18
BWA,Botswana,Kasane,2020,2.220276919974746e+18
BWA,Botswana,Ghanzi,2020,1.621827658755508e+18
BWA,Botswana,Jwaneng,2020,2.0739958225922834e+18
BWA,Botswana,Tsabong,2020,1.6008041496397212e+18
BWA,Botswana,Shoshong,2020,2.0712137331075187e+18
BFA,Burkina Faso,Ouagadougou,2020,2.639041960313163e+18
BFA,Burkina Faso,Bobo-Dioulasso,2020,2.1660289360947633e+18
BFA,Burkina Faso,Koudougou,2020,2.09828074702457e+18
BFA,Burkina Faso,Banfora,2020,1.964862597033411e+18
BFA,Burkina Faso,Ouahigouya,2020,1.9078117369628165e+18
BFA,Burkina Faso,Kaya,2020,1.8966929862871767e+18
BFA,Burkina Faso,Tenkodogo,2020,1.879919173400069e+18
BFA,Burkina Faso,Fada N'Gourma,2020,2.0176364990418458e+18
BFA,Burkina Faso,Dedougou,2020,2.0371463455842637e+18
BFA,Burkina Faso,Dori,2020,1.8502826246816292e+18
BFA,Burkina Faso,Gaoua,2020,2.502975241596814e+18
BFA,Burkina Faso,Kongoussi,2020,1.9823690143932918e+18
BFA,Burkina Faso,Manga,2020,1.880917431094068e+18
BFA,Burkina Faso,Reo,2020,2.0732162097397448e+18
BFA,Burkina Faso,Ziniare,2020,2.0868831628080684e+18
BFA,Burkina Faso,Hounde,2020,2.07200818011397e+18
BFA,Burkina Faso,Po,2020,2.0643671412619218e+18
BFA,Burkina Faso,Leo,2020,2.1658012440600184e+18
BDI,Burundi,Bujumbura,2020,1.9670441243229284e+18
BDI,Burundi,Gitega,2020,1.2859163785721595e+18
BDI,Burundi,Ngozi,2020,1.3676926275551634e+18
BDI,Burundi,Rumonge,2020,1.5764245164843028e+18
BDI,Burundi,Bururi,2020,1.3644743599591101e+18
BDI,Burundi,Muyinga,2020,1.3797498199986488e+18
BDI,Burundi,Ruyigi,2020,1.5016350906006804e+18
BDI,Burundi,Makamba,2020,1.4571811225161825e+18
BDI,Burundi,Kayanza,2020,1.3126905092768415e+18
BDI,Burundi,Muramvya,2020,1.515938530912043e+18
BDI,Burundi,Cibitoke,2020,1.7459971747312973e+18
BDI,Burundi,Karuzi,2020,1.3586023640794685e+18
BDI,Burundi,Kirundo,2020,1.5480781913461018e+18
BDI,Burundi,Mwaro,2020,1.210296614504739e+18
BDI,Burundi,Nyanza-Lac,2020,1.7174101779049743e+18
CMR,Cameroon,Douala,2020,3.023359745366929e+18
CMR,Cameroon,Yaounde,2020,2.5604854924384717e+18
CMR,Cameroon,Garoua,2020,2.6691549916627835e+18
CMR,Cameroon,Bamenda,2020,2.672364355049499e+18
CMR,Cameroon,Maroua,2020,2.3863865361495066e+18
CMR,Cameroon,Ngaoundere,2020,2.3329179181237586e+18
CMR,Cameroon,Bafoussam,2020,2.61527806820002e+18
CMR,Cameroon,Bertoua,2020,2.701764254250114e+18
CMR,Cameroon,Ebolowa,2020,2.057897981058344e+18
CMR,Cameroon,Kribi,2020,2.0242983995925181e+18
CMR,Cameroon,Limbe,2020,2.339417664793857e+18
CMR,Cameroon,Kumba,2020,2.4039436294469233e+18
CMR,Cameroon,Nkongsamba,2020,2.3119598030491566e+18
CMR,Cameroon,Edea,2020,2.4564848351465334e+18
CMR,Cameroon,Sangmelima,2020,1.902113874265456e+18
CMR,Cameroon,Foumban,2020,2.529019400037164e+18
CMR,Cameroon,Dschang,2020,2.4940424792256195e+18
CMR,Cameroon,Kousseri,2020,2.6621711499982505e+18
CAF,Central African Republic,Bangui,2020,3.410538954849244e+18
CAF,Central African Republic,Bimbo,2020,3.128180644927003e+18
CAF,Central African Republic,Berberati,2020,2.808524928844261e+18
CAF,Central African Republic,Bambari,2020,3.239962358076466e+18
CAF,Central African Republic,Bouar,2020,3.209053698187296e+18
CAF,Central African Republic,Bossangoa,2020,3.110128533827351e+18
CAF,Central African Republic,Bria,2020,2.8072512363366154e+18
CAF,Central African Republic,Bangassou,2020,2.59214126734805e+18
CAF,Central African Republic,Kaga-Bandoro,2020,3.4400859351092316e+18
CAF,Central African Republic,Mbaiki,2020,2.4200907073192223e+18
CAF,Central African Republic,Bozoum,2020,2.8727572176471634e+18
CAF,Central African Republic,Carnot,2020,3.8429023121807974e+18
CAF,Central African Republic,Sibut,2020,3.15164284799779e+18
CAF,Central African Republic,Alindao,2020,3.164307608713701e+18
CAF,Central African Republic,Mobaye,2020,2.7675508180015764e+18
CAF,Central African Republic,Nola,2020,2.2445671525649132e+18
TCD,Chad,N'Djamena,2020,2.6654655174112323e+18
TCD,Chad,Moundou,2020,2.7812627555324687e+18
TCD,Chad,Sarh,2020,2.8206811424654746e+18
TCD,Chad,Abeche,2020,1.9067828393276375e+18
TCD,Chad,Kelo,2020,2.5582116754114417e+18
TCD,Chad,Koumra,2020,2.619634190666942e+18
TCD,Chad,Pala,2020,2.4854332541062784e+18
TCD,Chad,Am Timan,2020,2.5065313473959357e+18
TCD,Chad,Bongor,2020,2.5478071758109297e+18
TCD,Chad,Mongo,2020,2.1993449768371e+18
TCD,Chad,Faya-Largeau,2020,1.1791953184809446e+18
TCD,Chad,Doba,2020,2.7711445514503777e+18
TCD,Chad,Ati,2020,2.0651728437913664e+18
TCD,Chad,Biltine,2020,1.7477109300818043e+18
TCD,Chad,Mao,2020,1.7204597956136205e+18
TCD,Chad,Massakory,2020,2.0493571547617106e+18
COD,DR Congo,Kinshasa,2020,4.288981968466811e+18
COD,DR Congo,Lubumbashi,2020,3.6137582682362163e+18
COD,DR Congo,Mbuji-Mayi,2020,3.678661473630669e+18
COD,DR Congo,Kisangani,2020,1.904942667814823e+18
COD,DR Congo,Goma,2020,1.285740953154021e+18
COD,DR Congo,Bukavu,2020,1.487170469798766e+18
COD,DR Congo,Kananga,2020,3.6791012701466307e+18
COD,DR Congo,Kolwezi,2020,3.960120526945315e+18
COD,DR Congo,Tshikapa,2020,4.3929502748170803e+18
COD,DR Congo,Matadi,2020,3.365897471105279e+18
COD,DR Congo,Boma,2020,3.164884967787643e+18
COD,DR Congo,Uvira,2020,1.798456422576141e+18
COD,DR Congo,Kindu,2020,1.9045706824679524e+18
COD,DR Congo,Kalemie,2020,2.0644231854504046e+18
COD,DR Congo,Likasi,2020,3.5703130033279084e+18
COD,DR Congo,Kikwit,2020,4.382126133624771e+18
COD,DR Congo,Gemena,2020,2.6796071642264863e+18
COD,DR Congo,Isiro,2020,2.070956946007105e+18
COG,Congo Republic,Brazzaville,2020,4.249300538762923e+18
COG,Congo Republic,Pointe-Noire,2020,2.9121744169777505e+18
COG,Congo Republic,Dolisie,2020,2.763361673772344e+18
COG,Congo Republic,Nkayi,2020,2.895820087179509e+18
COG,Congo Republic,Owando,2020,2.2298663801837914e+18
COG,Congo Republic,Ouesso,2020,2.0787512988917716e+18
COG,Congo Republic,Impfondo,2020,1.954410079326542e+18
COG,Congo Republic,Sibiti,2020,2.367340711814391e+18
COG,Congo Republic,Madingou,2020,2.8969923620499937e+18
COG,Congo Republic,Kinkala,2020,3.4395345023667384e+18
COG,Congo Republic,Mossendjo,2020,2.082335421285713e+18
COG,Congo Republic,Gamboma,2020,2.903693019438383e+18
COG,Congo Republic,Djambala,2020,3.2839906683925985e+18
CIV,Cote d'Ivoire,Abidjan,2020,3.05692210602612e+18
CIV,Cote d'Ivoire,Yamoussoukro,2020,2.438213775018591e+18
CIV,Cote d'Ivoire,Bouake,2020,2.2910346186807734e+18
CIV,Cote d'Ivoire,Daloa,2020,1.7293198937925617e+18
CIV,Cote d'Ivoire,San-Pedro,2020,1.3875724021760415e+18
CIV,Cote d'Ivoire,Korhogo,2020,1.848369893776543e+18
CIV,Cote d'Ivoire,Man,2020,1.6768144096860954e+18
CIV,Cote d'Ivoire,Gagnoa,2020,1.7154573499715973e+18
CIV,Cote d'Ivoire,Abengourou,2020,1.8653022730669484e+18
CIV,Cote d'Ivoire,Bondoukou,2020,2.0640220762284252e+18
CIV,Cote d'Ivoire,Divo,2020,1.87435149192401e+18
CIV,Cote d'Ivoire,Odienne,2020,2.069387847312468e+18
CIV,Cote d'Ivoire,Ferkessedougou,2020,1.891158940181355e+18
CIV,Cote d'Ivoire,Soubre,2020,1.5651647255633874e+18
CIV,Cote d'Ivoire,Sassandra,2020,1.4115198371290665e+18
CIV,Cote d'Ivoire,Agboville,2020,1.9789037217872333e+18
CIV,Cote d'Ivoire,Grand-Bassam,2020,2.1463558687733875e+18
CIV,Cote d'Ivoire,Dabou,2020,2.1377122118937738e+18
ETH,Ethiopia,Addis Ababa,2020,2.3349168642592276e+18
ETH,Ethiopia,Dire Dawa,2020,1.4368139981529905e+18
ETH,Ethiopia,Mekelle,2020,1.55997044813816e+18
ETH,Ethiopia,Bahir Dar,2020,1.7986834745510326e+18
ETH,Ethiopia,Hawassa,2020,1.4664269325329907e+18
ETH,Ethiopia,Adama,2020,1.4776281111417426e+18
ETH,Ethiopia,Gondar,2020,1.5361765129717955e+18
ETH,Ethiopia,Jimma,2020,1.4439167503741699e+18
ETH,Ethiopia,Dessie,2020,1.2340918612528133e+18
ETH,Ethiopia,Shashamane,2020,1.457597569154393e+18
ETH,Ethiopia,Harar,2020,1.2586775750383396e+18
ETH,Ethiopia,Arba Minch,2020,1.1061512144445036e+18
ETH,Ethiopia,Debre Markos,2020,1.5567135690226422e+18
ETH,Ethiopia,Debre Birhan,2020,1.1485965139273851e+18
ETH,Ethiopia,Nekemte,2020,1.9334515592332447e+18
ETH,Ethiopia,Asella,2020,1.201272507620849e+18
ETH,Ethiopia,Wolaita Sodo,2020,1.3294636460229755e+18
ETH,Ethiopia,Jijiga,2020,1.1393546234261289e+18
GAB,Gabon,Libreville,2020,2.2890374936493673e+18
GAB,Gabon,Port-Gentil,2020,2.0105743682402191e+18
GAB,Gabon,Franceville,2020,2.1943163569249782e+18
GAB,Gabon,Oyem,2020,1.7821630703098286e+18
GAB,Gabon,Moanda,2020,2.0892274948290324e+18
GAB,Gabon,Lambarene,2020,2.1218675939296356e+18
GAB,Gabon,Mouila,2020,1.9345250626111217e+18
GAB,Gabon,Koulamoutou,2020,1.9139343575723686e+18
GAB,Gabon,Tchibanga,2020,2.0822496724640374e+18
GAB,Gabon,Makokou,2020,1.7036497476532477e+18
GAB,Gabon,Bitam,2020,1.8521745684090235e+18
GAB,Gabon,Ndende,2020,2.0492643659067023e+18
GHA,Ghana,Accra,2020,3.1741725026592916e+18
GHA,Ghana,Kumasi,2020,2.7727243168885765e+18
GHA,Ghana,Tamale,2020,3.088513618404606e+18
GHA,Ghana,Sekondi-Takoradi,2020,2.084833588597214e+18
GHA,Ghana,Sunyani,2020,2.37322197903006e+18
GHA,Ghana,Cape Coast,2020,1.8615383601789558e+18
GHA,Ghana,Koforidua,2020,2.751103075112055e+18
GHA,Ghana,Ho,2020,2.9797472449153684e+18
GHA,Ghana,Tema,2020,3.318743551759094e+18
GHA,Ghana,Obuasi,2020,2.0768891962818447e+18
GHA,Ghana,Bolgatanga,2020,2.394866185514086e+18
GHA,Ghana,Wa,2020,2.711332799675091e+18
GHA,Ghana,Techiman,2020,2.5182607066018934e+18
GHA,Ghana,Tarkwa,2020,2.282139555607526e+18
GHA,Ghana,Sefwi Wiawso,2020,1.9483605570030863e+18
GHA,Ghana,Nkawkaw,2020,2.6169364234395003e+18
GHA,Ghana,Dunkwa-on-Offin,2020,2.059335070418151e+18
GHA,Ghana,Yendi,2020,2.833604876255063e+18
KEN,Kenya,Nairobi,2020,2.1682419629725215e+18
KEN,Kenya,Mombasa,2020,1.2474574492403786e+18
KEN,Kenya,Kisumu,2020,1.7446860273475784e+18
KEN,Kenya,Nakuru,2020,1.241824888443602e+18
KEN,Kenya,Eldoret,2020,1.2096391540786222e+18
KEN,Kenya,Thika,2020,1.532725719566199e+18
KEN,Kenya,Malindi,2020,7.756626220567073e+17
KEN,Kenya,Kitale,2020,1.2074996217201797e+18
KEN,Kenya,Garissa,2020,8.86346742825633e+17
KEN,Kenya,Nyeri,2020,1.108499374806273e+18
KEN,Kenya,Machakos,2020,1.1242146862366692e+18
KEN,Kenya,Meru,2020,9.419227876673866e+17
KEN,Kenya,Kericho,2020,1.2822911501431736e+18
KEN,Kenya,Naivasha,2020,1.271168840920673e+18
KEN,Kenya,Embu,2020,1.0067392405497454e+18
KEN,Kenya,Lodwar,2020,9.809028543387503e+17
KEN,Kenya,Isiolo,2020,9.688117510822461e+17
KEN,Kenya,Wajir,2020,7.96324868530345e+17
LSO,Lesotho,Maseru,2020,1.9169087907713244e+18
LSO,Lesotho,Teyateyaneng,2020,1.8772797064045373e+18
LSO,Lesotho,Mafeteng,2020,1.7306091905961846e+18
LBR,Liberia,Monrovia,2020,1.7052777841838449e+18
LBR,Liberia,Gbarnga,2020,1.6174183976506798e+18
LBR,Liberia,Buchanan,2020,1.5310695106573888e+18
LBR,Liberia,Harper,2020,1.434057140968989e+18
LBR,Liberia,Voinjama,2020,2.4171945353121935e+18
LBR,Liberia,Zwedru,2020,1.4512556159620733e+18
LBR,Liberia,Kakata,2020,1.6173988060008883e+18
LBR,Liberia,Greenville,2020,1.4075819551037706e+18
LBR,Liberia,Tubmanburg,2020,1.6202874821367101e+18
LBR,Liberia,Ganta,2020,1.6193532528201032e+18
LBR,Liberia,Robertsport,2020,1.5441178087865093e+18
LBR,Liberia,Fish Town,2020,1.4616248535212541e+18
MDG,Madagascar,Antananarivo,2020,2.1013801100209818e+18
MDG,Madagascar,Toamasina,2020,1.1682179629011794e+18
MDG,Madagascar,Antsirabe,2020,1.505235348398484e+18
MDG,Madagascar,Mahajanga,2020,1.492377071202304e+18
MDG,Madagascar,Fianarantsoa,2020,1.4145130638074255e+18
MDG,Madagascar,Toliara,2020,1.3001302758857748e+18
MDG,Madagascar,Antsiranana,2020,9.527287829889682e+17
MDG,Madagascar,Morondava,2020,1.6957264527493663e+18
MDG,Madagascar,Sambava,2020,9.679839603102886e+17
MDG,Madagascar,Ambatondrazaka,2020,1.5559681365781304e+18
MDG,Madagascar,Farafangana,2020,1.2139084378871634e+18
MDG,Madagascar,Mananjary,2020,1.114098335970956e+18
MDG,Madagascar,Manakara,2020,1.1492976438039073e+18
MDG,Madagascar,Antalaha,2020,9.595355349717937e+17
MDG,Madagascar,Hell-Ville,2020,1.1447969991650195e+18
MDG,Madagascar,Marovoay,2020,1.557220914874887e+18
MDG,Madagascar,Ambanja,2020,1.2280592999692608e+18
MWI,Malawi,Lilongwe,2020,2.186571400234492e+18
MWI,Malawi,Blantyre,2020,2.3027408516635046e+18
MWI,Malawi,Mzuzu,2020,1.9897705085024338e+18
MWI,Malawi,Zomba,2020,2.1318262847776696e+18
MWI,Malawi,Karonga,2020,1.7955232168767565e+18
MWI,Malawi,Mangochi,2020,2.10838874468422e+18
MWI,Malawi,Salima,2020,1.9954402272566246e+18
MLI,Mali,Bamako,2020,2.9458950976863416e+18
MLI,Mali,Sikasso,2020,1.9169455350524426e+18
MLI,Mali,Mopti,2020,1.8073654876227436e+18
MLI,Mali,Koutiala,2020,1.8626914657653212e+18
MLI,Mali,Kayes,2020,2.382795691571635e+18
MLI,Mali,Segou,2020,1.916277022009601e+18
MWI,Malawi,Karonga,2020,1.7955232168767565e+18
MWI,Malawi,Mangochi,2020,2.10838874468422e+18
MWI,Malawi,Salima,2020,1.9954402272566246e+18
MRT,Mauritania,Nouakchott,2020,1.5892840391133225e+18
MRT,Mauritania,Nouadhibou,2020,1.234562357650662e+18
MRT,Mauritania,Rosso,2020,1.5211764083682127e+18
MRT,Mauritania,Zouerate,2020,1.4872642293486377e+18
MRT,Mauritania,Atar,2020,1.1107790394633765e+18
MRT,Mauritania,Kaedi,2020,1.5475270852534298e+18
MOZ,Mozambique,Maputo,2020,3.3060637788058117e+18
MOZ,Mozambique,Matola,2020,3.54430234780851e+18
MOZ,Mozambique,Beira,2020,1.66459412083721e+18
MOZ,Mozambique,Nampula,2020,2.275032773059606e+18
MOZ,Mozambique,Chimoio,2020,2.292735655285209e+18
MOZ,Mozambique,Nacala,2020,1.437975267247353e+18
MOZ,Mozambique,Quelimane,2020,1.70845375144704e+18
MOZ,Mozambique,Tete,2020,2.121680885402752e+18
MOZ,Mozambique,Pemba,2020,1.3911377220852424e+18
MOZ,Mozambique,Lichinga,2020,2.1908262038179085e+18
MOZ,Mozambique,Xai-Xai,2020,1.8256730663164677e+18
MOZ,Mozambique,Maxixe,2020,1.3098581129249756e+18
NGA,Nigeria,Lagos,2020,6.525571713865266e+18
NGA,Nigeria,Abuja,2020,5.040121345700725e+18
NGA,Nigeria,Kano,2020,3.4321067764241935e+18
NGA,Nigeria,Ibadan,2020,4.246551205450328e+18
NGA,Nigeria,Port Harcourt,2020,4.849640062535949e+18
NGA,Nigeria,Benin City,2020,4.194712597460438e+18
NGA,Nigeria,Onitsha,2020,4.446887284809811e+18
NGA,Nigeria,Aba,2020,4.3624485047640827e+18
NGA,Nigeria,Kaduna,2020,3.0899858625575526e+18
NGA,Nigeria,Enugu,2020,3.7801283721536e+18
NGA,Nigeria,Ilorin,2020,3.186793217999863e+18
NGA,Nigeria,Warri,2020,3.8790231026704635e+18
NGA,Nigeria,Maiduguri,2020,2.68540382899644e+18
NGA,Nigeria,Zaria,2020,2.848682945335856e+18
NGA,Nigeria,Sokoto,2020,2.595924007367389e+18
NGA,Nigeria,Uyo,2020,3.884874459119777e+18
NGA,Nigeria,Jos,2020,2.4474716682836567e+18
NGA,Nigeria,Calabar,2020,3.313157634533165e+18
ZAF,South Africa,Johannesburg,2020,1.6093665699917978e+19
ZAF,South Africa,Cape Town,2020,3.021876238536114e+18
ZAF,South Africa,Durban,2020,4.5464660248820644e+18
ZAF,South Africa,Pretoria,2020,1.218235905972784e+19
ZAF,South Africa,Port Elizabeth,2020,1.6907854189876764e+18
ZAF,South Africa,Bloemfontein,2020,2.1789467452126062e+18
ZAF,South Africa,East London,2020,1.8420416376173194e+18
ZAF,South Africa,Soweto,2020,1.2264895977044455e+19
ZAF,South Africa,Pietermaritzburg,2020,3.842814346426626e+18
ZAF,South Africa,Polokwane,2020,3.3558381611395907e+18
ZAF,South Africa,Rustenburg,2020,5.64894072408789e+18
ZMB,Zambia,Lusaka,2020,3.212208103738067e+18
ZMB,Zambia,Kitwe,2020,3.3335355843220326e+18
ZMB,Zambia,Ndola,2020,3.581932750669026e+18
ZMB,Zambia,Kabwe,2020,2.5691971986238484e+18
ZMB,Zambia,Chingola,2020,3.299785602155884e+18
ZMB,Zambia,Livingstone,2020,2.1301165397621652e+18
ZMB,Zambia,Solwezi,2020,3.5386959161753667e+18
ZMB,Zambia,Mufulira,2020,3.173089972742879e+18
ZMB,Zambia,Luanshya,2020,3.407705200469162e+18
ZWE,Zimbabwe,Harare,2020,2.7055173785567616e+18
ZWE,Zimbabwe,Bulawayo,2020,1.8731519303823552e+18
ZWE,Zimbabwe,Chitungwiza,2020,2.4572756202578084e+18
ZWE,Zimbabwe,Mutare,2020,1.752145254700076e+18
ZWE,Zimbabwe,Gweru,2020,1.6695336974440397e+18
ZWE,Zimbabwe,Kwekwe,2020,1.830320121735711e+18
ZWE,Zimbabwe,Masvingo,2020,1.539266123592617e+18
ZWE,Zimbabwe,Chinhoyi,2020,2.4425328412810875e+18
ZWE,Zimbabwe,Kadoma,2020,2.015374808153916e+18
ZWE,Zimbabwe,Victoria Falls,2020,2.048241951388765e+18
ZWE,Zimbabwe,Redcliff,2020,1.8246629671118543e+18
ZWE,Zimbabwe,Norton,2020,2.590184437998189e+18
ZWE,Zimbabwe,Hwange,2020,2.3492863288628116e+18
ZWE,Zimbabwe,Victoria Falls,2020,2.048241951388765e+18
ZWE,Zimbabwe,Bulawayo,2020,1.8731519303823552e+18
ZWE,Zimbabwe,Chegutu,2020,2.0976005411074294e+18
ZWE,Zimbabwe,Kadoma,2020,2.015374808153916e+18
COM,Comoros,Moroni,2020,1.0169518474870885e+18
COM,Comoros,Mutsamudu,2020,1.0608170146681193e+18
COM,Comoros,Fomboni,2020,1.1062329219792577e+18
ERI,Eritrea,Asmara,2020,1.4246639659707233e+18
ERI,Eritrea,Keren,2020,1.4741061448922765e+18
ERI,Eritrea,Massawa,2020,1.6708399519549143e+18
GNQ,Equatorial Guinea,Malabo,2020,2.701200754924403e+18
GNQ,Equatorial Guinea,Bata,2020,1.9473538732734605e+18
GNQ,Equatorial Guinea,Ebibeyin,2020,1.9361757851362726e+18
GMB,Gambia,Banjul,2020,2.4470190136896205e+18
GMB,Gambia,Serekunda,2020,2.446850032094075e+18
GMB,Gambia,Brikama,2020,2.477351694250917e+18
GIN,Guinea,Conakry,2020,3.148363199901145e+18
GIN,Guinea,Kankan,2020,2.437316840814796e+18
GIN,Guinea,Kindia,2020,2.6352689243163556e+18
GIN,Guinea,Nzérékoré,2020,1.9509187504944701e+18
GIN,Guinea,Labe,2020,2.015355570641834e+18
GIN,Guinea,Fria,2020,2.564564233396812e+18
GNB,Guinea-Bissau,Bissau,2020,2.1268535318492155e+18
GNB,Guinea-Bissau,Bafatá,2020,2.205153766616637e+18
GNB,Guinea-Bissau,Gabú,2020,2.2231277004910546e+18
NAM,Namibia,Windhoek,2020,1.5744020829243868e+18
NAM,Namibia,Walvis Bay,2020,1.3574882567096087e+18
NAM,Namibia,Swakopmund,2020,1.3920128115897027e+18
NAM,Namibia,Rundu,2020,2.60423211303523e+18
NAM,Namibia,Oshakati,2020,1.9164733828779884e+18
NAM,Namibia,Otjiwarongo,2020,1.511887699534314e+18
NER,Niger,Niamey,2020,2.2983759246499123e+18
NER,Niger,Zinder,2020,1.852834960324329e+18
NER,Niger,Maradi,2020,2.0881938993916503e+18
NER,Niger,Agadez,2020,1.469253663713226e+18
NER,Niger,Tahoua,2020,1.7146796870031434e+18
RWA,Rwanda,Kigali,2020,1.5892819770259492e+18
RWA,Rwanda,Huye,2020,1.493291141326121e+18
RWA,Rwanda,Rubavu,2020,1.260352548151654e+18
RWA,Rwanda,Musanze,2020,1.0664857172427704e+18
RWA,Rwanda,Rusizi,2020,1.5096680997538826e+18
STP,Sao Tome and Principe,São Tomé,2020,1.5359993738748984e+18
STP,Sao Tome and Principe,Santo António,2020,1.6093997709453002e+18
STP,Sao Tome and Principe,Neves,2020,1.5197950806957297e+18
SEN,Senegal,Ziguinchor,2020,2.183509039718271e+18
SEN,Senegal,Tambacounda,2020,2.4272503238043976e+18
SEN,Senegal,Dakar,2020,3.434890134118523e+18
SEN,Senegal,Thiès,2020,2.7116370513266934e+18
SEN,Senegal,Saint-Louis,2020,1.57552887722972e+18
SEN,Senegal,Kaolack,2020,2.502623952890502e+18
SLE,Sierra Leone,Freetown,2020,2.3922401535466e+18
SLE,Sierra Leone,Bo,2020,2.0991814980522527e+18
SLE,Sierra Leone,Kenema,2020,1.972663866619648e+18
SLE,Sierra Leone,Makeni,2020,2.6720133702863836e+18
SOM,Somalia,Mogadishu,2020,7.778788691745292e+17
SOM,Somalia,Hargeisa,2020,1.188768345887442e+18
SOM,Somalia,Bosaso,2020,1.2219746119228687e+18
SOM,Somalia,Kismayo,2020,6.095686177188575e+17
SOM,Somalia,Baidoa,2020,6.868438898171287e+17
SSD,South Sudan,Juba,2020,3.042988603510968e+18
SSD,South Sudan,Wau,2020,2.484104732757085e+18
SSD,South Sudan,Malakal,2020,2.553661270021776e+18
SSD,South Sudan,Bor,2020,2.3449142557112095e+18
SDN,Sudan,Khartoum,2020,4.1384356681482173e+18
SDN,Sudan,Omdurman,2020,3.843371623976749e+18
SDN,Sudan,Port Sudan,2020,1.6706836880091986e+18
SDN,Sudan,Nyala,2020,1.9336157935944243e+18
SDN,Sudan,Ed Damer,2020,2.1664863248835692e+18
SDN,Sudan,El Obeid,2020,1.874859786501415e+18
SDN,Sudan,Kassala,2020,1.9041543405621975e+18
SDN,Sudan,Wad Madani,2020,2.2686013269843873e+18
SDN,Sudan,Kosti,2020,2.570096162870548e+18
SDN,Sudan,Rabak,2020,2.6269632337932626e+18
SDN,Sudan,El Obeid,2020,1.874859786501415e+18
SDN,Sudan,Sennar,2020,2.1203785775249833e+18
SDN,Sudan,Wad Madani,2020,2.2686013269843873e+18
SDN,Sudan,Kosti,2020,2.570096162870548e+18
SDN,Sudan,Rabak,2020,2.6269632337932626e+18
SDN,Sudan,Sennar,2020,2.1203785775249833e+18
TZA,Tanzania,Dar es Salaam,2020,1.8139280299034708e+18
TZA,Tanzania,Dodoma,2020,1.5721642325505175e+18
TZA,Tanzania,Mwanza,2020,1.6088079014024468e+18
TZA,Tanzania,Arusha,2020,1.154656468713033e+18
TZA,Tanzania,Zanzibar City,2020,1.2431262822860068e+18
TZA,Tanzania,Mbeya,2020,1.7775406997228344e+18
TZA,Tanzania,Tabora,2020,1.629867619300203e+18
TGO,Togo,Lomé,2020,2.582063288097386e+18
TGO,Togo,Sokodé,2020,2.462281320562264e+18
TGO,Togo,Kara,2020,2.511007569100064e+18
TGO,Togo,Atakpamé,2020,2.5849242971753953e+18
UGA,Uganda,Kampala,2020,2.006279588573551e+18
UGA,Uganda,Entebbe,2020,1.550926983908262e+18
UGA,Uganda,Jinja,2020,1.4644392175748472e+18
UGA,Uganda,Mbarara,2020,1.3774026894099937e+18
UGA,Uganda,Gulu,2020,1.95774028421903e+18
UGA,Uganda,Fort Portal,2020,1.457173809738089e+18
AGO,Angola,Luanda,2021,4.3652242941643843e+18
AGO,Angola,Benguela,2021,2.0688033732902925e+18
AGO,Angola,Lobito,2021,2.0657911713041416e+18
AGO,Angola,Huambo,2021,2.846224090421843e+18
AGO,Angola,Lubango,2021,1.9301032069237914e+18
AGO,Angola,Cabinda,2021,2.584132509402803e+18
AGO,Angola,Malanje,2021,4.066131212097233e+18
AGO,Angola,Namibe,2021,1.583201456220805e+18
AGO,Angola,Sumbe,2021,2.185930347692858e+18
AGO,Angola,Uige,2021,4.200146110366205e+18
AGO,Angola,Soyo,2021,2.6826696798813133e+18
BEN,Benin,Bohicon,2021,2.842892494084218e+18
BEN,Benin,Abomey,2021,2.835432293112024e+18
BEN,Benin,Ouidah,2021,2.5935908143194184e+18
BEN,Benin,Kandi,2021,2.6074171139367905e+18
BEN,Benin,Natitingou,2021,2.691709244782474e+18
BEN,Benin,Save,2021,2.68528442227397e+18
BEN,Benin,Savalou,2021,2.620200181404754e+18
BEN,Benin,Comé,2021,2.551088388711043e+18
BEN,Benin,Allada,2021,2.932159164178297e+18
BEN,Benin,Dogbo,2021,3.0653101683743007e+18
BEN,Benin,Lokossa,2021,3.025958910203908e+18
BEN,Benin,Tchaourou,2021,2.420954968093967e+18
BEN,Benin,Malanville,2021,2.5155375406044815e+18
BEN,Benin,Tanguiéta,2021,2.8019262356095345e+18
BEN,Benin,Bassila,2021,2.509831088158389e+18
BEN,Benin,Pobe,2021,3.7724072955637545e+18
BEN,Benin,Ketou,2021,3.2094419113910804e+18
BWA,Botswana,Gaborone,2021,2.6036146149598106e+18
BWA,Botswana,Francistown,2021,1.877036937786031e+18
BWA,Botswana,Maun,2021,1.9662591695309164e+18
BWA,Botswana,Serowe,2021,1.8722695663429955e+18
BWA,Botswana,Kanye,2021,1.888666242160495e+18
BWA,Botswana,Molepolole,2021,1.9157331808347092e+18
BWA,Botswana,Mochudi,2021,2.3287537610201743e+18
BWA,Botswana,Selebi-Phikwe,2021,1.8790025017165082e+18
BWA,Botswana,Palapye,2021,2.297469456838779e+18
BWA,Botswana,Lobatse,2021,2.0429376795855127e+18
BWA,Botswana,Ramotswa,2021,2.467948098573982e+18
BWA,Botswana,Letlhakane,2021,1.6742321616815877e+18
BWA,Botswana,Orapa,2021,1.612327859084155e+18
BWA,Botswana,Kasane,2021,2.29157648597974e+18
BWA,Botswana,Ghanzi,2021,1.5237577823354893e+18
BWA,Botswana,Jwaneng,2021,1.8883910467668285e+18
BWA,Botswana,Tsabong,2021,1.5955126433537436e+18
BWA,Botswana,Shoshong,2021,2.0741574268859182e+18
BFA,Burkina Faso,Ouagadougou,2021,2.953638502045336e+18
BFA,Burkina Faso,Bobo-Dioulasso,2021,2.365317315732822e+18
BFA,Burkina Faso,Koudougou,2021,2.2357621117372728e+18
BFA,Burkina Faso,Banfora,2021,2.025625856749153e+18
BFA,Burkina Faso,Ouahigouya,2021,2.1252790803069783e+18
BFA,Burkina Faso,Kaya,2021,2.1020477603590917e+18
BFA,Burkina Faso,Tenkodogo,2021,2.0600492313115791e+18
BFA,Burkina Faso,Fada N'Gourma,2021,2.1619726841122998e+18
BFA,Burkina Faso,Dedougou,2021,2.200962299526185e+18
BFA,Burkina Faso,Dori,2021,2.0342696946829573e+18
BFA,Burkina Faso,Gaoua,2021,2.5416711171020124e+18
BFA,Burkina Faso,Kongoussi,2021,2.2066442496650112e+18
BFA,Burkina Faso,Manga,2021,2.0434202849205181e+18
BFA,Burkina Faso,Reo,2021,2.2159325839481644e+18
BFA,Burkina Faso,Ziniare,2021,2.3881030514333307e+18
BFA,Burkina Faso,Hounde,2021,2.2536808832897759e+18
BFA,Burkina Faso,Po,2021,2.354133325314427e+18
BFA,Burkina Faso,Leo,2021,2.433920296976048e+18
BDI,Burundi,Bujumbura,2021,2.2628878612161103e+18
BDI,Burundi,Gitega,2021,1.3992536518688184e+18
BDI,Burundi,Ngozi,2021,1.5227491476400868e+18
BDI,Burundi,Rumonge,2021,1.7230443251206646e+18
BDI,Burundi,Bururi,2021,1.4769906811711206e+18
BDI,Burundi,Muyinga,2021,1.573205154460807e+18
BDI,Burundi,Ruyigi,2021,1.567479839969343e+18
BDI,Burundi,Makamba,2021,1.592333927350922e+18
BDI,Burundi,Kayanza,2021,1.4862177530792855e+18
BDI,Burundi,Muramvya,2021,1.7696726429629123e+18
BDI,Burundi,Cibitoke,2021,1.929329971207084e+18
BDI,Burundi,Karuzi,2021,1.517323105762294e+18
BDI,Burundi,Kirundo,2021,1.6973610468605363e+18
BDI,Burundi,Mwaro,2021,1.3880603632560806e+18
BDI,Burundi,Nyanza-Lac,2021,1.8384815522099615e+18
CMR,Cameroon,Douala,2021,3.3381471988864456e+18
CMR,Cameroon,Yaounde,2021,2.9308842643798067e+18
CMR,Cameroon,Garoua,2021,2.8456802090156774e+18
CMR,Cameroon,Bamenda,2021,2.852978413341754e+18
CMR,Cameroon,Maroua,2021,2.615088994089032e+18
CMR,Cameroon,Ngaoundere,2021,2.3608771383412004e+18
CMR,Cameroon,Bafoussam,2021,2.8162362179066583e+18
CMR,Cameroon,Bertoua,2021,2.461279140873732e+18
CMR,Cameroon,Ebolowa,2021,2.1031917344176957e+18
CMR,Cameroon,Kribi,2021,2.2271795385285642e+18
CMR,Cameroon,Limbe,2021,2.447769530317865e+18
CMR,Cameroon,Kumba,2021,2.5551801008546744e+18
CMR,Cameroon,Nkongsamba,2021,2.5012351196500337e+18
CMR,Cameroon,Edea,2021,2.660861431430949e+18
CMR,Cameroon,Sangmelima,2021,2.1215884815418962e+18
CMR,Cameroon,Foumban,2021,2.5530948755892946e+18
CMR,Cameroon,Dschang,2021,2.6978730334272947e+18
CMR,Cameroon,Kousseri,2021,2.887663040195434e+18
CAF,Central African Republic,Bangui,2021,3.1517421064527176e+18
CAF,Central African Republic,Bimbo,2021,2.811366769280759e+18
CAF,Central African Republic,Berberati,2021,2.8287465160226673e+18
CAF,Central African Republic,Bambari,2021,3.2928683052089994e+18
CAF,Central African Republic,Bouar,2021,3.261898373078823e+18
CAF,Central African Republic,Bossangoa,2021,3.22312031656022e+18
CAF,Central African Republic,Bria,2021,2.8943595735359826e+18
CAF,Central African Republic,Bangassou,2021,2.7996404970563973e+18
CAF,Central African Republic,Kaga-Bandoro,2021,3.6373740350915917e+18
CAF,Central African Republic,Mbaiki,2021,2.439080188635218e+18
CAF,Central African Republic,Bozoum,2021,2.829140450318459e+18
CAF,Central African Republic,Carnot,2021,3.9455368868594e+18
CAF,Central African Republic,Sibut,2021,3.2103895223783316e+18
CAF,Central African Republic,Alindao,2021,3.1675695065104927e+18
CAF,Central African Republic,Mobaye,2021,2.68639498746214e+18
CAF,Central African Republic,Nola,2021,2.2508222776803323e+18
TCD,Chad,N'Djamena,2021,2.8797240181600686e+18
TCD,Chad,Moundou,2021,2.802864872253542e+18
TCD,Chad,Sarh,2021,2.8323503033850506e+18
TCD,Chad,Abeche,2021,1.9509036687483986e+18
TCD,Chad,Kelo,2021,2.634025798482894e+18
TCD,Chad,Koumra,2021,2.7335001776100946e+18
TCD,Chad,Pala,2021,2.596146219410166e+18
TCD,Chad,Am Timan,2021,2.5684241919720335e+18
TCD,Chad,Bongor,2021,2.689726297030152e+18
TCD,Chad,Mongo,2021,2.2373316456739796e+18
TCD,Chad,Faya-Largeau,2021,1.261356327133004e+18
TCD,Chad,Doba,2021,2.758815962955987e+18
TCD,Chad,Ati,2021,2.0903233002825907e+18
TCD,Chad,Biltine,2021,1.7423775043471956e+18
TCD,Chad,Mao,2021,1.737894649090682e+18
TCD,Chad,Massakory,2021,2.1439608979807918e+18
COD,DR Congo,Kinshasa,2021,5.210878154462708e+18
COD,DR Congo,Lubumbashi,2021,3.947444863759497e+18
COD,DR Congo,Mbuji-Mayi,2021,3.8343147876486687e+18
COD,DR Congo,Kisangani,2021,2.0994005974606351e+18
COD,DR Congo,Goma,2021,1.4724877601593185e+18
COD,DR Congo,Bukavu,2021,1.6552090284181972e+18
COD,DR Congo,Kananga,2021,4.403011549037493e+18
COD,DR Congo,Kolwezi,2021,4.1386934432266895e+18
COD,DR Congo,Tshikapa,2021,4.961190522445442e+18
COD,DR Congo,Matadi,2021,3.478145655229521e+18
COD,DR Congo,Boma,2021,3.2100444009608044e+18
COD,DR Congo,Uvira,2021,2.049742883929468e+18
COD,DR Congo,Kindu,2021,2.7035311182464614e+18
COD,DR Congo,Kalemie,2021,2.0962069394153354e+18
COD,DR Congo,Likasi,2021,3.814196851304964e+18
COD,DR Congo,Kikwit,2021,4.956451743036451e+18
COD,DR Congo,Gemena,2021,2.548987916733993e+18
COD,DR Congo,Isiro,2021,2.3569367918826967e+18
COG,Congo Republic,Brazzaville,2021,5.29616291050022e+18
COG,Congo Republic,Pointe-Noire,2021,2.9314169503571896e+18
COG,Congo Republic,Dolisie,2021,2.9852946916324956e+18
COG,Congo Republic,Nkayi,2021,3.640211276956417e+18
COG,Congo Republic,Owando,2021,2.433295083031688e+18
COG,Congo Republic,Ouesso,2021,2.107035921719894e+18
COG,Congo Republic,Impfondo,2021,1.9724699978065907e+18
COG,Congo Republic,Sibiti,2021,2.791637602779969e+18
COG,Congo Republic,Madingou,2021,3.661944885906182e+18
COG,Congo Republic,Kinkala,2021,3.9714393255288535e+18
COG,Congo Republic,Mossendjo,2021,2.1624127865144228e+18
COG,Congo Republic,Gamboma,2021,3.458667295812e+18
COG,Congo Republic,Djambala,2021,3.6967129766666844e+18
CIV,Cote d'Ivoire,Abidjan,2021,3.621752393895481e+18
CIV,Cote d'Ivoire,Yamoussoukro,2021,2.390516464774146e+18
CIV,Cote d'Ivoire,Bouake,2021,2.3234547232275543e+18
CIV,Cote d'Ivoire,Daloa,2021,1.8632758451947515e+18
CIV,Cote d'Ivoire,San-Pedro,2021,1.5158019557603722e+18
CIV,Cote d'Ivoire,Korhogo,2021,1.960784687409364e+18
CIV,Cote d'Ivoire,Man,2021,1.7096736801864376e+18
CIV,Cote d'Ivoire,Gagnoa,2021,1.7897799297912392e+18
CIV,Cote d'Ivoire,Abengourou,2021,2.0099024180648842e+18
CIV,Cote d'Ivoire,Bondoukou,2021,2.139760177969376e+18
CIV,Cote d'Ivoire,Divo,2021,1.9746006340506506e+18
CIV,Cote d'Ivoire,Odienne,2021,2.1213950128705398e+18
CIV,Cote d'Ivoire,Ferkessedougou,2021,2.016138503610957e+18
CIV,Cote d'Ivoire,Soubre,2021,1.7293207972296177e+18
CIV,Cote d'Ivoire,Sassandra,2021,1.5196548426560369e+18
CIV,Cote d'Ivoire,Agboville,2021,2.098092395583826e+18
CIV,Cote d'Ivoire,Grand-Bassam,2021,2.458801572064777e+18
CIV,Cote d'Ivoire,Dabou,2021,2.4102354744911933e+18
ETH,Ethiopia,Addis Ababa,2021,2.6397099062825e+18
ETH,Ethiopia,Dire Dawa,2021,1.5328514869600023e+18
ETH,Ethiopia,Mekelle,2021,1.4135651335000228e+18
ETH,Ethiopia,Bahir Dar,2021,1.931664906616763e+18
ETH,Ethiopia,Hawassa,2021,1.646972356776146e+18
ETH,Ethiopia,Adama,2021,1.587986890784177e+18
ETH,Ethiopia,Gondar,2021,1.6515100501228477e+18
ETH,Ethiopia,Jimma,2021,1.6869186222633316e+18
ETH,Ethiopia,Dessie,2021,1.3107211647924992e+18
ETH,Ethiopia,Shashamane,2021,1.6170808185681457e+18
ETH,Ethiopia,Harar,2021,1.3551120734854415e+18
ETH,Ethiopia,Arba Minch,2021,1.3203072684742124e+18
ETH,Ethiopia,Debre Markos,2021,1.6434685266958554e+18
ETH,Ethiopia,Debre Birhan,2021,1.1767149778151619e+18
ETH,Ethiopia,Nekemte,2021,2.0612268198345446e+18
ETH,Ethiopia,Asella,2021,1.3638441951849293e+18
ETH,Ethiopia,Wolaita Sodo,2021,1.5333986835816988e+18
ETH,Ethiopia,Jijiga,2021,1.2129202613901358e+18
GAB,Gabon,Libreville,2021,2.8081746258699955e+18
GAB,Gabon,Port-Gentil,2021,2.379165896671942e+18
GAB,Gabon,Franceville,2021,2.5112641752465224e+18
GAB,Gabon,Oyem,2021,2.010165193376428e+18
GAB,Gabon,Moanda,2021,2.409643623168818e+18
GAB,Gabon,Lambarene,2021,2.527748039644446e+18
GAB,Gabon,Mouila,2021,2.1468287360608154e+18
GAB,Gabon,Koulamoutou,2021,2.2976468633244285e+18
GAB,Gabon,Tchibanga,2021,2.1218943120642775e+18
GAB,Gabon,Makokou,2021,2.0522778290501806e+18
GAB,Gabon,Bitam,2021,2.0871475258076728e+18
GAB,Gabon,Ndende,2021,2.2446590110745836e+18
GHA,Ghana,Accra,2021,3.268512051900335e+18
GHA,Ghana,Kumasi,2021,2.858099970307461e+18
GHA,Ghana,Tamale,2021,3.109910182051378e+18
GHA,Ghana,Sekondi-Takoradi,2021,2.1403986776642877e+18
GHA,Ghana,Sunyani,2021,2.358960287609024e+18
GHA,Ghana,Cape Coast,2021,2.0011467366859044e+18
GHA,Ghana,Koforidua,2021,2.592015556931719e+18
GHA,Ghana,Ho,2021,2.791938294818044e+18
GHA,Ghana,Tema,2021,3.480994963382269e+18
GHA,Ghana,Obuasi,2021,2.2246611036097324e+18
GHA,Ghana,Bolgatanga,2021,2.6075130072217943e+18
GHA,Ghana,Wa,2021,2.7717789783456133e+18
GHA,Ghana,Techiman,2021,2.4789025785089705e+18
GHA,Ghana,Tarkwa,2021,2.4704129986071593e+18
GHA,Ghana,Sefwi Wiawso,2021,2.0074764635690253e+18
GHA,Ghana,Nkawkaw,2021,2.647378871896026e+18
GHA,Ghana,Dunkwa-on-Offin,2021,2.1854130429137347e+18
GHA,Ghana,Yendi,2021,2.950278543570646e+18
KEN,Kenya,Nairobi,2021,2.6288300733821455e+18
KEN,Kenya,Mombasa,2021,1.544263626746937e+18
KEN,Kenya,Kisumu,2021,2.0007845928866918e+18
KEN,Kenya,Nakuru,2021,1.4907078539839754e+18
KEN,Kenya,Eldoret,2021,1.2931717434060913e+18
KEN,Kenya,Thika,2021,1.8073609699372032e+18
KEN,Kenya,Malindi,2021,8.589927342001641e+17
KEN,Kenya,Kitale,2021,1.2644994539479555e+18
KEN,Kenya,Garissa,2021,9.38802989900667e+17
KEN,Kenya,Nyeri,2021,1.2725517620567434e+18
KEN,Kenya,Machakos,2021,1.2617469039837453e+18
KEN,Kenya,Meru,2021,1.0592061264584041e+18
KEN,Kenya,Kericho,2021,1.451209292616537e+18
KEN,Kenya,Naivasha,2021,1.485006970182806e+18
KEN,Kenya,Embu,2021,1.0946571703482906e+18
KEN,Kenya,Lodwar,2021,1.0033552644110784e+18
KEN,Kenya,Isiolo,2021,1.160618733945233e+18
KEN,Kenya,Wajir,2021,8.085670330089116e+17
LSO,Lesotho,Maseru,2021,1.6669155042272445e+18
LSO,Lesotho,Teyateyaneng,2021,1.5935774570083628e+18
LSO,Lesotho,Mafeteng,2021,1.5827867668627963e+18
LBR,Liberia,Monrovia,2021,1.8249758812873705e+18
LBR,Liberia,Gbarnga,2021,1.731650380794312e+18
LBR,Liberia,Buchanan,2021,1.611684991967853e+18
LBR,Liberia,Harper,2021,1.50022241217961e+18
LBR,Liberia,Voinjama,2021,2.058607032267155e+18
LBR,Liberia,Zwedru,2021,1.5967304919631813e+18
LBR,Liberia,Kakata,2021,1.7105156430227057e+18
LBR,Liberia,Greenville,2021,1.5328918770116608e+18
LBR,Liberia,Tubmanburg,2021,1.7247798546823311e+18
LBR,Liberia,Ganta,2021,1.617903049376169e+18
LBR,Liberia,Robertsport,2021,1.6186162674261632e+18
LBR,Liberia,Fish Town,2021,1.5965683638131459e+18
MDG,Madagascar,Antananarivo,2021,2.2451769924092224e+18
MDG,Madagascar,Toamasina,2021,1.2441980767217234e+18
MDG,Madagascar,Antsirabe,2021,1.601355120940759e+18
MDG,Madagascar,Mahajanga,2021,1.5066185948585503e+18
MDG,Madagascar,Fianarantsoa,2021,1.5032193255140536e+18
MDG,Madagascar,Toliara,2021,1.3425886587692705e+18
MDG,Madagascar,Antsiranana,2021,8.870849878903892e+17
MDG,Madagascar,Morondava,2021,1.7036114924034312e+18
MDG,Madagascar,Sambava,2021,9.324022606917448e+17
MDG,Madagascar,Ambatondrazaka,2021,1.4660117823314043e+18
MDG,Madagascar,Farafangana,2021,1.2738864787204306e+18
MDG,Madagascar,Mananjary,2021,1.1574033009864607e+18
MDG,Madagascar,Manakara,2021,1.1969206806957844e+18
MDG,Madagascar,Antalaha,2021,9.764198814634104e+17
MDG,Madagascar,Hell-Ville,2021,1.1335424197884676e+18
MDG,Madagascar,Marovoay,2021,1.6446591488500406e+18
MDG,Madagascar,Ambanja,2021,1.2108923312812047e+18
MWI,Malawi,Lilongwe,2021,2.2690508302901228e+18
MWI,Malawi,Blantyre,2021,2.6034506980864993e+18
MWI,Malawi,Mzuzu,2021,1.9715604187946214e+18
MWI,Malawi,Zomba,2021,2.388574420917886e+18
MWI,Malawi,Karonga,2021,1.8242010027291034e+18
MWI,Malawi,Mangochi,2021,2.2446218567360243e+18
MWI,Malawi,Salima,2021,2.0076606746238167e+18
MLI,Mali,Bamako,2021,3.411781522672167e+18
MLI,Mali,Sikasso,2021,2.1291598907975808e+18
MLI,Mali,Mopti,2021,2.0553174979650084e+18
MLI,Mali,Koutiala,2021,2.0449530159893087e+18
MLI,Mali,Kayes,2021,2.4028353958069437e+18
MLI,Mali,Segou,2021,2.1642146605853742e+18
MWI,Malawi,Karonga,2021,1.8242010027291034e+18
MWI,Malawi,Mangochi,2021,2.2446218567360243e+18
MWI,Malawi,Salima,2021,2.0076606746238167e+18
MRT,Mauritania,Nouakchott,2021,1.7767245558287427e+18
MRT,Mauritania,Nouadhibou,2021,1.3293623551630523e+18
MRT,Mauritania,Rosso,2021,1.6664580076921213e+18
MRT,Mauritania,Zouerate,2021,1.5166954548146714e+18
MRT,Mauritania,Atar,2021,1.184334783839785e+18
MRT,Mauritania,Kaedi,2021,1.606303948416717e+18
MOZ,Mozambique,Maputo,2021,4.706905101339226e+18
MOZ,Mozambique,Matola,2021,5.120424182179465e+18
MOZ,Mozambique,Beira,2021,1.8367242367958725e+18
MOZ,Mozambique,Nampula,2021,2.3732382611604813e+18
MOZ,Mozambique,Chimoio,2021,2.838660964764567e+18
MOZ,Mozambique,Nacala,2021,1.4441537344485212e+18
MOZ,Mozambique,Quelimane,2021,1.9517818689648607e+18
MOZ,Mozambique,Tete,2021,2.4559661347555077e+18
MOZ,Mozambique,Pemba,2021,1.3537897382758052e+18
MOZ,Mozambique,Lichinga,2021,2.0237686497526996e+18
MOZ,Mozambique,Xai-Xai,2021,2.1575553765993943e+18
MOZ,Mozambique,Maxixe,2021,1.3912437525392632e+18
NGA,Nigeria,Lagos,2021,7.509421504465751e+18
NGA,Nigeria,Abuja,2021,5.687672565989376e+18
NGA,Nigeria,Kano,2021,3.945636206989064e+18
NGA,Nigeria,Ibadan,2021,4.5585693799012055e+18
NGA,Nigeria,Port Harcourt,2021,4.902680382414509e+18
NGA,Nigeria,Benin City,2021,4.311826453677814e+18
NGA,Nigeria,Onitsha,2021,4.921408306646544e+18
NGA,Nigeria,Aba,2021,4.772802914404143e+18
NGA,Nigeria,Kaduna,2021,3.1820114557782083e+18
NGA,Nigeria,Enugu,2021,4.159126877430599e+18
NGA,Nigeria,Ilorin,2021,3.497685667162038e+18
NGA,Nigeria,Warri,2021,3.9915734346657915e+18
NGA,Nigeria,Maiduguri,2021,2.9414932879279974e+18
NGA,Nigeria,Zaria,2021,3.118881137673176e+18
NGA,Nigeria,Sokoto,2021,2.857393245524629e+18
NGA,Nigeria,Uyo,2021,4.086403254598272e+18
NGA,Nigeria,Jos,2021,2.5812876097490273e+18
NGA,Nigeria,Calabar,2021,3.462806469256635e+18
ZAF,South Africa,Johannesburg,2021,1.5472571419042163e+19
ZAF,South Africa,Cape Town,2021,3.488857659578077e+18
ZAF,South Africa,Durban,2021,4.963610165886734e+18
ZAF,South Africa,Pretoria,2021,1.1076089602511395e+19
ZAF,South Africa,Port Elizabeth,2021,1.8175768722102126e+18
ZAF,South Africa,Bloemfontein,2021,2.1368346921125402e+18
ZAF,South Africa,East London,2021,1.9527346066404854e+18
ZAF,South Africa,Soweto,2021,1.1293637028165337e+19
ZAF,South Africa,Pietermaritzburg,2021,4.218479837101538e+18
ZAF,South Africa,Polokwane,2021,3.042495961575317e+18
ZAF,South Africa,Rustenburg,2021,5.443279960129061e+18
ZMB,Zambia,Lusaka,2021,3.2459207206993213e+18
ZMB,Zambia,Kitwe,2021,3.570229416692651e+18
ZMB,Zambia,Ndola,2021,3.5823448255392123e+18
ZMB,Zambia,Kabwe,2021,2.616063640231205e+18
ZMB,Zambia,Chingola,2021,3.4747101536311245e+18
ZMB,Zambia,Livingstone,2021,2.2832688485137536e+18
ZMB,Zambia,Solwezi,2021,3.6583407381575276e+18
ZMB,Zambia,Mufulira,2021,3.4207408834083154e+18
ZMB,Zambia,Luanshya,2021,3.4731290213703055e+18
ZWE,Zimbabwe,Harare,2021,3.2034437171799716e+18
ZWE,Zimbabwe,Bulawayo,2021,2.1791785080862387e+18
ZWE,Zimbabwe,Chitungwiza,2021,2.882442424511816e+18
ZWE,Zimbabwe,Mutare,2021,1.9465107185324227e+18
ZWE,Zimbabwe,Gweru,2021,1.9636107378831918e+18
ZWE,Zimbabwe,Kwekwe,2021,2.034500740490798e+18
ZWE,Zimbabwe,Masvingo,2021,1.8600135716517898e+18
ZWE,Zimbabwe,Chinhoyi,2021,2.668495540443699e+18
ZWE,Zimbabwe,Kadoma,2021,2.316307086340447e+18
ZWE,Zimbabwe,Victoria Falls,2021,2.1937609258553792e+18
ZWE,Zimbabwe,Redcliff,2021,2.0327564684424228e+18
ZWE,Zimbabwe,Norton,2021,3.019087790088669e+18
ZWE,Zimbabwe,Hwange,2021,2.5320708978489615e+18
ZWE,Zimbabwe,Victoria Falls,2021,2.1937609258553792e+18
ZWE,Zimbabwe,Bulawayo,2021,2.1791785080862387e+18
ZWE,Zimbabwe,Chegutu,2021,2.569495073002018e+18
ZWE,Zimbabwe,Kadoma,2021,2.316307086340447e+18
COM,Comoros,Moroni,2021,1.039384301360873e+18
COM,Comoros,Mutsamudu,2021,1.0206463564138317e+18
COM,Comoros,Fomboni,2021,1.0812706729312625e+18
ERI,Eritrea,Asmara,2021,1.611707280433635e+18
ERI,Eritrea,Keren,2021,1.7173149868074324e+18
ERI,Eritrea,Massawa,2021,1.7334840528411517e+18
GNQ,Equatorial Guinea,Malabo,2021,2.8575568258643323e+18
GNQ,Equatorial Guinea,Bata,2021,2.1967434850018872e+18
GNQ,Equatorial Guinea,Ebibeyin,2021,2.1581290252855757e+18
GMB,Gambia,Banjul,2021,2.5637705198544963e+18
GMB,Gambia,Serekunda,2021,2.550495429381847e+18
GMB,Gambia,Brikama,2021,2.525974734710612e+18
GIN,Guinea,Conakry,2021,2.7340371629871053e+18
GIN,Guinea,Kankan,2021,2.4846578173763456e+18
GIN,Guinea,Kindia,2021,2.673415114282846e+18
GIN,Guinea,Nzérékoré,2021,1.8898838059086175e+18
GIN,Guinea,Labe,2021,2.0900898821554642e+18
GIN,Guinea,Fria,2021,2.943063419382495e+18
GNB,Guinea-Bissau,Bissau,2021,2.1688875925453332e+18
GNB,Guinea-Bissau,Bafatá,2021,2.2309362113279764e+18
GNB,Guinea-Bissau,Gabú,2021,2.2777038625502838e+18
NAM,Namibia,Windhoek,2021,1.6319543664333757e+18
NAM,Namibia,Walvis Bay,2021,1.298129027677663e+18
NAM,Namibia,Swakopmund,2021,1.3439537057993108e+18
NAM,Namibia,Rundu,2021,2.335261606661901e+18
NAM,Namibia,Oshakati,2021,1.9356474360753009e+18
NAM,Namibia,Otjiwarongo,2021,1.657033754250607e+18
NER,Niger,Niamey,2021,2.592482659749463e+18
NER,Niger,Zinder,2021,1.8990828749534234e+18
NER,Niger,Maradi,2021,2.203316000169219e+18
NER,Niger,Agadez,2021,1.5311738401251016e+18
NER,Niger,Tahoua,2021,1.892404122481899e+18
RWA,Rwanda,Kigali,2021,1.8745722977358915e+18
RWA,Rwanda,Huye,2021,1.6209001944026493e+18
RWA,Rwanda,Rubavu,2021,1.4634778263638866e+18
RWA,Rwanda,Musanze,2021,1.2640403095281252e+18
RWA,Rwanda,Rusizi,2021,1.6803238185100196e+18
STP,Sao Tome and Principe,São Tomé,2021,1.905509282008186e+18
STP,Sao Tome and Principe,Santo António,2021,1.8697842871350075e+18
STP,Sao Tome and Principe,Neves,2021,1.9119882002076826e+18
SEN,Senegal,Ziguinchor,2021,2.2133964634672553e+18
SEN,Senegal,Tambacounda,2021,2.4716621258802616e+18
SEN,Senegal,Dakar,2021,3.4738543762029076e+18
SEN,Senegal,Thiès,2021,2.817259192335831e+18
SEN,Senegal,Saint-Louis,2021,1.64559533764926e+18
SEN,Senegal,Kaolack,2021,2.6497116049408353e+18
SLE,Sierra Leone,Freetown,2021,2.43378424246327e+18
SLE,Sierra Leone,Bo,2021,2.0705318240008922e+18
SLE,Sierra Leone,Kenema,2021,2.045693521344005e+18
SLE,Sierra Leone,Makeni,2021,2.5685488710294897e+18
SOM,Somalia,Mogadishu,2021,8.463112357232182e+17
SOM,Somalia,Hargeisa,2021,1.247886475411753e+18
SOM,Somalia,Bosaso,2021,1.207882278074928e+18
SOM,Somalia,Kismayo,2021,6.152914101973661e+17
SOM,Somalia,Baidoa,2021,7.002486768767631e+17
SSD,South Sudan,Juba,2021,3.547649674936404e+18
SSD,South Sudan,Wau,2021,2.632765434095664e+18
SSD,South Sudan,Malakal,2021,2.6645172755350057e+18
SSD,South Sudan,Bor,2021,3.129913308531688e+18
SDN,Sudan,Khartoum,2021,4.5318328543131105e+18
SDN,Sudan,Omdurman,2021,4.233644796082852e+18
SDN,Sudan,Port Sudan,2021,1.894555530460049e+18
SDN,Sudan,Nyala,2021,1.9656519100573773e+18
SDN,Sudan,Ed Damer,2021,2.2671838205634616e+18
SDN,Sudan,El Obeid,2021,2.0766134807490985e+18
SDN,Sudan,Kassala,2021,2.1811013580252908e+18
SDN,Sudan,Wad Madani,2021,2.555733055938752e+18
SDN,Sudan,Kosti,2021,2.707158776312828e+18
SDN,Sudan,Rabak,2021,2.756326307419936e+18
SDN,Sudan,El Obeid,2021,2.0766134807490985e+18
SDN,Sudan,Sennar,2021,2.3523906501096765e+18
SDN,Sudan,Wad Madani,2021,2.555733055938752e+18
SDN,Sudan,Kosti,2021,2.707158776312828e+18
SDN,Sudan,Rabak,2021,2.756326307419936e+18
SDN,Sudan,Sennar,2021,2.3523906501096765e+18
TZA,Tanzania,Dar es Salaam,2021,1.953768194342744e+18
TZA,Tanzania,Dodoma,2021,1.5251028958667144e+18
TZA,Tanzania,Mwanza,2021,1.695498298635886e+18
TZA,Tanzania,Arusha,2021,1.2677223912751442e+18
TZA,Tanzania,Zanzibar City,2021,1.2525070945710292e+18
TZA,Tanzania,Mbeya,2021,1.6798581196280502e+18
TZA,Tanzania,Tabora,2021,1.7838057505258947e+18
TGO,Togo,Lomé,2021,2.7674467906050673e+18
TGO,Togo,Sokodé,2021,2.5132315290579845e+18
TGO,Togo,Kara,2021,2.5961315175630264e+18
TGO,Togo,Atakpamé,2021,2.7820232324831017e+18
UGA,Uganda,Kampala,2021,2.278950395180877e+18
UGA,Uganda,Entebbe,2021,1.6792256839714406e+18
UGA,Uganda,Jinja,2021,1.667361255581505e+18
UGA,Uganda,Mbarara,2021,1.6696226998439355e+18
UGA,Uganda,Gulu,2021,2.5876506226907935e+18
UGA,Uganda,Fort Portal,2021,1.6272639207011246e+18
AGO,Angola,Luanda,2022,4.585723410682152e+18
AGO,Angola,Benguela,2022,2.1816532058423035e+18
AGO,Angola,Lobito,2022,2.1957237962482053e+18
AGO,Angola,Huambo,2022,3.083517831213944e+18
AGO,Angola,Lubango,2022,2.0752016154568458e+18
AGO,Angola,Cabinda,2022,2.7972090748962427e+18
AGO,Angola,Malanje,2022,3.977590812907348e+18
AGO,Angola,Namibe,2022,1.626110459668823e+18
AGO,Angola,Sumbe,2022,2.2881648406873556e+18
AGO,Angola,Uige,2022,3.8576980082968033e+18
AGO,Angola,Soyo,2022,2.7657371379575654e+18
BEN,Benin,Bohicon,2022,3.0068685660037734e+18
BEN,Benin,Abomey,2022,3.0115847495627443e+18
BEN,Benin,Ouidah,2022,2.5949807411628544e+18
BEN,Benin,Kandi,2022,2.565938062414421e+18
BEN,Benin,Natitingou,2022,2.770827469603115e+18
BEN,Benin,Save,2022,2.8028723555999867e+18
BEN,Benin,Savalou,2022,2.673527624275631e+18
BEN,Benin,Comé,2022,2.512889062810545e+18
BEN,Benin,Allada,2022,2.936422417077753e+18
BEN,Benin,Dogbo,2022,3.0358534309321713e+18
BEN,Benin,Lokossa,2022,2.980579704224576e+18
BEN,Benin,Tchaourou,2022,2.4614312980916936e+18
BEN,Benin,Malanville,2022,2.520123251519085e+18
BEN,Benin,Tanguiéta,2022,2.8371854582149325e+18
BEN,Benin,Bassila,2022,2.4667556561580836e+18
BEN,Benin,Pobe,2022,3.6821720769732454e+18
BEN,Benin,Ketou,2022,3.2412308318149304e+18
BWA,Botswana,Gaborone,2022,2.742376707789388e+18
BWA,Botswana,Francistown,2022,1.8143983111442688e+18
BWA,Botswana,Maun,2022,1.9031749160163218e+18
BWA,Botswana,Serowe,2022,1.8896399624943698e+18
BWA,Botswana,Kanye,2022,2.1071835774606418e+18
BWA,Botswana,Molepolole,2022,2.0381791276616604e+18
BWA,Botswana,Mochudi,2022,2.489347658646142e+18
BWA,Botswana,Selebi-Phikwe,2022,1.7801843327164104e+18
BWA,Botswana,Palapye,2022,2.1684364942925348e+18
BWA,Botswana,Lobatse,2022,2.3199626252855726e+18
BWA,Botswana,Ramotswa,2022,2.6344651518361856e+18
BWA,Botswana,Letlhakane,2022,1.670938957368731e+18
BWA,Botswana,Orapa,2022,1.6742909259225818e+18
BWA,Botswana,Kasane,2022,2.5283895944137334e+18
BWA,Botswana,Ghanzi,2022,1.5653999761102036e+18
BWA,Botswana,Jwaneng,2022,2.0056402790914493e+18
BWA,Botswana,Tsabong,2022,1.5988914794925834e+18
BWA,Botswana,Shoshong,2022,2.1442255719050732e+18
BFA,Burkina Faso,Ouagadougou,2022,2.9421083081180483e+18
BFA,Burkina Faso,Bobo-Dioulasso,2022,2.1853829357001836e+18
BFA,Burkina Faso,Koudougou,2022,2.155569614340043e+18
BFA,Burkina Faso,Banfora,2022,1.9194514010854129e+18
BFA,Burkina Faso,Ouahigouya,2022,1.9477610603335462e+18
BFA,Burkina Faso,Kaya,2022,1.9601010079343818e+18
BFA,Burkina Faso,Tenkodogo,2022,1.9683588052971095e+18
BFA,Burkina Faso,Fada N'Gourma,2022,2.041807932057993e+18
BFA,Burkina Faso,Dedougou,2022,2.078425889624258e+18
BFA,Burkina Faso,Dori,2022,1.9449842205350136e+18
BFA,Burkina Faso,Gaoua,2022,2.533527003309576e+18
BFA,Burkina Faso,Kongoussi,2022,2.0165078064930985e+18
BFA,Burkina Faso,Manga,2022,1.950502543180796e+18
BFA,Burkina Faso,Reo,2022,2.1242655430496292e+18
BFA,Burkina Faso,Ziniare,2022,2.2843647118423744e+18
BFA,Burkina Faso,Hounde,2022,2.0685481873507697e+18
BFA,Burkina Faso,Po,2022,2.2202660627290583e+18
BFA,Burkina Faso,Leo,2022,2.2491986972057088e+18
BDI,Burundi,Bujumbura,2022,2.2324701621227812e+18
BDI,Burundi,Gitega,2022,1.4994206881165875e+18
BDI,Burundi,Ngozi,2022,1.6225412952395003e+18
BDI,Burundi,Rumonge,2022,1.7483679853116032e+18
BDI,Burundi,Bururi,2022,1.5285833946577516e+18
BDI,Burundi,Muyinga,2022,1.5824001465695585e+18
BDI,Burundi,Ruyigi,2022,1.7369204830602898e+18
BDI,Burundi,Makamba,2022,1.6788690619386747e+18
BDI,Burundi,Kayanza,2022,1.5056170765079939e+18
BDI,Burundi,Muramvya,2022,1.7479907929614362e+18
BDI,Burundi,Cibitoke,2022,1.9635951971631214e+18
BDI,Burundi,Karuzi,2022,1.5578770686637356e+18
BDI,Burundi,Kirundo,2022,1.7537989178591857e+18
BDI,Burundi,Mwaro,2022,1.4153383143967104e+18
BDI,Burundi,Nyanza-Lac,2022,1.8765964781006129e+18
CMR,Cameroon,Douala,2022,3.366922102416815e+18
CMR,Cameroon,Yaounde,2022,2.9755479703797094e+18
CMR,Cameroon,Garoua,2022,2.598881125273771e+18
CMR,Cameroon,Bamenda,2022,2.9597134207060193e+18
CMR,Cameroon,Maroua,2022,2.3368993368901074e+18
CMR,Cameroon,Ngaoundere,2022,2.3361696092321475e+18
CMR,Cameroon,Bafoussam,2022,2.9758191323192893e+18
CMR,Cameroon,Bertoua,2022,2.777935499463319e+18
CMR,Cameroon,Ebolowa,2022,2.3722317631997716e+18
CMR,Cameroon,Kribi,2022,2.353559737911369e+18
CMR,Cameroon,Limbe,2022,2.4364513668786616e+18
CMR,Cameroon,Kumba,2022,2.5334270743307766e+18
CMR,Cameroon,Nkongsamba,2022,2.4955338682753526e+18
CMR,Cameroon,Edea,2022,2.7371968782853386e+18
CMR,Cameroon,Sangmelima,2022,2.2540026093108736e+18
CMR,Cameroon,Foumban,2022,2.819223503810296e+18
CMR,Cameroon,Dschang,2022,2.842365367348727e+18
CMR,Cameroon,Kousseri,2022,2.8177663218801316e+18
CAF,Central African Republic,Bangui,2022,3.717698153966755e+18
CAF,Central African Republic,Bimbo,2022,3.274643828527452e+18
CAF,Central African Republic,Berberati,2022,3.17618061473642e+18
CAF,Central African Republic,Bambari,2022,3.381409765562901e+18
CAF,Central African Republic,Bouar,2022,3.569160026485086e+18
CAF,Central African Republic,Bossangoa,2022,3.4271596933257175e+18
CAF,Central African Republic,Bria,2022,2.9217769808597545e+18
CAF,Central African Republic,Bangassou,2022,2.741216729110123e+18
CAF,Central African Republic,Kaga-Bandoro,2022,3.732573925858308e+18
CAF,Central African Republic,Mbaiki,2022,2.6374414629832827e+18
CAF,Central African Republic,Bozoum,2022,2.935367208049255e+18
CAF,Central African Republic,Carnot,2022,4.926357774661273e+18
CAF,Central African Republic,Sibut,2022,3.465051927165049e+18
CAF,Central African Republic,Alindao,2022,3.511105359798334e+18
CAF,Central African Republic,Mobaye,2022,2.92510406228468e+18
CAF,Central African Republic,Nola,2022,2.2997124070085765e+18
TCD,Chad,N'Djamena,2022,2.8028512138193746e+18
TCD,Chad,Moundou,2022,2.4391362328939325e+18
TCD,Chad,Sarh,2022,2.699201464771845e+18
TCD,Chad,Abeche,2022,2.0046927730804803e+18
TCD,Chad,Kelo,2022,2.2573719581777316e+18
TCD,Chad,Koumra,2022,2.5571522579068273e+18
TCD,Chad,Pala,2022,2.1974303169726449e+18
TCD,Chad,Am Timan,2022,2.362936766895017e+18
TCD,Chad,Bongor,2022,2.419177798571212e+18
TCD,Chad,Mongo,2022,2.28055554611648e+18
TCD,Chad,Faya-Largeau,2022,1.2326459958844032e+18
TCD,Chad,Doba,2022,2.5866956913913825e+18
TCD,Chad,Ati,2022,2.1282241126230124e+18
TCD,Chad,Biltine,2022,1.7925263324297572e+18
TCD,Chad,Mao,2022,1.6937003748462316e+18
TCD,Chad,Massakory,2022,2.049067274779575e+18
COD,DR Congo,Kinshasa,2022,5.090440546299765e+18
COD,DR Congo,Lubumbashi,2022,4.309191795064142e+18
COD,DR Congo,Mbuji-Mayi,2022,4.2194070451270917e+18
COD,DR Congo,Kisangani,2022,2.2075301783249367e+18
COD,DR Congo,Goma,2022,1.4713290510033231e+18
COD,DR Congo,Bukavu,2022,1.580994906929739e+18
COD,DR Congo,Kananga,2022,4.3532619449414774e+18
COD,DR Congo,Kolwezi,2022,4.929618290760711e+18
COD,DR Congo,Tshikapa,2022,4.795171361046518e+18
COD,DR Congo,Matadi,2022,3.428427575823166e+18
COD,DR Congo,Boma,2022,3.306584066819851e+18
COD,DR Congo,Uvira,2022,2.0236637274191954e+18
COD,DR Congo,Kindu,2022,2.4917575776599823e+18
COD,DR Congo,Kalemie,2022,2.2756014564039063e+18
COD,DR Congo,Likasi,2022,4.078848140409424e+18
COD,DR Congo,Kikwit,2022,4.682509327937517e+18
COD,DR Congo,Gemena,2022,2.803658427744752e+18
COD,DR Congo,Isiro,2022,2.1887104104351101e+18
COG,Congo Republic,Brazzaville,2022,5.16253496394687e+18
COG,Congo Republic,Pointe-Noire,2022,3.090951291722708e+18
COG,Congo Republic,Dolisie,2022,3.3218976633881713e+18
COG,Congo Republic,Nkayi,2022,3.581785133560351e+18
COG,Congo Republic,Owando,2022,2.7561156171123087e+18
COG,Congo Republic,Ouesso,2022,2.2553104262752753e+18
COG,Congo Republic,Impfondo,2022,2.1353857811482245e+18
COG,Congo Republic,Sibiti,2022,3.113181574131176e+18
COG,Congo Republic,Madingou,2022,3.5812754881855857e+18
COG,Congo Republic,Kinkala,2022,3.962196097584436e+18
COG,Congo Republic,Mossendjo,2022,2.4498228298889293e+18
COG,Congo Republic,Gamboma,2022,3.7343736726369644e+18
COG,Congo Republic,Djambala,2022,4.19152131180948e+18
CIV,Cote d'Ivoire,Abidjan,2022,3.790464385678937e+18
CIV,Cote d'Ivoire,Yamoussoukro,2022,2.5682815525842575e+18
CIV,Cote d'Ivoire,Bouake,2022,2.446623174312907e+18
CIV,Cote d'Ivoire,Daloa,2022,1.8578189125142886e+18
CIV,Cote d'Ivoire,San-Pedro,2022,1.516912866212352e+18
CIV,Cote d'Ivoire,Korhogo,2022,1.9165810768319101e+18
CIV,Cote d'Ivoire,Man,2022,1.808482555727006e+18
CIV,Cote d'Ivoire,Gagnoa,2022,1.8866604771259704e+18
CIV,Cote d'Ivoire,Abengourou,2022,2.071635131923236e+18
CIV,Cote d'Ivoire,Bondoukou,2022,2.2529846292242286e+18
CIV,Cote d'Ivoire,Divo,2022,2.0039232529091907e+18
CIV,Cote d'Ivoire,Odienne,2022,2.0193559614420357e+18
CIV,Cote d'Ivoire,Ferkessedougou,2022,1.9382948632983962e+18
CIV,Cote d'Ivoire,Soubre,2022,1.760017670707387e+18
CIV,Cote d'Ivoire,Sassandra,2022,1.4908555132942147e+18
CIV,Cote d'Ivoire,Agboville,2022,2.2393775915527685e+18
CIV,Cote d'Ivoire,Grand-Bassam,2022,2.4784607769492004e+18
CIV,Cote d'Ivoire,Dabou,2022,2.459470822776581e+18
ETH,Ethiopia,Addis Ababa,2022,2.4616254935902884e+18
ETH,Ethiopia,Dire Dawa,2022,1.4652043771902595e+18
ETH,Ethiopia,Mekelle,2022,1.2971028614850202e+18
ETH,Ethiopia,Bahir Dar,2022,1.886865603213759e+18
ETH,Ethiopia,Hawassa,2022,1.5942657421394053e+18
ETH,Ethiopia,Adama,2022,1.4897731405403453e+18
ETH,Ethiopia,Gondar,2022,1.60898570171433e+18
ETH,Ethiopia,Jimma,2022,1.5028406799859013e+18
ETH,Ethiopia,Dessie,2022,1.197581488493997e+18
ETH,Ethiopia,Shashamane,2022,1.5603467285779436e+18
ETH,Ethiopia,Harar,2022,1.3164798051196503e+18
ETH,Ethiopia,Arba Minch,2022,1.227533084738405e+18
ETH,Ethiopia,Debre Markos,2022,1.4513211989961277e+18
ETH,Ethiopia,Debre Birhan,2022,1.1021051630457155e+18
ETH,Ethiopia,Nekemte,2022,1.9418487967552036e+18
ETH,Ethiopia,Asella,2022,1.195159265715931e+18
ETH,Ethiopia,Wolaita Sodo,2022,1.4268366812149983e+18
ETH,Ethiopia,Jijiga,2022,1.196810905456273e+18
GAB,Gabon,Libreville,2022,2.843589889694808e+18
GAB,Gabon,Port-Gentil,2022,2.4589028926443223e+18
GAB,Gabon,Franceville,2022,2.691958918730914e+18
GAB,Gabon,Oyem,2022,2.174985375899347e+18
GAB,Gabon,Moanda,2022,2.570666118331356e+18
GAB,Gabon,Lambarene,2022,2.561102300501927e+18
GAB,Gabon,Mouila,2022,2.361118824003726e+18
GAB,Gabon,Koulamoutou,2022,2.427522754677536e+18
GAB,Gabon,Tchibanga,2022,2.469346732742525e+18
GAB,Gabon,Makokou,2022,2.274745805386526e+18
GAB,Gabon,Bitam,2022,2.23608691585216e+18
GAB,Gabon,Ndende,2022,2.4171530578205763e+18
GHA,Ghana,Accra,2022,3.342631430606984e+18
GHA,Ghana,Kumasi,2022,3.246487036566818e+18
GHA,Ghana,Tamale,2022,3.108213527260624e+18
GHA,Ghana,Sekondi-Takoradi,2022,2.2141484432400748e+18
GHA,Ghana,Sunyani,2022,2.5587493826871613e+18
GHA,Ghana,Cape Coast,2022,1.9724043177879421e+18
GHA,Ghana,Koforidua,2022,2.979865349564891e+18
GHA,Ghana,Ho,2022,3.272521235189238e+18
GHA,Ghana,Tema,2022,3.375550966788396e+18
GHA,Ghana,Obuasi,2022,2.450205570905231e+18
GHA,Ghana,Bolgatanga,2022,2.519750923776911e+18
GHA,Ghana,Wa,2022,2.817452019702005e+18
GHA,Ghana,Techiman,2022,2.7160238785559076e+18
GHA,Ghana,Tarkwa,2022,2.469743558839065e+18
GHA,Ghana,Sefwi Wiawso,2022,2.1708063935881446e+18
GHA,Ghana,Nkawkaw,2022,2.7922647668416835e+18
GHA,Ghana,Dunkwa-on-Offin,2022,2.3587354921012536e+18
GHA,Ghana,Yendi,2022,2.968624840544544e+18
KEN,Kenya,Nairobi,2022,3.0518927477849743e+18
KEN,Kenya,Mombasa,2022,1.5681602328690166e+18
KEN,Kenya,Kisumu,2022,1.9191170087308111e+18
KEN,Kenya,Nakuru,2022,1.545750299033007e+18
KEN,Kenya,Eldoret,2022,1.1572942195365315e+18
KEN,Kenya,Thika,2022,1.9514015878011858e+18
KEN,Kenya,Malindi,2022,8.303329217505971e+17
KEN,Kenya,Kitale,2022,1.152210453280898e+18
KEN,Kenya,Garissa,2022,9.262747362083269e+17
KEN,Kenya,Nyeri,2022,1.3324224817258033e+18
KEN,Kenya,Machakos,2022,1.2918114287258074e+18
KEN,Kenya,Meru,2022,1.0621130822998308e+18
KEN,Kenya,Kericho,2022,1.4526792489996923e+18
KEN,Kenya,Naivasha,2022,1.5867691229407386e+18
KEN,Kenya,Embu,2022,1.089962034425037e+18
KEN,Kenya,Lodwar,2022,9.805865912975752e+17
KEN,Kenya,Isiolo,2022,1.0965551969629504e+18
KEN,Kenya,Wajir,2022,7.939730345621445e+17
LSO,Lesotho,Maseru,2022,1.7917903599115116e+18
LSO,Lesotho,Teyateyaneng,2022,1.7808205707573883e+18
LSO,Lesotho,Mafeteng,2022,1.7946989814785905e+18
LBR,Liberia,Monrovia,2022,1.818169424948843e+18
LBR,Liberia,Gbarnga,2022,1.696061370602136e+18
LBR,Liberia,Buchanan,2022,1.6057370872700209e+18
LBR,Liberia,Harper,2022,1.4962160083602273e+18
LBR,Liberia,Voinjama,2022,2.537041199804268e+18
LBR,Liberia,Zwedru,2022,1.5988782189327073e+18
LBR,Liberia,Kakata,2022,1.7754080199653565e+18
LBR,Liberia,Greenville,2022,1.49037398814661e+18
LBR,Liberia,Tubmanburg,2022,1.803106703029886e+18
LBR,Liberia,Ganta,2022,1.7521188371101478e+18
LBR,Liberia,Robertsport,2022,1.607545277289723e+18
LBR,Liberia,Fish Town,2022,1.5658768527409871e+18
MDG,Madagascar,Antananarivo,2022,2.232195106791571e+18
MDG,Madagascar,Toamasina,2022,1.2514968489596933e+18
MDG,Madagascar,Antsirabe,2022,1.674897865867455e+18
MDG,Madagascar,Mahajanga,2022,1.5740457071410703e+18
MDG,Madagascar,Fianarantsoa,2022,1.3977746450470769e+18
MDG,Madagascar,Toliara,2022,1.3189846503341868e+18
MDG,Madagascar,Antsiranana,2022,1.0280616889266193e+18
MDG,Madagascar,Morondava,2022,1.7157509091271598e+18
MDG,Madagascar,Sambava,2022,9.7391876037565e+17
MDG,Madagascar,Ambatondrazaka,2022,1.6913457892078372e+18
MDG,Madagascar,Farafangana,2022,1.2387035841506803e+18
MDG,Madagascar,Mananjary,2022,1.158971031247335e+18
MDG,Madagascar,Manakara,2022,1.1746577343209897e+18
MDG,Madagascar,Antalaha,2022,1.01638811358656e+18
MDG,Madagascar,Hell-Ville,2022,1.268580521347625e+18
MDG,Madagascar,Marovoay,2022,1.736268957947634e+18
MDG,Madagascar,Ambanja,2022,1.4380843506288556e+18
MWI,Malawi,Lilongwe,2022,2.491938734802575e+18
MWI,Malawi,Blantyre,2022,2.7908060217559e+18
MWI,Malawi,Mzuzu,2022,2.1350507795230566e+18
MWI,Malawi,Zomba,2022,2.6154858348540396e+18
MWI,Malawi,Karonga,2022,1.864232146598575e+18
MWI,Malawi,Mangochi,2022,2.3511872604446546e+18
MWI,Malawi,Salima,2022,2.0878833110131008e+18
MLI,Mali,Bamako,2022,3.368664306909958e+18
MLI,Mali,Sikasso,2022,1.9059152073340764e+18
MLI,Mali,Mopti,2022,1.8769789920041124e+18
MLI,Mali,Koutiala,2022,1.8686110141760358e+18
MLI,Mali,Kayes,2022,2.3230962281227387e+18
MLI,Mali,Segou,2022,1.957280072439574e+18
MWI,Malawi,Karonga,2022,1.864232146598575e+18
MWI,Malawi,Mangochi,2022,2.3511872604446546e+18
MWI,Malawi,Salima,2022,2.0878833110131008e+18
MRT,Mauritania,Nouakchott,2022,1.799687447316314e+18
MRT,Mauritania,Nouadhibou,2022,1.2379210944211308e+18
MRT,Mauritania,Rosso,2022,1.6198960625138145e+18
MRT,Mauritania,Zouerate,2022,1.5095561518936694e+18
MRT,Mauritania,Atar,2022,1.1900959628938168e+18
MRT,Mauritania,Kaedi,2022,1.5324506566894659e+18
MOZ,Mozambique,Maputo,2022,3.846550357094365e+18
MOZ,Mozambique,Matola,2022,4.110499478036782e+18
MOZ,Mozambique,Beira,2022,1.79565791378811e+18
MOZ,Mozambique,Nampula,2022,2.4935906818698977e+18
MOZ,Mozambique,Chimoio,2022,2.763977308918473e+18
MOZ,Mozambique,Nacala,2022,1.4699118784859482e+18
MOZ,Mozambique,Quelimane,2022,1.9780212892225198e+18
MOZ,Mozambique,Tete,2022,2.641632166408286e+18
MOZ,Mozambique,Pemba,2022,1.3861422626606351e+18
MOZ,Mozambique,Lichinga,2022,2.6202409288915543e+18
MOZ,Mozambique,Xai-Xai,2022,1.7166045180099336e+18
MOZ,Mozambique,Maxixe,2022,1.2555895620764646e+18
NGA,Nigeria,Lagos,2022,7.381301940351453e+18
NGA,Nigeria,Abuja,2022,5.925753396760378e+18
NGA,Nigeria,Kano,2022,3.9202968367620255e+18
NGA,Nigeria,Ibadan,2022,4.731541337532415e+18
NGA,Nigeria,Port Harcourt,2022,4.740331469870742e+18
NGA,Nigeria,Benin City,2022,4.751976955753871e+18
NGA,Nigeria,Onitsha,2022,4.80054954620749e+18
NGA,Nigeria,Aba,2022,4.460579781044277e+18
NGA,Nigeria,Kaduna,2022,3.364838979154728e+18
NGA,Nigeria,Enugu,2022,4.427379621398425e+18
NGA,Nigeria,Ilorin,2022,3.445315416879405e+18
NGA,Nigeria,Warri,2022,4.209393898377299e+18
NGA,Nigeria,Maiduguri,2022,2.7567568969607716e+18
NGA,Nigeria,Zaria,2022,3.115072617334859e+18
NGA,Nigeria,Sokoto,2022,2.7700513392291927e+18
NGA,Nigeria,Uyo,2022,3.898529587436506e+18
NGA,Nigeria,Jos,2022,2.547374069693533e+18
NGA,Nigeria,Calabar,2022,3.3866945555248015e+18
ZAF,South Africa,Johannesburg,2022,1.610291535312906e+19
ZAF,South Africa,Cape Town,2022,3.501816357602028e+18
ZAF,South Africa,Durban,2022,5.177887622938503e+18
ZAF,South Africa,Pretoria,2022,1.103880780542707e+19
ZAF,South Africa,Port Elizabeth,2022,1.9375457889771228e+18
ZAF,South Africa,Bloemfontein,2022,2.4045849678425533e+18
ZAF,South Africa,East London,2022,2.0973706914993014e+18
ZAF,South Africa,Soweto,2022,1.184644934331978e+19
ZAF,South Africa,Pietermaritzburg,2022,4.255600467862253e+18
ZAF,South Africa,Polokwane,2022,2.7648470062945116e+18
ZAF,South Africa,Rustenburg,2022,5.687656135615572e+18
ZMB,Zambia,Lusaka,2022,3.648678854368127e+18
ZMB,Zambia,Kitwe,2022,3.847651589904984e+18
ZMB,Zambia,Ndola,2022,3.888198759590731e+18
ZMB,Zambia,Kabwe,2022,2.9521207268151675e+18
ZMB,Zambia,Chingola,2022,3.878651750528748e+18
ZMB,Zambia,Livingstone,2022,2.396540937113595e+18
ZMB,Zambia,Solwezi,2022,4.132399191007742e+18
ZMB,Zambia,Mufulira,2022,3.787501487564212e+18
ZMB,Zambia,Luanshya,2022,3.7529039656639503e+18
ZWE,Zimbabwe,Harare,2022,3.633160357645021e+18
ZWE,Zimbabwe,Bulawayo,2022,2.310570299763908e+18
ZWE,Zimbabwe,Chitungwiza,2022,3.3256518659637796e+18
ZWE,Zimbabwe,Mutare,2022,2.1349260277323986e+18
ZWE,Zimbabwe,Gweru,2022,2.142374732409814e+18
ZWE,Zimbabwe,Kwekwe,2022,2.395109038587134e+18
ZWE,Zimbabwe,Masvingo,2022,1.914220166421195e+18
ZWE,Zimbabwe,Chinhoyi,2022,3.0761744900896174e+18
ZWE,Zimbabwe,Kadoma,2022,2.797745532839031e+18
ZWE,Zimbabwe,Victoria Falls,2022,2.301621492325094e+18
ZWE,Zimbabwe,Redcliff,2022,2.355501639501328e+18
ZWE,Zimbabwe,Norton,2022,3.444723200222972e+18
ZWE,Zimbabwe,Hwange,2022,2.571297773049676e+18
ZWE,Zimbabwe,Victoria Falls,2022,2.301621492325094e+18
ZWE,Zimbabwe,Bulawayo,2022,2.310570299763908e+18
ZWE,Zimbabwe,Chegutu,2022,3.0788797368473027e+18
ZWE,Zimbabwe,Kadoma,2022,2.797745532839031e+18
COM,Comoros,Moroni,2022,9.888133066600156e+17
COM,Comoros,Mutsamudu,2022,1.0464159547192508e+18
COM,Comoros,Fomboni,2022,1.0914818475503661e+18
ERI,Eritrea,Asmara,2022,1.4845279051383004e+18
ERI,Eritrea,Keren,2022,1.5937210374126454e+18
ERI,Eritrea,Massawa,2022,1.635952282062237e+18
GNQ,Equatorial Guinea,Malabo,2022,2.762355659517134e+18
GNQ,Equatorial Guinea,Bata,2022,2.3458971864716954e+18
GNQ,Equatorial Guinea,Ebibeyin,2022,2.3636795564475525e+18
GMB,Gambia,Banjul,2022,2.5238543612216643e+18
GMB,Gambia,Serekunda,2022,2.527550809387815e+18
GMB,Gambia,Brikama,2022,2.5473341901466327e+18
GIN,Guinea,Conakry,2022,2.89931450342644e+18
GIN,Guinea,Kankan,2022,2.451943238997548e+18
GIN,Guinea,Kindia,2022,2.87878026895018e+18
GIN,Guinea,Nzérékoré,2022,2.0729302020364278e+18
GIN,Guinea,Labe,2022,1.9640245760247552e+18
GIN,Guinea,Fria,2022,3.0178659481813335e+18
GNB,Guinea-Bissau,Bissau,2022,2.1684409738132974e+18
GNB,Guinea-Bissau,Bafatá,2022,2.1975595978140334e+18
GNB,Guinea-Bissau,Gabú,2022,2.319909445158143e+18
NAM,Namibia,Windhoek,2022,1.6693012853877868e+18
NAM,Namibia,Walvis Bay,2022,1.4203278154601467e+18
NAM,Namibia,Swakopmund,2022,1.445415705174595e+18
NAM,Namibia,Rundu,2022,2.572278125892448e+18
NAM,Namibia,Oshakati,2022,2.0809946284985912e+18
NAM,Namibia,Otjiwarongo,2022,1.5125817419254692e+18
NER,Niger,Niamey,2022,2.5566857010030264e+18
NER,Niger,Zinder,2022,1.838791022255596e+18
NER,Niger,Maradi,2022,2.184953482755482e+18
NER,Niger,Agadez,2022,1.539821888809513e+18
NER,Niger,Tahoua,2022,1.8693916523813092e+18
RWA,Rwanda,Kigali,2022,1.9748879942069724e+18
RWA,Rwanda,Huye,2022,1.7027280017839247e+18
RWA,Rwanda,Rubavu,2022,1.4575095526638008e+18
RWA,Rwanda,Musanze,2022,1.241993130352201e+18
RWA,Rwanda,Rusizi,2022,1.6038955242711823e+18
STP,Sao Tome and Principe,São Tomé,2022,1.9341651965991913e+18
STP,Sao Tome and Principe,Santo António,2022,1.8547127759731018e+18
STP,Sao Tome and Principe,Neves,2022,1.9359595252017715e+18
SEN,Senegal,Ziguinchor,2022,2.1697984647917568e+18
SEN,Senegal,Tambacounda,2022,2.6112198864529946e+18
SEN,Senegal,Dakar,2022,3.6808756820834033e+18
SEN,Senegal,Thiès,2022,2.849775561774272e+18
SEN,Senegal,Saint-Louis,2022,1.6186534600231112e+18
SEN,Senegal,Kaolack,2022,2.5231312612058706e+18
SLE,Sierra Leone,Freetown,2022,2.491503916203238e+18
SLE,Sierra Leone,Bo,2022,2.227124569634989e+18
SLE,Sierra Leone,Kenema,2022,2.1152871012806083e+18
SLE,Sierra Leone,Makeni,2022,2.9370094556283863e+18
SOM,Somalia,Mogadishu,2022,8.660869132423075e+17
SOM,Somalia,Hargeisa,2022,1.2840130072231982e+18
SOM,Somalia,Bosaso,2022,1.3159714042027018e+18
SOM,Somalia,Kismayo,2022,6.254988051281021e+17
SOM,Somalia,Baidoa,2022,7.236729686558984e+17
SSD,South Sudan,Juba,2022,2.842369619908827e+18
SSD,South Sudan,Wau,2022,2.413197407431365e+18
SSD,South Sudan,Malakal,2022,2.2005584880666455e+18
SSD,South Sudan,Bor,2022,2.315140263914551e+18
SDN,Sudan,Khartoum,2022,4.2972969205306573e+18
SDN,Sudan,Omdurman,2022,4.0274869581640274e+18
SDN,Sudan,Port Sudan,2022,1.768824826174123e+18
SDN,Sudan,Nyala,2022,1.976883723689471e+18
SDN,Sudan,Ed Damer,2022,2.0545684959746225e+18
SDN,Sudan,El Obeid,2022,2.0205497008198948e+18
SDN,Sudan,Kassala,2022,2.020393875493723e+18
SDN,Sudan,Wad Madani,2022,2.424342345498322e+18
SDN,Sudan,Kosti,2022,2.53980832018935e+18
SDN,Sudan,Rabak,2022,2.592242376431057e+18
SDN,Sudan,El Obeid,2022,2.0205497008198948e+18
SDN,Sudan,Sennar,2022,2.2552405974725617e+18
SDN,Sudan,Wad Madani,2022,2.424342345498322e+18
SDN,Sudan,Kosti,2022,2.53980832018935e+18
SDN,Sudan,Rabak,2022,2.592242376431057e+18
SDN,Sudan,Sennar,2022,2.2552405974725617e+18
TZA,Tanzania,Dar es Salaam,2022,1.9994719059156065e+18
TZA,Tanzania,Dodoma,2022,1.594661443076736e+18
TZA,Tanzania,Mwanza,2022,1.6741690668494449e+18
TZA,Tanzania,Arusha,2022,1.3739733974692344e+18
TZA,Tanzania,Zanzibar City,2022,1.3441110779167393e+18
TZA,Tanzania,Mbeya,2022,1.9278157232114683e+18
TZA,Tanzania,Tabora,2022,1.8368419441048136e+18
TGO,Togo,Lomé,2022,2.781902061058306e+18
TGO,Togo,Sokodé,2022,2.615176066508175e+18
TGO,Togo,Kara,2022,2.6521175569203743e+18
TGO,Togo,Atakpamé,2022,2.9314854905469363e+18
UGA,Uganda,Kampala,2022,2.3307631494846505e+18
UGA,Uganda,Entebbe,2022,1.6888855824127524e+18
UGA,Uganda,Jinja,2022,1.5965996968013873e+18
UGA,Uganda,Mbarara,2022,1.4610474492434232e+18
UGA,Uganda,Gulu,2022,2.5773223594064963e+18
UGA,Uganda,Fort Portal,2022,1.4450438126707955e+18
AGO,Angola,Luanda,2023,4.4971879997603584e+18
AGO,Angola,Benguela,2023,2.1036814107657513e+18
AGO,Angola,Lobito,2023,2.102605764076395e+18
AGO,Angola,Huambo,2023,3.2359107933968015e+18
AGO,Angola,Lubango,2023,1.9837541167416376e+18
AGO,Angola,Cabinda,2023,2.668092951765674e+18
AGO,Angola,Malanje,2023,4.2522506717878016e+18
AGO,Angola,Namibe,2023,1.4933311043906596e+18
AGO,Angola,Sumbe,2023,2.2328029909485624e+18
AGO,Angola,Uige,2023,4.230711069479182e+18
AGO,Angola,Soyo,2023,2.7973863918200863e+18
BEN,Benin,Bohicon,2023,3.2252636002759613e+18
BEN,Benin,Abomey,2023,3.197075486476067e+18
BEN,Benin,Ouidah,2023,2.714250015277664e+18
BEN,Benin,Kandi,2023,2.7925740374245417e+18
BEN,Benin,Natitingou,2023,2.8080708893916314e+18
BEN,Benin,Save,2023,2.965308732330255e+18
BEN,Benin,Savalou,2023,2.832493108225631e+18
BEN,Benin,Comé,2023,2.710283067847372e+18
BEN,Benin,Allada,2023,3.174630519233919e+18
BEN,Benin,Dogbo,2023,3.2712831890739507e+18
BEN,Benin,Lokossa,2023,3.255140482586075e+18
BEN,Benin,Tchaourou,2023,2.6917080294870523e+18
BEN,Benin,Malanville,2023,2.7375496174861747e+18
BEN,Benin,Tanguiéta,2023,2.9382560841834383e+18
BEN,Benin,Bassila,2023,2.748096307825467e+18
BEN,Benin,Pobe,2023,3.842941842044717e+18
BEN,Benin,Ketou,2023,3.4137056141348905e+18
BWA,Botswana,Gaborone,2023,2.621524034795354e+18
BWA,Botswana,Francistown,2023,1.9339728266413135e+18
BWA,Botswana,Maun,2023,2.0441924814622213e+18
BWA,Botswana,Serowe,2023,1.929458675990444e+18
BWA,Botswana,Kanye,2023,2.0399891504781793e+18
BWA,Botswana,Molepolole,2023,2.008105247933053e+18
BWA,Botswana,Mochudi,2023,2.429406299252709e+18
BWA,Botswana,Selebi-Phikwe,2023,1.8817626956984535e+18
BWA,Botswana,Palapye,2023,2.308795659021479e+18
BWA,Botswana,Lobatse,2023,2.0929738592343644e+18
BWA,Botswana,Ramotswa,2023,2.4283348074968033e+18
BWA,Botswana,Letlhakane,2023,1.6979479790633457e+18
BWA,Botswana,Orapa,2023,1.644487957212348e+18
BWA,Botswana,Kasane,2023,2.438008606194753e+18
BWA,Botswana,Ghanzi,2023,1.736442145395774e+18
BWA,Botswana,Jwaneng,2023,2.29649228999953e+18
BWA,Botswana,Tsabong,2023,1.5529878718581402e+18
BWA,Botswana,Shoshong,2023,2.129728687520711e+18
BFA,Burkina Faso,Ouagadougou,2023,3.133370953281288e+18
BFA,Burkina Faso,Bobo-Dioulasso,2023,2.487931694641582e+18
BFA,Burkina Faso,Koudougou,2023,2.375241926184221e+18
BFA,Burkina Faso,Banfora,2023,2.2256267183375872e+18
BFA,Burkina Faso,Ouahigouya,2023,2.2545096161160407e+18
BFA,Burkina Faso,Kaya,2023,2.320570034003969e+18
BFA,Burkina Faso,Tenkodogo,2023,2.1621296078157627e+18
BFA,Burkina Faso,Fada N'Gourma,2023,2.2047335855739604e+18
BFA,Burkina Faso,Dedougou,2023,2.3337940502423086e+18
BFA,Burkina Faso,Dori,2023,2.0851111096065298e+18
BFA,Burkina Faso,Gaoua,2023,2.675511496992138e+18
BFA,Burkina Faso,Kongoussi,2023,2.3802682756899174e+18
BFA,Burkina Faso,Manga,2023,2.187264079961393e+18
BFA,Burkina Faso,Reo,2023,2.349764243547438e+18
BFA,Burkina Faso,Ziniare,2023,2.537984856238853e+18
BFA,Burkina Faso,Hounde,2023,2.428181412802086e+18
BFA,Burkina Faso,Po,2023,2.519383187820812e+18
BFA,Burkina Faso,Leo,2023,2.4297947250986404e+18
BDI,Burundi,Bujumbura,2023,2.2694039845078835e+18
BDI,Burundi,Gitega,2023,1.5441487082098575e+18
BDI,Burundi,Ngozi,2023,1.662510263740268e+18
BDI,Burundi,Rumonge,2023,1.8742526865683313e+18
BDI,Burundi,Bururi,2023,1.6814775213512243e+18
BDI,Burundi,Muyinga,2023,1.6746295969817083e+18
BDI,Burundi,Ruyigi,2023,1.792226989851067e+18
BDI,Burundi,Makamba,2023,1.7690625999310034e+18
BDI,Burundi,Kayanza,2023,1.6636520227694787e+18
BDI,Burundi,Muramvya,2023,1.8133727777703383e+18
BDI,Burundi,Cibitoke,2023,2.1337583771538506e+18
BDI,Burundi,Karuzi,2023,1.689490364565379e+18
BDI,Burundi,Kirundo,2023,1.790997255131586e+18
BDI,Burundi,Mwaro,2023,1.5464491228781268e+18
BDI,Burundi,Nyanza-Lac,2023,1.948721123954305e+18
CMR,Cameroon,Douala,2023,3.1166880137665843e+18
CMR,Cameroon,Yaounde,2023,3.0775477648662564e+18
CMR,Cameroon,Garoua,2023,2.849076986803403e+18
CMR,Cameroon,Bamenda,2023,3.0774749879934346e+18
CMR,Cameroon,Maroua,2023,2.693287578957134e+18
CMR,Cameroon,Ngaoundere,2023,2.6441461192684206e+18
CMR,Cameroon,Bafoussam,2023,2.9809212443482445e+18
CMR,Cameroon,Bertoua,2023,2.7889643735589796e+18
CMR,Cameroon,Ebolowa,2023,2.1118881087598671e+18
CMR,Cameroon,Kribi,2023,2.3217258241398246e+18
CMR,Cameroon,Limbe,2023,2.3034183847672668e+18
CMR,Cameroon,Kumba,2023,2.5631126470452705e+18
CMR,Cameroon,Nkongsamba,2023,2.519713335709748e+18
CMR,Cameroon,Edea,2023,2.6244848770521405e+18
CMR,Cameroon,Sangmelima,2023,2.1543386490422712e+18
CMR,Cameroon,Foumban,2023,2.75636866110511e+18
CMR,Cameroon,Dschang,2023,2.965068152660357e+18
CMR,Cameroon,Kousseri,2023,3.187040524219588e+18
CAF,Central African Republic,Bangui,2023,3.027775296364936e+18
CAF,Central African Republic,Bimbo,2023,2.746334439887045e+18
CAF,Central African Republic,Berberati,2023,2.842683297538672e+18
CAF,Central African Republic,Bambari,2023,2.9848993903135933e+18
CAF,Central African Republic,Bouar,2023,3.3372390017232435e+18
CAF,Central African Republic,Bossangoa,2023,3.4689630470481884e+18
CAF,Central African Republic,Bria,2023,2.904090722741095e+18
CAF,Central African Republic,Bangassou,2023,2.526015588745222e+18
CAF,Central African Republic,Kaga-Bandoro,2023,3.754658608631097e+18
CAF,Central African Republic,Mbaiki,2023,2.3557611196217713e+18
CAF,Central African Republic,Bozoum,2023,2.9875202143567493e+18
CAF,Central African Republic,Carnot,2023,3.8862913985587707e+18
CAF,Central African Republic,Sibut,2023,3.0903878523567e+18
CAF,Central African Republic,Alindao,2023,2.943037422635611e+18
CAF,Central African Republic,Mobaye,2023,2.548962257925204e+18
CAF,Central African Republic,Nola,2023,2.123086936452604e+18
TCD,Chad,N'Djamena,2023,3.151361335639332e+18
TCD,Chad,Moundou,2023,2.7981990977343396e+18
TCD,Chad,Sarh,2023,2.99807003077069e+18
TCD,Chad,Abeche,2023,2.202540078408786e+18
TCD,Chad,Kelo,2023,2.667095532497541e+18
TCD,Chad,Koumra,2023,3.0972732181901046e+18
TCD,Chad,Pala,2023,2.62291974047855e+18
TCD,Chad,Am Timan,2023,2.857914331538746e+18
TCD,Chad,Bongor,2023,2.812805199313019e+18
TCD,Chad,Mongo,2023,2.5156845298163476e+18
TCD,Chad,Faya-Largeau,2023,1.3203538777044943e+18
TCD,Chad,Doba,2023,3.020592991990905e+18
TCD,Chad,Ati,2023,2.314390940146699e+18
TCD,Chad,Biltine,2023,2.0131851134678948e+18
TCD,Chad,Mao,2023,1.8417540943734024e+18
TCD,Chad,Massakory,2023,2.1955701983227156e+18
COD,DR Congo,Kinshasa,2023,4.811949682837677e+18
COD,DR Congo,Lubumbashi,2023,4.2122842406735283e+18
COD,DR Congo,Mbuji-Mayi,2023,4.107410655511894e+18
COD,DR Congo,Kisangani,2023,2.125701071917465e+18
COD,DR Congo,Goma,2023,1.5739037647584317e+18
COD,DR Congo,Bukavu,2023,1.8461703762894633e+18
COD,DR Congo,Kananga,2023,4.3623714655010355e+18
COD,DR Congo,Kolwezi,2023,5.205875876038276e+18
COD,DR Congo,Tshikapa,2023,5.027372600551797e+18
COD,DR Congo,Matadi,2023,3.2614679910605056e+18
COD,DR Congo,Boma,2023,2.991134858052483e+18
COD,DR Congo,Uvira,2023,2.1295280610163986e+18
COD,DR Congo,Kindu,2023,2.6150786693096494e+18
COD,DR Congo,Kalemie,2023,2.3489476625009684e+18
COD,DR Congo,Likasi,2023,4.378910275560473e+18
COD,DR Congo,Kikwit,2023,4.641114602692128e+18
COD,DR Congo,Gemena,2023,2.4427794082812995e+18
COD,DR Congo,Isiro,2023,2.064629201839692e+18
COG,Congo Republic,Brazzaville,2023,4.767809379251426e+18
COG,Congo Republic,Pointe-Noire,2023,2.9289240569743944e+18
COG,Congo Republic,Dolisie,2023,3.2407742018718433e+18
COG,Congo Republic,Nkayi,2023,3.3804074353201684e+18
COG,Congo Republic,Owando,2023,2.389223283573463e+18
COG,Congo Republic,Ouesso,2023,2.0037487337494794e+18
COG,Congo Republic,Impfondo,2023,1.849263903769105e+18
COG,Congo Republic,Sibiti,2023,2.8884253949062953e+18
COG,Congo Republic,Madingou,2023,3.4219999961474734e+18
COG,Congo Republic,Kinkala,2023,3.787343878846725e+18
COG,Congo Republic,Mossendjo,2023,2.36303085029687e+18
COG,Congo Republic,Gamboma,2023,3.5864090006253373e+18
COG,Congo Republic,Djambala,2023,3.7297729372185887e+18
CIV,Cote d'Ivoire,Abidjan,2023,4.143452225432542e+18
CIV,Cote d'Ivoire,Yamoussoukro,2023,2.627956980662177e+18
CIV,Cote d'Ivoire,Bouake,2023,2.5230110422423675e+18
CIV,Cote d'Ivoire,Daloa,2023,2.0010513773624732e+18
CIV,Cote d'Ivoire,San-Pedro,2023,1.522763957058212e+18
CIV,Cote d'Ivoire,Korhogo,2023,2.1523687091660733e+18
CIV,Cote d'Ivoire,Man,2023,1.934570875969724e+18
CIV,Cote d'Ivoire,Gagnoa,2023,2.035784708234721e+18
CIV,Cote d'Ivoire,Abengourou,2023,2.205092939762507e+18
CIV,Cote d'Ivoire,Bondoukou,2023,2.345995599592908e+18
CIV,Cote d'Ivoire,Divo,2023,2.105871583745917e+18
CIV,Cote d'Ivoire,Odienne,2023,2.3635069565137357e+18
CIV,Cote d'Ivoire,Ferkessedougou,2023,2.1964599584648205e+18
CIV,Cote d'Ivoire,Soubre,2023,1.8686845839701184e+18
CIV,Cote d'Ivoire,Sassandra,2023,1.5834730821105948e+18
CIV,Cote d'Ivoire,Agboville,2023,2.4024314510904223e+18
CIV,Cote d'Ivoire,Grand-Bassam,2023,2.5598773471655434e+18
CIV,Cote d'Ivoire,Dabou,2023,2.6590062996892416e+18
ETH,Ethiopia,Addis Ababa,2023,2.44015665315513e+18
ETH,Ethiopia,Dire Dawa,2023,1.4566507683801833e+18
ETH,Ethiopia,Mekelle,2023,1.5578222945234696e+18
ETH,Ethiopia,Bahir Dar,2023,1.869978316265979e+18
ETH,Ethiopia,Hawassa,2023,1.4395303190247322e+18
ETH,Ethiopia,Adama,2023,1.4720905363404442e+18
ETH,Ethiopia,Gondar,2023,1.7082367189711473e+18
ETH,Ethiopia,Jimma,2023,1.4986188327171128e+18
ETH,Ethiopia,Dessie,2023,1.209030624849361e+18
ETH,Ethiopia,Shashamane,2023,1.400702031777881e+18
ETH,Ethiopia,Harar,2023,1.2073794381139154e+18
ETH,Ethiopia,Arba Minch,2023,1.1597862791023823e+18
ETH,Ethiopia,Debre Markos,2023,1.5566169507719788e+18
ETH,Ethiopia,Debre Birhan,2023,1.0506587862484212e+18
ETH,Ethiopia,Nekemte,2023,2.0754247295984676e+18
ETH,Ethiopia,Asella,2023,1.1564629513185705e+18
ETH,Ethiopia,Wolaita Sodo,2023,1.3608384931710858e+18
ETH,Ethiopia,Jijiga,2023,1.0984220785637535e+18
GAB,Gabon,Libreville,2023,2.673976073679192e+18
GAB,Gabon,Port-Gentil,2023,2.2987808265007068e+18
GAB,Gabon,Franceville,2023,2.4098952105237893e+18
GAB,Gabon,Oyem,2023,2.0259507055367055e+18
GAB,Gabon,Moanda,2023,2.490741921972672e+18
GAB,Gabon,Lambarene,2023,2.306976100715919e+18
GAB,Gabon,Mouila,2023,2.1834082742037138e+18
GAB,Gabon,Koulamoutou,2023,2.291759998727847e+18
GAB,Gabon,Tchibanga,2023,2.343255311595526e+18
GAB,Gabon,Makokou,2023,2.0571577928956626e+18
GAB,Gabon,Bitam,2023,2.099577846299265e+18
GAB,Gabon,Ndende,2023,2.2931083600575654e+18
GHA,Ghana,Accra,2023,3.383000277479715e+18
GHA,Ghana,Kumasi,2023,3.2490748182420244e+18
GHA,Ghana,Tamale,2023,3.1683467411630346e+18
GHA,Ghana,Sekondi-Takoradi,2023,2.262352530549754e+18
GHA,Ghana,Sunyani,2023,2.5818347360612147e+18
GHA,Ghana,Cape Coast,2023,2.0758255747729188e+18
GHA,Ghana,Koforidua,2023,3.121219311722461e+18
GHA,Ghana,Ho,2023,3.42704057166946e+18
GHA,Ghana,Tema,2023,3.520822166453597e+18
GHA,Ghana,Obuasi,2023,2.6661123060175616e+18
GHA,Ghana,Bolgatanga,2023,2.70193699328964e+18
GHA,Ghana,Wa,2023,2.91798666516408e+18
GHA,Ghana,Techiman,2023,2.786434341397489e+18
GHA,Ghana,Tarkwa,2023,2.7072881371678223e+18
GHA,Ghana,Sefwi Wiawso,2023,2.3305979704164065e+18
GHA,Ghana,Nkawkaw,2023,3.0430333204940027e+18
GHA,Ghana,Dunkwa-on-Offin,2023,2.5899841841278433e+18
GHA,Ghana,Yendi,2023,3.1046530120431565e+18
KEN,Kenya,Nairobi,2023,2.694383624877341e+18
KEN,Kenya,Mombasa,2023,1.4566712477821484e+18
KEN,Kenya,Kisumu,2023,1.97924187278985e+18
KEN,Kenya,Nakuru,2023,1.396820828745767e+18
KEN,Kenya,Eldoret,2023,1.1618120805859822e+18
KEN,Kenya,Thika,2023,1.7352408557016975e+18
KEN,Kenya,Malindi,2023,8.387690772379475e+17
KEN,Kenya,Kitale,2023,1.126788244936468e+18
KEN,Kenya,Garissa,2023,8.765152901580618e+17
KEN,Kenya,Nyeri,2023,1.1849821102976003e+18
KEN,Kenya,Machakos,2023,1.1571331125048755e+18
KEN,Kenya,Meru,2023,9.39705852637963e+17
KEN,Kenya,Kericho,2023,1.4879686492866232e+18
KEN,Kenya,Naivasha,2023,1.441697391453006e+18
KEN,Kenya,Embu,2023,1.0089167588089427e+18
KEN,Kenya,Lodwar,2023,9.123606901004472e+17
KEN,Kenya,Isiolo,2023,9.688842116585587e+17
KEN,Kenya,Wajir,2023,8.052259462218592e+17
LSO,Lesotho,Maseru,2023,1.7347143563840364e+18
LSO,Lesotho,Teyateyaneng,2023,1.7056834923692785e+18
LSO,Lesotho,Mafeteng,2023,1.7413475211364188e+18
LBR,Liberia,Monrovia,2023,1.973705365027017e+18
LBR,Liberia,Gbarnga,2023,2.0019757261284577e+18
LBR,Liberia,Buchanan,2023,1.778400558284275e+18
LBR,Liberia,Harper,2023,1.6142847827046277e+18
LBR,Liberia,Voinjama,2023,2.570031922741537e+18
LBR,Liberia,Zwedru,2023,1.7758986714334715e+18
LBR,Liberia,Kakata,2023,2.0636084070252099e+18
LBR,Liberia,Greenville,2023,1.6385508176542612e+18
LBR,Liberia,Tubmanburg,2023,2.1594034982246922e+18
LBR,Liberia,Ganta,2023,1.8765216755801185e+18
LBR,Liberia,Robertsport,2023,1.8443564254205676e+18
LBR,Liberia,Fish Town,2023,1.7465305318729825e+18
MDG,Madagascar,Antananarivo,2023,2.2231339513329528e+18
MDG,Madagascar,Toamasina,2023,1.2620895571470423e+18
MDG,Madagascar,Antsirabe,2023,1.7079218600557888e+18
MDG,Madagascar,Mahajanga,2023,1.5569454686765765e+18
MDG,Madagascar,Fianarantsoa,2023,1.5438328366687918e+18
MDG,Madagascar,Toliara,2023,1.4296349959613036e+18
MDG,Madagascar,Antsiranana,2023,1.0160738330372086e+18
MDG,Madagascar,Morondava,2023,1.7956236066742188e+18
MDG,Madagascar,Sambava,2023,1.0002871423344087e+18
MDG,Madagascar,Ambatondrazaka,2023,1.5997809218434483e+18
MDG,Madagascar,Farafangana,2023,1.393193282089911e+18
MDG,Madagascar,Mananjary,2023,1.311166313925381e+18
MDG,Madagascar,Manakara,2023,1.3458196546257495e+18
MDG,Madagascar,Antalaha,2023,1.0150722787103296e+18
MDG,Madagascar,Hell-Ville,2023,1.227362784670934e+18
MDG,Madagascar,Marovoay,2023,1.6469159882625894e+18
MDG,Madagascar,Ambanja,2023,1.375400195807626e+18
MWI,Malawi,Lilongwe,2023,2.336124497716859e+18
MWI,Malawi,Blantyre,2023,2.6487803403478815e+18
MWI,Malawi,Mzuzu,2023,2.1825524367602596e+18
MWI,Malawi,Zomba,2023,2.2706409750776504e+18
MWI,Malawi,Karonga,2023,1.8185113516017009e+18
MWI,Malawi,Mangochi,2023,2.2018201040783844e+18
MWI,Malawi,Salima,2023,2.0506294833817661e+18
MLI,Mali,Bamako,2023,3.9331646791504794e+18
MLI,Mali,Sikasso,2023,2.2380754361623204e+18
MLI,Mali,Mopti,2023,2.1015384806960084e+18
MLI,Mali,Koutiala,2023,2.1937818485612155e+18
MLI,Mali,Kayes,2023,2.6587978571696625e+18
MLI,Mali,Segou,2023,2.1549203952258324e+18
MWI,Malawi,Karonga,2023,1.8185113516017009e+18
MWI,Malawi,Mangochi,2023,2.2018201040783844e+18
MWI,Malawi,Salima,2023,2.0506294833817661e+18
MRT,Mauritania,Nouakchott,2023,1.944509737753979e+18
MRT,Mauritania,Nouadhibou,2023,1.2406462142774595e+18
MRT,Mauritania,Rosso,2023,1.7279187439676703e+18
MRT,Mauritania,Zouerate,2023,1.5655260802985318e+18
MRT,Mauritania,Atar,2023,1.1299906191277425e+18
MRT,Mauritania,Kaedi,2023,1.6737604719102804e+18
MOZ,Mozambique,Maputo,2023,4.27403965783612e+18
MOZ,Mozambique,Matola,2023,4.557659183714447e+18
MOZ,Mozambique,Beira,2023,1.9261822834479757e+18
MOZ,Mozambique,Nampula,2023,2.2772692076369946e+18
MOZ,Mozambique,Chimoio,2023,2.879949849107676e+18
MOZ,Mozambique,Nacala,2023,1.4298260127575462e+18
MOZ,Mozambique,Quelimane,2023,2.136437747427974e+18
MOZ,Mozambique,Tete,2023,2.5886613048781655e+18
MOZ,Mozambique,Pemba,2023,1.3661245421878052e+18
MOZ,Mozambique,Lichinga,2023,2.2796303589026483e+18
MOZ,Mozambique,Xai-Xai,2023,2.101376123845693e+18
MOZ,Mozambique,Maxixe,2023,1.4410687040790733e+18
NGA,Nigeria,Lagos,2023,7.310565147979031e+18
NGA,Nigeria,Abuja,2023,6.046504421890789e+18
NGA,Nigeria,Kano,2023,4.0714951743783014e+18
NGA,Nigeria,Ibadan,2023,5.043056725246392e+18
NGA,Nigeria,Port Harcourt,2023,4.989247750115309e+18
NGA,Nigeria,Benin City,2023,4.821701111487955e+18
NGA,Nigeria,Onitsha,2023,4.63251458723593e+18
NGA,Nigeria,Aba,2023,4.500566051062993e+18
NGA,Nigeria,Kaduna,2023,3.5783949666922e+18
NGA,Nigeria,Enugu,2023,4.4021411345859794e+18
NGA,Nigeria,Ilorin,2023,3.534591783516525e+18
NGA,Nigeria,Warri,2023,4.4608665469595044e+18
NGA,Nigeria,Maiduguri,2023,3.367866212505462e+18
NGA,Nigeria,Zaria,2023,3.3198997887980037e+18
NGA,Nigeria,Sokoto,2023,3.184472848289035e+18
NGA,Nigeria,Uyo,2023,4.028992382119383e+18
NGA,Nigeria,Jos,2023,2.71212217020637e+18
NGA,Nigeria,Calabar,2023,3.587864275215201e+18
ZAF,South Africa,Johannesburg,2023,1.4583597466544822e+19
ZAF,South Africa,Cape Town,2023,3.502974094462928e+18
ZAF,South Africa,Durban,2023,4.815878608096543e+18
ZAF,South Africa,Pretoria,2023,1.0235506356334283e+19
ZAF,South Africa,Port Elizabeth,2023,1.8691234019392763e+18
ZAF,South Africa,Bloemfontein,2023,2.2596239319355776e+18
ZAF,South Africa,East London,2023,1.8126462234432166e+18
ZAF,South Africa,Soweto,2023,1.0411713356809703e+19
ZAF,South Africa,Pietermaritzburg,2023,4.4002718556673485e+18
ZAF,South Africa,Polokwane,2023,2.93561078240448e+18
ZAF,South Africa,Rustenburg,2023,4.924810082984774e+18
ZMB,Zambia,Lusaka,2023,3.53389174720669e+18
ZMB,Zambia,Kitwe,2023,3.7956407766993674e+18
ZMB,Zambia,Ndola,2023,3.8753713307473403e+18
ZMB,Zambia,Kabwe,2023,2.797131228746121e+18
ZMB,Zambia,Chingola,2023,3.7978257672828575e+18
ZMB,Zambia,Livingstone,2023,2.4124212416324255e+18
ZMB,Zambia,Solwezi,2023,4.125579993144027e+18
ZMB,Zambia,Mufulira,2023,3.715389161196137e+18
ZMB,Zambia,Luanshya,2023,3.7930622193954324e+18
ZWE,Zimbabwe,Harare,2023,3.7208204913027666e+18
ZWE,Zimbabwe,Bulawayo,2023,2.299111297499486e+18
ZWE,Zimbabwe,Chitungwiza,2023,3.3754630851885583e+18
ZWE,Zimbabwe,Mutare,2023,2.2003294395362747e+18
ZWE,Zimbabwe,Gweru,2023,2.1995021522406554e+18
ZWE,Zimbabwe,Kwekwe,2023,2.3440816335439165e+18
ZWE,Zimbabwe,Masvingo,2023,1.960496331173159e+18
ZWE,Zimbabwe,Chinhoyi,2023,2.9432431867758525e+18
ZWE,Zimbabwe,Kadoma,2023,2.6580468232856e+18
ZWE,Zimbabwe,Victoria Falls,2023,2.337166914052044e+18
ZWE,Zimbabwe,Redcliff,2023,2.2946947246971402e+18
ZWE,Zimbabwe,Norton,2023,3.3720337427601766e+18
ZWE,Zimbabwe,Hwange,2023,2.830765657108899e+18
ZWE,Zimbabwe,Victoria Falls,2023,2.337166914052044e+18
ZWE,Zimbabwe,Bulawayo,2023,2.299111297499486e+18
ZWE,Zimbabwe,Chegutu,2023,2.844812942567685e+18
ZWE,Zimbabwe,Kadoma,2023,2.6580468232856e+18
COM,Comoros,Moroni,2023,1.0461177448557556e+18
COM,Comoros,Mutsamudu,2023,1.03376366552045e+18
COM,Comoros,Fomboni,2023,1.051331648911041e+18
ERI,Eritrea,Asmara,2023,1.5955333475942976e+18
ERI,Eritrea,Keren,2023,1.7068237923077043e+18
ERI,Eritrea,Massawa,2023,1.7657505838798292e+18
GNQ,Equatorial Guinea,Malabo,2023,2.8902044890249513e+18
GNQ,Equatorial Guinea,Bata,2023,2.1421401637545562e+18
GNQ,Equatorial Guinea,Ebibeyin,2023,2.1120800571514e+18
GMB,Gambia,Banjul,2023,2.8267454179431127e+18
GMB,Gambia,Serekunda,2023,2.8213056773657876e+18
GMB,Gambia,Brikama,2023,2.845601042286961e+18
GIN,Guinea,Conakry,2023,3.2111949246296914e+18
GIN,Guinea,Kankan,2023,2.843185844807298e+18
GIN,Guinea,Kindia,2023,3.1983563344008366e+18
GIN,Guinea,Nzérékoré,2023,2.2222338022783616e+18
GIN,Guinea,Labe,2023,2.3938390150187766e+18
GIN,Guinea,Fria,2023,3.414782569414015e+18
GNB,Guinea-Bissau,Bissau,2023,2.4129359876796887e+18
GNB,Guinea-Bissau,Bafatá,2023,2.5059987037410903e+18
GNB,Guinea-Bissau,Gabú,2023,2.5948611245864e+18
NAM,Namibia,Windhoek,2023,1.6523992529584922e+18
NAM,Namibia,Walvis Bay,2023,1.3295802578084147e+18
NAM,Namibia,Swakopmund,2023,1.3639108360831726e+18
NAM,Namibia,Rundu,2023,2.723394209348135e+18
NAM,Namibia,Oshakati,2023,2.0165981680536596e+18
NAM,Namibia,Otjiwarongo,2023,1.5117904221590666e+18
NER,Niger,Niamey,2023,2.8146157723560817e+18
NER,Niger,Zinder,2023,2.1353504916154455e+18
NER,Niger,Maradi,2023,2.360373782323071e+18
NER,Niger,Agadez,2023,1.5771156052638572e+18
NER,Niger,Tahoua,2023,1.9297883703435295e+18
RWA,Rwanda,Kigali,2023,1.9774974442326753e+18
RWA,Rwanda,Huye,2023,1.7275493217000177e+18
RWA,Rwanda,Rubavu,2023,1.5516776681350674e+18
RWA,Rwanda,Musanze,2023,1.345333708524978e+18
RWA,Rwanda,Rusizi,2023,1.846116524451123e+18
STP,Sao Tome and Principe,São Tomé,2023,1.714787676409377e+18
STP,Sao Tome and Principe,Santo António,2023,1.7804477659422339e+18
STP,Sao Tome and Principe,Neves,2023,1.713940254415596e+18
SEN,Senegal,Ziguinchor,2023,2.4996444011944325e+18
SEN,Senegal,Tambacounda,2023,2.8507690240073047e+18
SEN,Senegal,Dakar,2023,3.9925532233161083e+18
SEN,Senegal,Thiès,2023,3.304435315743606e+18
SEN,Senegal,Saint-Louis,2023,1.6944285616493937e+18
SEN,Senegal,Kaolack,2023,2.7569037308771e+18
SLE,Sierra Leone,Freetown,2023,2.5920961745608873e+18
SLE,Sierra Leone,Bo,2023,2.6090631825946737e+18
SLE,Sierra Leone,Kenema,2023,2.590681421333541e+18
SLE,Sierra Leone,Makeni,2023,3.160936795934996e+18
SOM,Somalia,Mogadishu,2023,8.088958494025242e+17
SOM,Somalia,Hargeisa,2023,1.179875426361628e+18
SOM,Somalia,Bosaso,2023,1.306374718567215e+18
SOM,Somalia,Kismayo,2023,5.90981476382196e+17
SOM,Somalia,Baidoa,2023,6.74017570623363e+17
SSD,South Sudan,Juba,2023,3.1023790305808123e+18
SSD,South Sudan,Wau,2023,2.5790789280883046e+18
SSD,South Sudan,Malakal,2023,3.081283001647535e+18
SSD,South Sudan,Bor,2023,2.9978737772859484e+18
SDN,Sudan,Khartoum,2023,3.4971173685806013e+18
SDN,Sudan,Omdurman,2023,3.273096280613216e+18
SDN,Sudan,Port Sudan,2023,1.897069704696967e+18
SDN,Sudan,Nyala,2023,2.1254158804097213e+18
SDN,Sudan,Ed Damer,2023,2.074553111569472e+18
SDN,Sudan,El Obeid,2023,2.164646805061012e+18
SDN,Sudan,Kassala,2023,2.2201135132636987e+18
SDN,Sudan,Wad Madani,2023,2.6485020425238134e+18
SDN,Sudan,Kosti,2023,2.732476630359039e+18
SDN,Sudan,Rabak,2023,2.8039752658527124e+18
SDN,Sudan,El Obeid,2023,2.164646805061012e+18
SDN,Sudan,Sennar,2023,2.3928859140732856e+18
SDN,Sudan,Wad Madani,2023,2.6485020425238134e+18
SDN,Sudan,Kosti,2023,2.732476630359039e+18
SDN,Sudan,Rabak,2023,2.8039752658527124e+18
SDN,Sudan,Sennar,2023,2.3928859140732856e+18
TZA,Tanzania,Dar es Salaam,2023,1.958665246102268e+18
TZA,Tanzania,Dodoma,2023,1.5837750264021965e+18
TZA,Tanzania,Mwanza,2023,1.7062348559463823e+18
TZA,Tanzania,Arusha,2023,1.2642741668058463e+18
TZA,Tanzania,Zanzibar City,2023,1.302722657937796e+18
TZA,Tanzania,Mbeya,2023,1.9697321711162767e+18
TZA,Tanzania,Tabora,2023,1.8085750669222193e+18
TGO,Togo,Lomé,2023,2.919625682545815e+18
TGO,Togo,Sokodé,2023,2.790505662843908e+18
TGO,Togo,Kara,2023,2.8033005076642964e+18
TGO,Togo,Atakpamé,2023,2.978695815960741e+18
UGA,Uganda,Kampala,2023,2.3222094194034207e+18
UGA,Uganda,Entebbe,2023,1.6437720091067192e+18
UGA,Uganda,Jinja,2023,1.6070767666656655e+18
UGA,Uganda,Mbarara,2023,1.587344989737688e+18
UGA,Uganda,Gulu,2023,2.3857718646691983e+18
UGA,Uganda,Fort Portal,2023,1.6169624919728617e+18
AGO,Angola,Luanda,2024,4.956547299554715e+18
AGO,Angola,Benguela,2024,2.628045792972163e+18
AGO,Angola,Lobito,2024,2.6997154994072714e+18
AGO,Angola,Huambo,2024,3.4876292473979807e+18
AGO,Angola,Lubango,2024,2.2410721164621862e+18
AGO,Angola,Cabinda,2024,3.0194418403243346e+18
AGO,Angola,Malanje,2024,4.5917679269150003e+18
AGO,Angola,Namibe,2024,1.881417588788891e+18
AGO,Angola,Sumbe,2024,2.860557976362584e+18
AGO,Angola,Uige,2024,4.767670033512364e+18
AGO,Angola,Soyo,2024,2.9938059310292193e+18
BEN,Benin,Bohicon,2024,2.9927125086800087e+18
BEN,Benin,Abomey,2024,2.9695792904257116e+18
BEN,Benin,Ouidah,2024,2.642081276507999e+18
BEN,Benin,Kandi,2024,2.5200166031012485e+18
BEN,Benin,Natitingou,2024,2.5304299079707366e+18
BEN,Benin,Save,2024,2.779610488349189e+18
BEN,Benin,Savalou,2024,2.72215683230203e+18
BEN,Benin,Comé,2024,2.639534367829705e+18
BEN,Benin,Allada,2024,3.1401986145367224e+18
BEN,Benin,Dogbo,2024,3.1214125058179994e+18
BEN,Benin,Lokossa,2024,3.129553539959961e+18
BEN,Benin,Tchaourou,2024,2.513935615571655e+18
BEN,Benin,Malanville,2024,2.5433681901602775e+18
BEN,Benin,Tanguiéta,2024,2.6537946389082655e+18
BEN,Benin,Bassila,2024,2.5346601245212283e+18
BEN,Benin,Pobe,2024,3.820371363239638e+18
BEN,Benin,Ketou,2024,3.243067207006539e+18
BWA,Botswana,Gaborone,2024,2.7638642366121144e+18
BWA,Botswana,Francistown,2024,1.9250157875257283e+18
BWA,Botswana,Maun,2024,1.970709611481666e+18
BWA,Botswana,Serowe,2024,2.0550060762508943e+18
BWA,Botswana,Kanye,2024,2.030683194659645e+18
BWA,Botswana,Molepolole,2024,1.9938775577522642e+18
BWA,Botswana,Mochudi,2024,2.4842033484863386e+18
BWA,Botswana,Selebi-Phikwe,2024,1.9403426650780718e+18
BWA,Botswana,Palapye,2024,2.4400696639437184e+18
BWA,Botswana,Lobatse,2024,2.1432716047940316e+18
BWA,Botswana,Ramotswa,2024,2.571730302204507e+18
BWA,Botswana,Letlhakane,2024,1.7563389852232197e+18
BWA,Botswana,Orapa,2024,1.6920299166035876e+18
BWA,Botswana,Kasane,2024,2.3771706191128924e+18
BWA,Botswana,Ghanzi,2024,1.7042840197041969e+18
BWA,Botswana,Jwaneng,2024,1.9724359128469668e+18
BWA,Botswana,Tsabong,2024,1.4552176551246505e+18
BWA,Botswana,Shoshong,2024,2.1986980594595912e+18
BFA,Burkina Faso,Ouagadougou,2024,2.913528032142247e+18
BFA,Burkina Faso,Bobo-Dioulasso,2024,2.328378772285871e+18
BFA,Burkina Faso,Koudougou,2024,2.2353772281836068e+18
BFA,Burkina Faso,Banfora,2024,2.0892085990739026e+18
BFA,Burkina Faso,Ouahigouya,2024,2.237120164961768e+18
BFA,Burkina Faso,Kaya,2024,2.3044345664633702e+18
BFA,Burkina Faso,Tenkodogo,2024,2.0747270568355067e+18
BFA,Burkina Faso,Fada N'Gourma,2024,2.0848955015434266e+18
BFA,Burkina Faso,Dedougou,2024,2.2246256460992302e+18
BFA,Burkina Faso,Dori,2024,2.0057002556054164e+18
BFA,Burkina Faso,Gaoua,2024,2.5214313514447944e+18
BFA,Burkina Faso,Kongoussi,2024,2.2959306104000036e+18
BFA,Burkina Faso,Manga,2024,1.9825864159799951e+18
BFA,Burkina Faso,Reo,2024,2.198024140681046e+18
BFA,Burkina Faso,Ziniare,2024,2.3864099066248335e+18
BFA,Burkina Faso,Hounde,2024,2.3159941120372014e+18
BFA,Burkina Faso,Po,2024,2.4098769491975e+18
BFA,Burkina Faso,Leo,2024,2.320055189419997e+18
BDI,Burundi,Bujumbura,2024,1.9970188325833764e+18
BDI,Burundi,Gitega,2024,1.2908229267864812e+18
BDI,Burundi,Ngozi,2024,1.410602614314231e+18
BDI,Burundi,Rumonge,2024,1.6811247448519624e+18
BDI,Burundi,Bururi,2024,1.5115845983415132e+18
BDI,Burundi,Muyinga,2024,1.4556292130353382e+18
BDI,Burundi,Ruyigi,2024,1.545598670739647e+18
BDI,Burundi,Makamba,2024,1.6312709999982223e+18
BDI,Burundi,Kayanza,2024,1.4000617853590602e+18
BDI,Burundi,Muramvya,2024,1.5474150699389827e+18
BDI,Burundi,Cibitoke,2024,1.9882829134785075e+18
BDI,Burundi,Karuzi,2024,1.425029978694818e+18
BDI,Burundi,Kirundo,2024,1.5718149820182845e+18
BDI,Burundi,Mwaro,2024,1.3050029856714002e+18
BDI,Burundi,Nyanza-Lac,2024,1.8103589298349123e+18
CMR,Cameroon,Douala,2024,3.0899370148687217e+18
CMR,Cameroon,Yaounde,2024,2.8197126181507164e+18
CMR,Cameroon,Garoua,2024,2.799802802725552e+18
CMR,Cameroon,Bamenda,2024,2.9629335754672573e+18
CMR,Cameroon,Maroua,2024,2.524453853458546e+18
CMR,Cameroon,Ngaoundere,2024,2.412640195443032e+18
CMR,Cameroon,Bafoussam,2024,2.9852928704592297e+18
CMR,Cameroon,Bertoua,2024,2.7028704626580644e+18
CMR,Cameroon,Ebolowa,2024,2.1375034863474483e+18
CMR,Cameroon,Kribi,2024,2.309091252633209e+18
CMR,Cameroon,Limbe,2024,2.2491085185255695e+18
CMR,Cameroon,Kumba,2024,2.385323404301872e+18
CMR,Cameroon,Nkongsamba,2024,2.316531065055012e+18
CMR,Cameroon,Edea,2024,2.5933820390790456e+18
CMR,Cameroon,Sangmelima,2024,2.1837200197020664e+18
CMR,Cameroon,Foumban,2024,2.8958835035692467e+18
CMR,Cameroon,Dschang,2024,2.7949205158776474e+18
CMR,Cameroon,Kousseri,2024,2.999637792567484e+18
CAF,Central African Republic,Bangui,2024,3.8444657316968223e+18
CAF,Central African Republic,Bimbo,2024,3.4053580040979973e+18
CAF,Central African Republic,Berberati,2024,3.4084908504126766e+18
CAF,Central African Republic,Bambari,2024,3.6557130281214884e+18
CAF,Central African Republic,Bouar,2024,3.381579458537529e+18
CAF,Central African Republic,Bossangoa,2024,3.4121753788347884e+18
CAF,Central African Republic,Bria,2024,2.830966278881416e+18
CAF,Central African Republic,Bangassou,2024,2.6974537545553613e+18
CAF,Central African Republic,Kaga-Bandoro,2024,3.5293964306016604e+18
CAF,Central African Republic,Mbaiki,2024,2.835808900010607e+18
CAF,Central African Republic,Bozoum,2024,3.15302668895958e+18
CAF,Central African Republic,Carnot,2024,4.997719641882165e+18
CAF,Central African Republic,Sibut,2024,3.5011773968839844e+18
CAF,Central African Republic,Alindao,2024,3.37679115797631e+18
CAF,Central African Republic,Mobaye,2024,2.897175803851094e+18
CAF,Central African Republic,Nola,2024,2.4546475922835656e+18
TCD,Chad,N'Djamena,2024,2.9671855189698744e+18
TCD,Chad,Moundou,2024,2.792264996648461e+18
TCD,Chad,Sarh,2024,3.027878824949628e+18
TCD,Chad,Abeche,2024,2.0046885750439444e+18
TCD,Chad,Kelo,2024,2.4882464898466294e+18
TCD,Chad,Koumra,2024,3.004199423747924e+18
TCD,Chad,Pala,2024,2.444467783838243e+18
TCD,Chad,Am Timan,2024,2.482250628286566e+18
TCD,Chad,Bongor,2024,2.553372588458145e+18
TCD,Chad,Mongo,2024,2.3170512011892726e+18
TCD,Chad,Faya-Largeau,2024,1.281906997780358e+18
TCD,Chad,Doba,2024,2.871327641010988e+18
TCD,Chad,Ati,2024,2.1019234641556751e+18
TCD,Chad,Biltine,2024,1.8070755918914834e+18
TCD,Chad,Mao,2024,1.7364164839199493e+18
TCD,Chad,Massakory,2024,2.047459085063896e+18
COD,DR Congo,Kinshasa,2024,5.321560235698209e+18
COD,DR Congo,Lubumbashi,2024,4.2517845088825866e+18
COD,DR Congo,Mbuji-Mayi,2024,4.5426296400791864e+18
COD,DR Congo,Kisangani,2024,2.0028884923898202e+18
COD,DR Congo,Goma,2024,1.2057780783716536e+18
COD,DR Congo,Bukavu,2024,1.4672717608188836e+18
COD,DR Congo,Kananga,2024,4.796974022757691e+18
COD,DR Congo,Kolwezi,2024,5.429838248143755e+18
COD,DR Congo,Tshikapa,2024,5.432689543316388e+18
COD,DR Congo,Matadi,2024,3.700494878049955e+18
COD,DR Congo,Boma,2024,3.387554433724209e+18
COD,DR Congo,Uvira,2024,2.0086099111420608e+18
COD,DR Congo,Kindu,2024,2.309682260822018e+18
COD,DR Congo,Kalemie,2024,2.2042167866361638e+18
COD,DR Congo,Likasi,2024,4.570963291528036e+18
COD,DR Congo,Kikwit,2024,5.42359772010992e+18
COD,DR Congo,Gemena,2024,3.0413714727602227e+18
COD,DR Congo,Isiro,2024,2.1866219454285187e+18
COG,Congo Republic,Brazzaville,2024,5.236070186882165e+18
COG,Congo Republic,Pointe-Noire,2024,3.3188129706627553e+18
COG,Congo Republic,Dolisie,2024,3.566463839349884e+18
COG,Congo Republic,Nkayi,2024,3.904583968766279e+18
COG,Congo Republic,Owando,2024,2.596684336844152e+18
COG,Congo Republic,Ouesso,2024,2.3795866247144356e+18
COG,Congo Republic,Impfondo,2024,2.3517196204183767e+18
COG,Congo Republic,Sibiti,2024,3.0627648509643776e+18
COG,Congo Republic,Madingou,2024,3.8887475196018637e+18
COG,Congo Republic,Kinkala,2024,4.143741063213024e+18
COG,Congo Republic,Mossendjo,2024,2.4928352736896686e+18
COG,Congo Republic,Gamboma,2024,3.9652140277588106e+18
COG,Congo Republic,Djambala,2024,4.155691652710434e+18
CIV,Cote d'Ivoire,Abidjan,2024,4.190175842725284e+18
CIV,Cote d'Ivoire,Yamoussoukro,2024,2.8505568674442173e+18
CIV,Cote d'Ivoire,Bouake,2024,2.4562013375638927e+18
CIV,Cote d'Ivoire,Daloa,2024,1.8738560715918833e+18
CIV,Cote d'Ivoire,San-Pedro,2024,1.481401642687666e+18
CIV,Cote d'Ivoire,Korhogo,2024,1.9756268312145065e+18
CIV,Cote d'Ivoire,Man,2024,1.7487438961850778e+18
CIV,Cote d'Ivoire,Gagnoa,2024,1.9910769600873485e+18
CIV,Cote d'Ivoire,Abengourou,2024,2.1588751155328417e+18
CIV,Cote d'Ivoire,Bondoukou,2024,2.344648974337372e+18
CIV,Cote d'Ivoire,Divo,2024,2.0438323507882796e+18
CIV,Cote d'Ivoire,Odienne,2024,2.2190298844622336e+18
CIV,Cote d'Ivoire,Ferkessedougou,2024,2.0598612919358927e+18
CIV,Cote d'Ivoire,Soubre,2024,1.822939226927774e+18
CIV,Cote d'Ivoire,Sassandra,2024,1.5381407889414927e+18
CIV,Cote d'Ivoire,Agboville,2024,2.369081016737266e+18
CIV,Cote d'Ivoire,Grand-Bassam,2024,2.5894375246722883e+18
CIV,Cote d'Ivoire,Dabou,2024,2.601211666908316e+18
ETH,Ethiopia,Addis Ababa,2024,2.9196197726743747e+18
ETH,Ethiopia,Dire Dawa,2024,1.517692431916668e+18
ETH,Ethiopia,Mekelle,2024,1.6114810036576271e+18
ETH,Ethiopia,Bahir Dar,2024,1.967999171605835e+18
ETH,Ethiopia,Hawassa,2024,1.5509114686481096e+18
ETH,Ethiopia,Adama,2024,1.5429837221404613e+18
ETH,Ethiopia,Gondar,2024,1.860138256813655e+18
ETH,Ethiopia,Jimma,2024,1.5406300210687887e+18
ETH,Ethiopia,Dessie,2024,1.293428809322941e+18
ETH,Ethiopia,Shashamane,2024,1.5345500156422113e+18
ETH,Ethiopia,Harar,2024,1.287804222909046e+18
ETH,Ethiopia,Arba Minch,2024,1.1862062375301345e+18
ETH,Ethiopia,Debre Markos,2024,1.803431876111241e+18
ETH,Ethiopia,Debre Birhan,2024,1.212321687450236e+18
ETH,Ethiopia,Nekemte,2024,2.2203218918437233e+18
ETH,Ethiopia,Asella,2024,1.3104162364191478e+18
ETH,Ethiopia,Wolaita Sodo,2024,1.4169701840295204e+18
ETH,Ethiopia,Jijiga,2024,1.1621088230389704e+18
GAB,Gabon,Libreville,2024,2.92878288507562e+18
GAB,Gabon,Port-Gentil,2024,2.512954392140293e+18
GAB,Gabon,Franceville,2024,2.5512598051985787e+18
GAB,Gabon,Oyem,2024,2.119383621634805e+18
GAB,Gabon,Moanda,2024,2.638692797048959e+18
GAB,Gabon,Lambarene,2024,2.5617258951093734e+18
GAB,Gabon,Mouila,2024,2.413202626017159e+18
GAB,Gabon,Koulamoutou,2024,2.5510938098944353e+18
GAB,Gabon,Tchibanga,2024,2.312999501779603e+18
GAB,Gabon,Makokou,2024,2.3431188136689654e+18
GAB,Gabon,Bitam,2024,2.150014316844023e+18
GAB,Gabon,Ndende,2024,2.4836543717004585e+18
GHA,Ghana,Accra,2024,3.254920197341304e+18
GHA,Ghana,Kumasi,2024,3.4309186421436744e+18
GHA,Ghana,Tamale,2024,3.047659838653017e+18
GHA,Ghana,Sekondi-Takoradi,2024,2.2420993884003996e+18
GHA,Ghana,Sunyani,2024,2.518473025573597e+18
GHA,Ghana,Cape Coast,2024,1.9420239960544015e+18
GHA,Ghana,Koforidua,2024,2.9670612348327716e+18
GHA,Ghana,Ho,2024,3.300519314233507e+18
GHA,Ghana,Tema,2024,3.360010853620873e+18
GHA,Ghana,Obuasi,2024,2.6332636819372165e+18
GHA,Ghana,Bolgatanga,2024,2.5044010133773307e+18
GHA,Ghana,Wa,2024,2.655652214983973e+18
GHA,Ghana,Techiman,2024,2.581201012545549e+18
GHA,Ghana,Tarkwa,2024,2.621904367369613e+18
GHA,Ghana,Sefwi Wiawso,2024,2.2278727806818125e+18
GHA,Ghana,Nkawkaw,2024,2.943630351220538e+18
GHA,Ghana,Dunkwa-on-Offin,2024,2.5785673942920115e+18
GHA,Ghana,Yendi,2024,2.952606001322114e+18
KEN,Kenya,Nairobi,2024,2.1141910971268024e+18
KEN,Kenya,Mombasa,2024,1.3552361668216625e+18
KEN,Kenya,Kisumu,2024,1.4805309788566866e+18
KEN,Kenya,Nakuru,2024,1.064853081080104e+18
KEN,Kenya,Eldoret,2024,8.966184197494077e+17
KEN,Kenya,Thika,2024,1.511849236178202e+18
KEN,Kenya,Malindi,2024,7.452633613495514e+17
KEN,Kenya,Kitale,2024,9.38644407425462e+17
KEN,Kenya,Garissa,2024,8.271383730680723e+17
KEN,Kenya,Nyeri,2024,9.218996738921844e+17
KEN,Kenya,Machakos,2024,9.831601606915661e+17
KEN,Kenya,Meru,2024,7.885220040275098e+17
KEN,Kenya,Kericho,2024,1.113665117971286e+18
KEN,Kenya,Naivasha,2024,1.0350038221746834e+18
KEN,Kenya,Embu,2024,8.554807063798915e+17
KEN,Kenya,Lodwar,2024,9.825737193149431e+17
KEN,Kenya,Isiolo,2024,7.966650062904347e+17
KEN,Kenya,Wajir,2024,7.514485079303452e+17
LSO,Lesotho,Maseru,2024,1.6723388620777846e+18
LSO,Lesotho,Teyateyaneng,2024,1.6660151570976294e+18
LSO,Lesotho,Mafeteng,2024,1.5949498737955625e+18
LBR,Liberia,Monrovia,2024,1.8792021066952108e+18
LBR,Liberia,Gbarnga,2024,1.8017473140343378e+18
LBR,Liberia,Buchanan,2024,1.6629359243518597e+18
LBR,Liberia,Harper,2024,1.5341060664341376e+18
LBR,Liberia,Voinjama,2024,2.62811605496986e+18
LBR,Liberia,Zwedru,2024,1.6741334186472689e+18
LBR,Liberia,Kakata,2024,1.846646394949419e+18
LBR,Liberia,Greenville,2024,1.5027506042725466e+18
LBR,Liberia,Tubmanburg,2024,1.8770356215239895e+18
LBR,Liberia,Ganta,2024,1.7112183099318892e+18
LBR,Liberia,Robertsport,2024,1.6674188662603412e+18
LBR,Liberia,Fish Town,2024,1.6450041518446316e+18
MDG,Madagascar,Antananarivo,2024,2.520543744580606e+18
MDG,Madagascar,Toamasina,2024,1.2653021642479388e+18
MDG,Madagascar,Antsirabe,2024,1.7490943145926262e+18
MDG,Madagascar,Mahajanga,2024,1.7153922671841162e+18
MDG,Madagascar,Fianarantsoa,2024,1.5788817280353167e+18
MDG,Madagascar,Toliara,2024,1.3783986529002516e+18
MDG,Madagascar,Antsiranana,2024,1.0142454637846444e+18
MDG,Madagascar,Morondava,2024,1.8727939650803914e+18
MDG,Madagascar,Sambava,2024,1.0028533295211493e+18
MDG,Madagascar,Ambatondrazaka,2024,1.8168063886851587e+18
MDG,Madagascar,Farafangana,2024,1.3411549642240064e+18
MDG,Madagascar,Mananjary,2024,1.239495664999166e+18
MDG,Madagascar,Manakara,2024,1.3713254754854717e+18
MDG,Madagascar,Antalaha,2024,9.979531608417971e+17
MDG,Madagascar,Hell-Ville,2024,1.2370366172751304e+18
MDG,Madagascar,Marovoay,2024,1.7583599937069276e+18
MDG,Madagascar,Ambanja,2024,1.4088038173992968e+18
MWI,Malawi,Lilongwe,2024,2.3760667984024407e+18
MWI,Malawi,Blantyre,2024,2.64767073236143e+18
MWI,Malawi,Mzuzu,2024,1.9926840400701594e+18
MWI,Malawi,Zomba,2024,2.4319411276795924e+18
MWI,Malawi,Karonga,2024,1.793884160479646e+18
MWI,Malawi,Mangochi,2024,2.2947875363893883e+18
MWI,Malawi,Salima,2024,2.0575056643577172e+18
MLI,Mali,Bamako,2024,3.441700357712624e+18
MLI,Mali,Sikasso,2024,2.0098258962068396e+18
MLI,Mali,Mopti,2024,2.057020823709944e+18
MLI,Mali,Koutiala,2024,2.0830381430600018e+18
MLI,Mali,Kayes,2024,2.5528210065226957e+18
MLI,Mali,Segou,2024,2.1216103811341332e+18
MWI,Malawi,Karonga,2024,1.793884160479646e+18
MWI,Malawi,Mangochi,2024,2.2947875363893883e+18
MWI,Malawi,Salima,2024,2.0575056643577172e+18
MRT,Mauritania,Nouakchott,2024,1.9051994654665134e+18
MRT,Mauritania,Nouadhibou,2024,1.2227161896809743e+18
MRT,Mauritania,Rosso,2024,1.6139815272517921e+18
MRT,Mauritania,Zouerate,2024,1.4821890289664415e+18
MRT,Mauritania,Atar,2024,1.0973238427284663e+18
MRT,Mauritania,Kaedi,2024,1.5657820079602724e+18
MOZ,Mozambique,Maputo,2024,4.1810139416221573e+18
MOZ,Mozambique,Matola,2024,4.506644656198701e+18
MOZ,Mozambique,Beira,2024,1.8604277513859428e+18
MOZ,Mozambique,Nampula,2024,2.3521638646848256e+18
MOZ,Mozambique,Chimoio,2024,2.5737341168320425e+18
MOZ,Mozambique,Nacala,2024,1.5246315456269624e+18
MOZ,Mozambique,Quelimane,2024,1.9493258327643387e+18
MOZ,Mozambique,Tete,2024,2.481286759427939e+18
MOZ,Mozambique,Pemba,2024,1.4398295142013225e+18
MOZ,Mozambique,Lichinga,2024,2.536716850655149e+18
MOZ,Mozambique,Xai-Xai,2024,2.0752026066348739e+18
MOZ,Mozambique,Maxixe,2024,1.367999242716841e+18
NGA,Nigeria,Lagos,2024,6.890751970285116e+18
NGA,Nigeria,Abuja,2024,5.831278508344633e+18
NGA,Nigeria,Kano,2024,4.000812538823812e+18
NGA,Nigeria,Ibadan,2024,4.785465144444865e+18
NGA,Nigeria,Port Harcourt,2024,4.935683328768831e+18
NGA,Nigeria,Benin City,2024,4.683967091828122e+18
NGA,Nigeria,Onitsha,2024,4.831391953282927e+18
NGA,Nigeria,Aba,2024,4.314084897365291e+18
NGA,Nigeria,Kaduna,2024,3.245439934407168e+18
NGA,Nigeria,Enugu,2024,4.5873710408011873e+18
NGA,Nigeria,Ilorin,2024,3.394818274383574e+18
NGA,Nigeria,Warri,2024,4.142920082537776e+18
NGA,Nigeria,Maiduguri,2024,2.828356862075567e+18
NGA,Nigeria,Zaria,2024,3.1169821417405814e+18
NGA,Nigeria,Sokoto,2024,3.000816209696557e+18
NGA,Nigeria,Uyo,2024,3.894628616335536e+18
NGA,Nigeria,Jos,2024,2.567850595402933e+18
NGA,Nigeria,Calabar,2024,3.49093953552687e+18
ZAF,South Africa,Johannesburg,2024,1.4333004719286235e+19
ZAF,South Africa,Cape Town,2024,3.564414375706112e+18
ZAF,South Africa,Durban,2024,4.929552455909278e+18
ZAF,South Africa,Pretoria,2024,1.1191337526790916e+19
ZAF,South Africa,Port Elizabeth,2024,1.964127019275028e+18
ZAF,South Africa,Bloemfontein,2024,2.055320480560365e+18
ZAF,South Africa,East London,2024,2.0014280387843185e+18
ZAF,South Africa,Soweto,2024,1.0292602180895175e+19
ZAF,South Africa,Pietermaritzburg,2024,4.342736795188243e+18
ZAF,South Africa,Polokwane,2024,3.246311176932574e+18
ZAF,South Africa,Rustenburg,2024,5.055363784319692e+18
ZMB,Zambia,Lusaka,2024,3.5754507285225697e+18
ZMB,Zambia,Kitwe,2024,3.902626786059429e+18
ZMB,Zambia,Ndola,2024,4.009494883896288e+18
ZMB,Zambia,Kabwe,2024,2.527698983906208e+18
ZMB,Zambia,Chingola,2024,3.7065283357332296e+18
ZMB,Zambia,Livingstone,2024,2.182630870055587e+18
ZMB,Zambia,Solwezi,2024,4.142943240866899e+18
ZMB,Zambia,Mufulira,2024,3.599464454100493e+18
ZMB,Zambia,Luanshya,2024,3.8444320958279736e+18
ZWE,Zimbabwe,Harare,2024,3.6056697249991414e+18
ZWE,Zimbabwe,Bulawayo,2024,2.1403597316757046e+18
ZWE,Zimbabwe,Chitungwiza,2024,3.142714426514702e+18
ZWE,Zimbabwe,Mutare,2024,2.2327973166213852e+18
ZWE,Zimbabwe,Gweru,2024,2.0779208302072591e+18
ZWE,Zimbabwe,Kwekwe,2024,2.140544846627457e+18
ZWE,Zimbabwe,Masvingo,2024,1.8734373893597898e+18
ZWE,Zimbabwe,Chinhoyi,2024,2.80030312350692e+18
ZWE,Zimbabwe,Kadoma,2024,2.333425240807462e+18
ZWE,Zimbabwe,Victoria Falls,2024,2.151690096929219e+18
ZWE,Zimbabwe,Redcliff,2024,2.1224358975388232e+18
ZWE,Zimbabwe,Norton,2024,3.257839632857178e+18
ZWE,Zimbabwe,Hwange,2024,3.2262993307809367e+18
ZWE,Zimbabwe,Victoria Falls,2024,2.151690096929219e+18
ZWE,Zimbabwe,Bulawayo,2024,2.1403597316757046e+18
ZWE,Zimbabwe,Chegutu,2024,2.4965909595730647e+18
ZWE,Zimbabwe,Kadoma,2024,2.333425240807462e+18
COM,Comoros,Moroni,2024,1.0606671983736778e+18
COM,Comoros,Mutsamudu,2024,1.0758329989828215e+18
COM,Comoros,Fomboni,2024,1.0680587157104887e+18
ERI,Eritrea,Asmara,2024,1.5471947656879416e+18
ERI,Eritrea,Keren,2024,1.6406670646625784e+18
ERI,Eritrea,Massawa,2024,1.7040713274178624e+18
GNQ,Equatorial Guinea,Malabo,2024,2.8258945957009674e+18
GNQ,Equatorial Guinea,Bata,2024,2.287594858279567e+18
GNQ,Equatorial Guinea,Ebibeyin,2024,2.165305098858936e+18
GMB,Gambia,Banjul,2024,2.6553955221096223e+18
GMB,Gambia,Serekunda,2024,2.6377615104176097e+18
GMB,Gambia,Brikama,2024,2.6811217202906373e+18
GIN,Guinea,Conakry,2024,3.511484258561176e+18
GIN,Guinea,Kankan,2024,2.539914440835725e+18
GIN,Guinea,Kindia,2024,3.0025377271441864e+18
GIN,Guinea,Nzérékoré,2024,2.1445302495205827e+18
GIN,Guinea,Labe,2024,2.0976463212887132e+18
GIN,Guinea,Fria,2024,3.244104176387419e+18
GNB,Guinea-Bissau,Bissau,2024,2.2057680895108424e+18
GNB,Guinea-Bissau,Bafatá,2024,2.3212730175088236e+18
GNB,Guinea-Bissau,Gabú,2024,2.447423838598608e+18
NAM,Namibia,Windhoek,2024,1.7390780975370883e+18
NAM,Namibia,Walvis Bay,2024,1.4151798782931052e+18
NAM,Namibia,Swakopmund,2024,1.4856811030171945e+18
NAM,Namibia,Rundu,2024,2.5604343140932193e+18
NAM,Namibia,Oshakati,2024,2.1952407358579282e+18
NAM,Namibia,Otjiwarongo,2024,1.5451137663736586e+18
NER,Niger,Niamey,2024,2.5849535807755044e+18
NER,Niger,Zinder,2024,1.9960240834289203e+18
NER,Niger,Maradi,2024,2.3033332082086254e+18
NER,Niger,Agadez,2024,1.5325776594348913e+18
NER,Niger,Tahoua,2024,1.8273953789717015e+18
RWA,Rwanda,Kigali,2024,1.7157883744405804e+18
RWA,Rwanda,Huye,2024,1.4555541725691041e+18
RWA,Rwanda,Rubavu,2024,1.1840789937924946e+18
RWA,Rwanda,Musanze,2024,1.0353713585921706e+18
RWA,Rwanda,Rusizi,2024,1.4884636571675832e+18
STP,Sao Tome and Principe,São Tomé,2024,1.9080757238861496e+18
STP,Sao Tome and Principe,Santo António,2024,1.871824506089839e+18
STP,Sao Tome and Principe,Neves,2024,1.880805526028411e+18
SEN,Senegal,Ziguinchor,2024,2.319048304361035e+18
SEN,Senegal,Tambacounda,2024,2.5992222018428273e+18
SEN,Senegal,Dakar,2024,3.9606216231395323e+18
SEN,Senegal,Thiès,2024,3.225179655368707e+18
SEN,Senegal,Saint-Louis,2024,1.630766589056836e+18
SEN,Senegal,Kaolack,2024,2.6650883493343043e+18
SLE,Sierra Leone,Freetown,2024,2.5751809406121994e+18
SLE,Sierra Leone,Bo,2024,2.549897904087331e+18
SLE,Sierra Leone,Kenema,2024,2.311079506097423e+18
SLE,Sierra Leone,Makeni,2024,3.155696096939923e+18
SOM,Somalia,Mogadishu,2024,8.200326214971141e+17
SOM,Somalia,Hargeisa,2024,1.2372413134958705e+18
SOM,Somalia,Bosaso,2024,1.3343291678742886e+18
SOM,Somalia,Kismayo,2024,5.357707713061221e+17
SOM,Somalia,Baidoa,2024,7.253775599519817e+17
SSD,South Sudan,Juba,2024,3.3609779796509573e+18
SSD,South Sudan,Wau,2024,2.6458387397609974e+18
SSD,South Sudan,Malakal,2024,2.94407870467875e+18
SSD,South Sudan,Bor,2024,2.8689892238829036e+18
SDN,Sudan,Khartoum,2024,2.5271473935384627e+18
SDN,Sudan,Omdurman,2024,2.4420698207988173e+18
SDN,Sudan,Port Sudan,2024,1.837608383900862e+18
SDN,Sudan,Nyala,2024,1.910565037130258e+18
SDN,Sudan,Ed Damer,2024,1.9930146522385247e+18
SDN,Sudan,El Obeid,2024,2.0517506008586035e+18
SDN,Sudan,Kassala,2024,2.0748578177128497e+18
SDN,Sudan,Wad Madani,2024,2.20862824902936e+18
SDN,Sudan,Kosti,2024,2.5023259315555707e+18
SDN,Sudan,Rabak,2024,2.5710261378124283e+18
SDN,Sudan,El Obeid,2024,2.0517506008586035e+18
SDN,Sudan,Sennar,2024,2.1720651482393262e+18
SDN,Sudan,Wad Madani,2024,2.20862824902936e+18
SDN,Sudan,Kosti,2024,2.5023259315555707e+18
SDN,Sudan,Rabak,2024,2.5710261378124283e+18
SDN,Sudan,Sennar,2024,2.1720651482393262e+18
TZA,Tanzania,Dar es Salaam,2024,1.8837880295867592e+18
TZA,Tanzania,Dodoma,2024,1.5715244718330547e+18
TZA,Tanzania,Mwanza,2024,1.4645142665072492e+18
TZA,Tanzania,Arusha,2024,1.0587948187988664e+18
TZA,Tanzania,Zanzibar City,2024,1.365109309689586e+18
TZA,Tanzania,Mbeya,2024,2.0085574499735306e+18
TZA,Tanzania,Tabora,2024,1.6749532052716933e+18
TGO,Togo,Lomé,2024,2.7312901919780833e+18
TGO,Togo,Sokodé,2024,2.504204331701201e+18
TGO,Togo,Kara,2024,2.5857724776054917e+18
TGO,Togo,Atakpamé,2024,2.7847421614829384e+18
UGA,Uganda,Kampala,2024,1.9817670412489562e+18
UGA,Uganda,Entebbe,2024,1.345210060720455e+18
UGA,Uganda,Jinja,2024,1.3101114007175642e+18
UGA,Uganda,Mbarara,2024,1.4811824383145792e+18
UGA,Uganda,Gulu,2024,2.1002668625186954e+18
UGA,Uganda,Fort Portal,2024,1.307636130012805e+18
AGO,Angola,Luanda,2025,4.4776539202379003e+18
AGO,Angola,Benguela,2025,2.011711440808932e+18
AGO,Angola,Lobito,2025,2.0216076306100623e+18
AGO,Angola,Huambo,2025,3.150343385868484e+18
AGO,Angola,Lubango,2025,2.0470411714909445e+18
AGO,Angola,Cabinda,2025,2.7927573944808556e+18
AGO,Angola,Malanje,2025,4.5226929947450214e+18
AGO,Angola,Namibe,2025,1.5882019184964838e+18
AGO,Angola,Sumbe,2025,2.1655395646670945e+18
AGO,Angola,Uige,2025,3.9516103412546273e+18
AGO,Angola,Soyo,2025,2.743504429133919e+18
BEN,Benin,Bohicon,2025,3.040939514085114e+18
BEN,Benin,Abomey,2025,3.0575777333019924e+18
BEN,Benin,Ouidah,2025,2.5543235723306844e+18
BEN,Benin,Kandi,2025,2.805230163664903e+18
BEN,Benin,Natitingou,2025,2.771883102266273e+18
BEN,Benin,Save,2025,3.002868353027112e+18
BEN,Benin,Savalou,2025,2.9981534508740096e+18
BEN,Benin,Comé,2025,2.6368965994322145e+18
BEN,Benin,Allada,2025,3.071239016922936e+18
BEN,Benin,Dogbo,2025,3.126490581812164e+18
BEN,Benin,Lokossa,2025,3.1664714019733453e+18
BEN,Benin,Tchaourou,2025,2.675355011623205e+18
BEN,Benin,Malanville,2025,2.756060895099822e+18
BEN,Benin,Tanguiéta,2025,2.8910724338622326e+18
BEN,Benin,Bassila,2025,2.79303060194628e+18
BEN,Benin,Pobe,2025,3.6206065613161533e+18
BEN,Benin,Ketou,2025,3.251667951316134e+18
BWA,Botswana,Gaborone,2025,2.5180018754858076e+18
BWA,Botswana,Francistown,2025,1.912395816128598e+18
BWA,Botswana,Maun,2025,2.112003104623043e+18
BWA,Botswana,Serowe,2025,1.9014980462208783e+18
BWA,Botswana,Kanye,2025,1.919246169196396e+18
BWA,Botswana,Molepolole,2025,1.8101122248388408e+18
BWA,Botswana,Mochudi,2025,2.2168209493069235e+18
BWA,Botswana,Selebi-Phikwe,2025,1.8810482688616868e+18
BWA,Botswana,Palapye,2025,2.2913697211351798e+18
BWA,Botswana,Lobatse,2025,2.0963238207502044e+18
BWA,Botswana,Ramotswa,2025,2.4200719721288924e+18
BWA,Botswana,Letlhakane,2025,1.7342088355958518e+18
BWA,Botswana,Orapa,2025,1.6977109779718484e+18
BWA,Botswana,Kasane,2025,2.498434635521773e+18
BWA,Botswana,Ghanzi,2025,1.6714993355961687e+18
BWA,Botswana,Jwaneng,2025,1.8205376386005847e+18
BWA,Botswana,Tsabong,2025,1.561180584488205e+18
BWA,Botswana,Shoshong,2025,2.0808465958154644e+18
BFA,Burkina Faso,Ouagadougou,2025,3.50509439046737e+18
BFA,Burkina Faso,Bobo-Dioulasso,2025,2.35451761991394e+18
BFA,Burkina Faso,Koudougou,2025,2.4534333218123725e+18
BFA,Burkina Faso,Banfora,2025,2.1467676829229053e+18
BFA,Burkina Faso,Ouahigouya,2025,2.534524155992224e+18
BFA,Burkina Faso,Kaya,2025,2.5973226512804403e+18
BFA,Burkina Faso,Tenkodogo,2025,2.437473639247865e+18
BFA,Burkina Faso,Fada N'Gourma,2025,2.4712970717898967e+18
BFA,Burkina Faso,Dedougou,2025,2.427411291263196e+18
BFA,Burkina Faso,Dori,2025,2.239155583394497e+18
BFA,Burkina Faso,Gaoua,2025,2.595521004873347e+18
BFA,Burkina Faso,Kongoussi,2025,2.647935680561673e+18
BFA,Burkina Faso,Manga,2025,2.336597706127401e+18
BFA,Burkina Faso,Reo,2025,2.4199729427102853e+18
BFA,Burkina Faso,Ziniare,2025,2.831506765443807e+18
BFA,Burkina Faso,Hounde,2025,2.4166241208837663e+18
BFA,Burkina Faso,Po,2025,2.553968829298901e+18
BFA,Burkina Faso,Leo,2025,2.45100782344127e+18
BDI,Burundi,Bujumbura,2025,2.123526274285954e+18
BDI,Burundi,Gitega,2025,1.6209064448986908e+18
BDI,Burundi,Ngozi,2025,1.6840355245061412e+18
BDI,Burundi,Rumonge,2025,1.9094705080676035e+18
BDI,Burundi,Bururi,2025,1.7263130466083415e+18
BDI,Burundi,Muyinga,2025,1.7933225967011361e+18
BDI,Burundi,Ruyigi,2025,1.8960106204718318e+18
BDI,Burundi,Makamba,2025,1.8322744379260923e+18
BDI,Burundi,Kayanza,2025,1.6422223847217357e+18
BDI,Burundi,Muramvya,2025,1.7474733689518198e+18
BDI,Burundi,Cibitoke,2025,2.0373371817277844e+18
BDI,Burundi,Karuzi,2025,1.8183102955808184e+18
BDI,Burundi,Kirundo,2025,1.8821886182450908e+18
BDI,Burundi,Mwaro,2025,1.4677839641988224e+18
BDI,Burundi,Nyanza-Lac,2025,2.0495097712317916e+18
CMR,Cameroon,Douala,2025,3.2902762145538253e+18
CMR,Cameroon,Yaounde,2025,3.248741529213486e+18
CMR,Cameroon,Garoua,2025,3.013388923342347e+18
CMR,Cameroon,Bamenda,2025,3.3927449816437437e+18
CMR,Cameroon,Maroua,2025,2.6424673311581425e+18
CMR,Cameroon,Ngaoundere,2025,2.7600851195255404e+18
CMR,Cameroon,Bafoussam,2025,3.259251754952436e+18
CMR,Cameroon,Bertoua,2025,3.1801571377838807e+18
CMR,Cameroon,Ebolowa,2025,2.3618716996204595e+18
CMR,Cameroon,Kribi,2025,2.58585866299397e+18
CMR,Cameroon,Limbe,2025,2.411584457446826e+18
CMR,Cameroon,Kumba,2025,2.7830703418707855e+18
CMR,Cameroon,Nkongsamba,2025,2.8121396050442895e+18
CMR,Cameroon,Edea,2025,2.8549870544621445e+18
CMR,Cameroon,Sangmelima,2025,2.390162741563518e+18
CMR,Cameroon,Foumban,2025,3.004387297483139e+18
CMR,Cameroon,Dschang,2025,3.319888220371396e+18
CMR,Cameroon,Kousseri,2025,3.1808104047902024e+18
CAF,Central African Republic,Bangui,2025,3.5143314950799836e+18
CAF,Central African Republic,Bimbo,2025,3.3286214519428127e+18
CAF,Central African Republic,Berberati,2025,3.230778302446071e+18
CAF,Central African Republic,Bambari,2025,3.644957853007658e+18
CAF,Central African Republic,Bouar,2025,3.3364404492568617e+18
CAF,Central African Republic,Bossangoa,2025,3.779226150936564e+18
CAF,Central African Republic,Bria,2025,3.128842147482906e+18
CAF,Central African Republic,Bangassou,2025,3.0003997046301983e+18
CAF,Central African Republic,Kaga-Bandoro,2025,4.0085830801040486e+18
CAF,Central African Republic,Mbaiki,2025,2.883681692325893e+18
CAF,Central African Republic,Bozoum,2025,3.213758883845039e+18
CAF,Central African Republic,Carnot,2025,4.2973068711626435e+18
CAF,Central African Republic,Sibut,2025,3.804452298009133e+18
CAF,Central African Republic,Alindao,2025,3.326504770929877e+18
CAF,Central African Republic,Mobaye,2025,3.1190645616285676e+18
CAF,Central African Republic,Nola,2025,2.8254960578712356e+18
TCD,Chad,N'Djamena,2025,3.15684779485837e+18
TCD,Chad,Moundou,2025,3.0326709219659054e+18
TCD,Chad,Sarh,2025,3.28421241839548e+18
TCD,Chad,Abeche,2025,2.07881701343941e+18
TCD,Chad,Kelo,2025,2.744251603627613e+18
TCD,Chad,Koumra,2025,3.193674445384575e+18
TCD,Chad,Pala,2025,2.701037086395019e+18
TCD,Chad,Am Timan,2025,2.7712446726795715e+18
TCD,Chad,Bongor,2025,2.8831732960418647e+18
TCD,Chad,Mongo,2025,2.498374127032711e+18
TCD,Chad,Faya-Largeau,2025,1.3361151948354094e+18
TCD,Chad,Doba,2025,3.195529173379503e+18
TCD,Chad,Ati,2025,2.2351850572390835e+18
TCD,Chad,Biltine,2025,1.867354097973291e+18
TCD,Chad,Mao,2025,1.8184313398570668e+18
TCD,Chad,Massakory,2025,2.138338751494538e+18
COD,DR Congo,Kinshasa,2025,4.814357400791423e+18
COD,DR Congo,Lubumbashi,2025,4.317719279627641e+18
COD,DR Congo,Mbuji-Mayi,2025,4.041781531361488e+18
COD,DR Congo,Kisangani,2025,2.2209721745882417e+18
COD,DR Congo,Goma,2025,1.4586445157970934e+18
COD,DR Congo,Bukavu,2025,1.7067154259976899e+18
COD,DR Congo,Kananga,2025,4.5159260354130263e+18
COD,DR Congo,Kolwezi,2025,6.172592194151577e+18
COD,DR Congo,Tshikapa,2025,5.308242414849873e+18
COD,DR Congo,Matadi,2025,3.208902559243343e+18
COD,DR Congo,Boma,2025,3.018355074963421e+18
COD,DR Congo,Uvira,2025,1.9892199292895754e+18
COD,DR Congo,Kindu,2025,2.4477962120871045e+18
COD,DR Congo,Kalemie,2025,2.339192083115014e+18
COD,DR Congo,Likasi,2025,4.593876754645667e+18
COD,DR Congo,Kikwit,2025,4.951670985690747e+18
COD,DR Congo,Gemena,2025,3.008699898226821e+18
COD,DR Congo,Isiro,2025,2.3255383689833134e+18
COG,Congo Republic,Brazzaville,2025,4.788270741006881e+18
COG,Congo Republic,Pointe-Noire,2025,3.1115669173392814e+18
COG,Congo Republic,Dolisie,2025,3.123013175625402e+18
COG,Congo Republic,Nkayi,2025,3.3451246541577165e+18
COG,Congo Republic,Owando,2025,2.6386591020441103e+18
COG,Congo Republic,Ouesso,2025,2.4838457073237156e+18
COG,Congo Republic,Impfondo,2025,2.3412629020243574e+18
COG,Congo Republic,Sibiti,2025,2.779657041394854e+18
COG,Congo Republic,Madingou,2025,3.2527052171313393e+18
COG,Congo Republic,Kinkala,2025,3.581092987415713e+18
COG,Congo Republic,Mossendjo,2025,2.399825780480119e+18
COG,Congo Republic,Gamboma,2025,3.451848540081363e+18
COG,Congo Republic,Djambala,2025,3.89746850507464e+18
CIV,Cote d'Ivoire,Abidjan,2025,4.1666637330621286e+18
CIV,Cote d'Ivoire,Yamoussoukro,2025,2.523178581216977e+18
CIV,Cote d'Ivoire,Bouake,2025,2.4550778224267807e+18
CIV,Cote d'Ivoire,Daloa,2025,1.9883213144640125e+18
CIV,Cote d'Ivoire,San-Pedro,2025,1.497543810313839e+18
CIV,Cote d'Ivoire,Korhogo,2025,2.1357833009780777e+18
CIV,Cote d'Ivoire,Man,2025,1.8490157658187046e+18
CIV,Cote d'Ivoire,Gagnoa,2025,2.0677065916111037e+18
CIV,Cote d'Ivoire,Abengourou,2025,2.210718539893828e+18
CIV,Cote d'Ivoire,Bondoukou,2025,2.302665257522948e+18
CIV,Cote d'Ivoire,Divo,2025,2.1350485159447926e+18
CIV,Cote d'Ivoire,Odienne,2025,2.152715667738266e+18
CIV,Cote d'Ivoire,Ferkessedougou,2025,2.1469221674981714e+18
CIV,Cote d'Ivoire,Soubre,2025,1.85677691556509e+18
CIV,Cote d'Ivoire,Sassandra,2025,1.5365953585257692e+18
CIV,Cote d'Ivoire,Agboville,2025,2.526848165225196e+18
CIV,Cote d'Ivoire,Grand-Bassam,2025,2.7297596777711e+18
CIV,Cote d'Ivoire,Dabou,2025,2.537470126324838e+18
ETH,Ethiopia,Addis Ababa,2025,3.0657326921230126e+18
ETH,Ethiopia,Dire Dawa,2025,1.6175893232269025e+18
ETH,Ethiopia,Mekelle,2025,1.6300397379094863e+18
ETH,Ethiopia,Bahir Dar,2025,2.0111295961392773e+18
ETH,Ethiopia,Hawassa,2025,1.7189376334142597e+18
ETH,Ethiopia,Adama,2025,1.6854172585871299e+18
ETH,Ethiopia,Gondar,2025,1.8225599028077194e+18
ETH,Ethiopia,Jimma,2025,1.710333026925006e+18
ETH,Ethiopia,Dessie,2025,1.4491816591094426e+18
ETH,Ethiopia,Shashamane,2025,1.7039304836966738e+18
ETH,Ethiopia,Harar,2025,1.4033276884766807e+18
ETH,Ethiopia,Arba Minch,2025,1.343084373416005e+18
ETH,Ethiopia,Debre Markos,2025,1.827185606930678e+18
ETH,Ethiopia,Debre Birhan,2025,1.327933667207826e+18
ETH,Ethiopia,Nekemte,2025,2.264870865638105e+18
ETH,Ethiopia,Asella,2025,1.6563585097025119e+18
ETH,Ethiopia,Wolaita Sodo,2025,1.6208941452076764e+18
ETH,Ethiopia,Jijiga,2025,1.2712112482969661e+18
GAB,Gabon,Libreville,2025,3.129087740761766e+18
GAB,Gabon,Port-Gentil,2025,2.4136218748413245e+18
GAB,Gabon,Franceville,2025,2.580728916503288e+18
GAB,Gabon,Oyem,2025,2.2431079957862958e+18
GAB,Gabon,Moanda,2025,2.547711645498366e+18
GAB,Gabon,Lambarene,2025,2.6598423182106435e+18
GAB,Gabon,Mouila,2025,2.3660164676498217e+18
GAB,Gabon,Koulamoutou,2025,2.4125606694847667e+18
GAB,Gabon,Tchibanga,2025,2.398939323384907e+18
GAB,Gabon,Makokou,2025,2.283724801110594e+18
GAB,Gabon,Bitam,2025,2.352801593929172e+18
GAB,Gabon,Ndende,2025,2.424729652600244e+18
GHA,Ghana,Accra,2025,3.267326353771621e+18
GHA,Ghana,Kumasi,2025,3.7313995163461796e+18
GHA,Ghana,Tamale,2025,3.3035589934462034e+18
GHA,Ghana,Sekondi-Takoradi,2025,2.1742888129439834e+18
GHA,Ghana,Sunyani,2025,2.758967688018809e+18
GHA,Ghana,Cape Coast,2025,2.0257227503259592e+18
GHA,Ghana,Koforidua,2025,3.1761405207843195e+18
GHA,Ghana,Ho,2025,3.2728015042654587e+18
GHA,Ghana,Tema,2025,3.6659691412129516e+18
GHA,Ghana,Obuasi,2025,2.9197714946914826e+18
GHA,Ghana,Bolgatanga,2025,2.83520656463902e+18
GHA,Ghana,Wa,2025,2.786854775920493e+18
GHA,Ghana,Techiman,2025,2.796588961794046e+18
GHA,Ghana,Tarkwa,2025,2.7850724016437596e+18
GHA,Ghana,Sefwi Wiawso,2025,2.408572351861652e+18
GHA,Ghana,Nkawkaw,2025,3.108604508301007e+18
GHA,Ghana,Dunkwa-on-Offin,2025,2.852510193688487e+18
GHA,Ghana,Yendi,2025,3.0912611635076045e+18
KEN,Kenya,Nairobi,2025,2.6435450712324106e+18
KEN,Kenya,Mombasa,2025,1.4820944142361206e+18
KEN,Kenya,Kisumu,2025,1.9878221755213453e+18
KEN,Kenya,Nakuru,2025,1.4087534262175798e+18
KEN,Kenya,Eldoret,2025,1.2275590398552195e+18
KEN,Kenya,Thika,2025,1.905520377181654e+18
KEN,Kenya,Malindi,2025,8.251589322495616e+17
KEN,Kenya,Kitale,2025,1.2646345479219983e+18
KEN,Kenya,Garissa,2025,1.0008961436797446e+18
KEN,Kenya,Nyeri,2025,1.3250893893151534e+18
KEN,Kenya,Machakos,2025,1.2023994834381274e+18
KEN,Kenya,Meru,2025,1.043281263186785e+18
KEN,Kenya,Kericho,2025,1.4588475589099602e+18
KEN,Kenya,Naivasha,2025,1.4142654507605376e+18
KEN,Kenya,Embu,2025,1.1406639192691735e+18
KEN,Kenya,Lodwar,2025,1.1004609253167443e+18
KEN,Kenya,Isiolo,2025,1.077470937217644e+18
KEN,Kenya,Wajir,2025,9.229053907604428e+17
LSO,Lesotho,Maseru,2025,1.7608023882433871e+18
LSO,Lesotho,Teyateyaneng,2025,1.7134253057152008e+18
LSO,Lesotho,Mafeteng,2025,1.6139876282438344e+18
LBR,Liberia,Monrovia,2025,1.9688541240932183e+18
LBR,Liberia,Gbarnga,2025,1.8800863874987284e+18
LBR,Liberia,Buchanan,2025,1.7812228626171735e+18
LBR,Liberia,Harper,2025,1.542962553624826e+18
LBR,Liberia,Voinjama,2025,2.680536582562225e+18
LBR,Liberia,Zwedru,2025,1.7597771688674335e+18
LBR,Liberia,Kakata,2025,2.0104571990718648e+18
LBR,Liberia,Greenville,2025,1.544546788371731e+18
LBR,Liberia,Tubmanburg,2025,2.1055662350515986e+18
LBR,Liberia,Ganta,2025,1.8994913276103306e+18
LBR,Liberia,Robertsport,2025,1.830605559709486e+18
LBR,Liberia,Fish Town,2025,1.6881041810886129e+18
MDG,Madagascar,Antananarivo,2025,2.47640913878017e+18
MDG,Madagascar,Toamasina,2025,1.3413747263332716e+18
MDG,Madagascar,Antsirabe,2025,1.8866677070043617e+18
MDG,Madagascar,Mahajanga,2025,1.6542675542090532e+18
MDG,Madagascar,Fianarantsoa,2025,1.4826722489590477e+18
MDG,Madagascar,Toliara,2025,1.4058584915590141e+18
MDG,Madagascar,Antsiranana,2025,1.0046373069151057e+18
MDG,Madagascar,Morondava,2025,1.869466471114525e+18
MDG,Madagascar,Sambava,2025,9.931110210182185e+17
MDG,Madagascar,Ambatondrazaka,2025,1.7028843492841329e+18
MDG,Madagascar,Farafangana,2025,1.372478447867308e+18
MDG,Madagascar,Mananjary,2025,1.3131067413456579e+18
MDG,Madagascar,Manakara,2025,1.329205190180168e+18
MDG,Madagascar,Antalaha,2025,1.0215843458930597e+18
MDG,Madagascar,Hell-Ville,2025,1.1781221153905362e+18
MDG,Madagascar,Marovoay,2025,1.8969399117458053e+18
MDG,Madagascar,Ambanja,2025,1.294420073926747e+18
MWI,Malawi,Lilongwe,2025,2.532933422108319e+18
MWI,Malawi,Blantyre,2025,2.645008747655838e+18
MWI,Malawi,Mzuzu,2025,1.9793940135812393e+18
MWI,Malawi,Zomba,2025,2.430661388741853e+18
MWI,Malawi,Karonga,2025,1.8846362867418266e+18
MWI,Malawi,Mangochi,2025,2.313860919578071e+18
MWI,Malawi,Salima,2025,2.0165926738598538e+18
MLI,Mali,Bamako,2025,3.550155335889835e+18
MLI,Mali,Sikasso,2025,2.0298309340343498e+18
MLI,Mali,Mopti,2025,2.23342375483661e+18
MLI,Mali,Koutiala,2025,2.1270694473903544e+18
MLI,Mali,Kayes,2025,2.431119537534644e+18
MLI,Mali,Segou,2025,2.2764879657459292e+18
MWI,Malawi,Karonga,2025,1.8846362867418266e+18
MWI,Malawi,Mangochi,2025,2.313860919578071e+18
MWI,Malawi,Salima,2025,2.0165926738598538e+18
MRT,Mauritania,Nouakchott,2025,1.9382714545852856e+18
MRT,Mauritania,Nouadhibou,2025,1.2989038791757146e+18
MRT,Mauritania,Rosso,2025,1.5920680750040038e+18
MRT,Mauritania,Zouerate,2025,1.607677259497732e+18
MRT,Mauritania,Atar,2025,1.2184446213340595e+18
MRT,Mauritania,Kaedi,2025,1.5759095834426747e+18
MOZ,Mozambique,Maputo,2025,4.057269334119539e+18
MOZ,Mozambique,Matola,2025,4.4124868999366047e+18
MOZ,Mozambique,Beira,2025,1.8968511692225884e+18
MOZ,Mozambique,Nampula,2025,2.2722179475925253e+18
MOZ,Mozambique,Chimoio,2025,2.787826713081352e+18
MOZ,Mozambique,Nacala,2025,1.5632424008809485e+18
MOZ,Mozambique,Quelimane,2025,1.9824092010460913e+18
MOZ,Mozambique,Tete,2025,2.5395902330293944e+18
MOZ,Mozambique,Pemba,2025,1.438408286052294e+18
MOZ,Mozambique,Lichinga,2025,2.678366332143182e+18
MOZ,Mozambique,Xai-Xai,2025,2.0534901368851005e+18
MOZ,Mozambique,Maxixe,2025,1.3887862630959204e+18
NGA,Nigeria,Lagos,2025,6.303073686642332e+18
NGA,Nigeria,Abuja,2025,6.223447151577672e+18
NGA,Nigeria,Kano,2025,4.064424480585718e+18
NGA,Nigeria,Ibadan,2025,4.737678751495621e+18
NGA,Nigeria,Port Harcourt,2025,4.930694041094859e+18
NGA,Nigeria,Benin City,2025,4.218081212005469e+18
NGA,Nigeria,Onitsha,2025,4.529055519848327e+18
NGA,Nigeria,Aba,2025,4.4746775015219784e+18
NGA,Nigeria,Kaduna,2025,3.67947380577087e+18
NGA,Nigeria,Enugu,2025,4.4132185960773233e+18
NGA,Nigeria,Ilorin,2025,3.7130453405852764e+18
NGA,Nigeria,Warri,2025,3.91376357586837e+18
NGA,Nigeria,Maiduguri,2025,3.104883000760222e+18
NGA,Nigeria,Zaria,2025,3.388371566755469e+18
NGA,Nigeria,Sokoto,2025,3.2118956963834875e+18
NGA,Nigeria,Uyo,2025,4.106009119016093e+18
NGA,Nigeria,Jos,2025,2.710951433929415e+18
NGA,Nigeria,Calabar,2025,3.641367893914407e+18
ZAF,South Africa,Johannesburg,2025,1.5605397467900183e+19
ZAF,South Africa,Cape Town,2025,3.6599369769009075e+18
ZAF,South Africa,Durban,2025,5.29297659006249e+18
ZAF,South Africa,Pretoria,2025,1.1440094476503056e+19
ZAF,South Africa,Port Elizabeth,2025,2.0232854499090273e+18
ZAF,South Africa,Bloemfontein,2025,2.215714935936812e+18
ZAF,South Africa,East London,2025,1.9341958311777075e+18
ZAF,South Africa,Soweto,2025,1.1054156963227197e+19
ZAF,South Africa,Pietermaritzburg,2025,4.2695529772636733e+18
ZAF,South Africa,Polokwane,2025,2.9896487993200384e+18
ZAF,South Africa,Rustenburg,2025,5.248403228297976e+18
ZMB,Zambia,Lusaka,2025,3.832098921074219e+18
ZMB,Zambia,Kitwe,2025,4.054471618333089e+18
ZMB,Zambia,Ndola,2025,4.0981838919122954e+18
ZMB,Zambia,Kabwe,2025,2.936524696475182e+18
ZMB,Zambia,Chingola,2025,4.096490042171411e+18
ZMB,Zambia,Livingstone,2025,2.4356426988785797e+18
ZMB,Zambia,Solwezi,2025,4.426869830524467e+18
ZMB,Zambia,Mufulira,2025,3.96457992877246e+18
ZMB,Zambia,Luanshya,2025,3.923868633721976e+18
ZWE,Zimbabwe,Harare,2025,3.8475947129806244e+18
ZWE,Zimbabwe,Bulawayo,2025,2.3807273626423793e+18
ZWE,Zimbabwe,Chitungwiza,2025,3.474866168605836e+18
ZWE,Zimbabwe,Mutare,2025,2.3449557574558234e+18
ZWE,Zimbabwe,Gweru,2025,2.3757406046382034e+18
ZWE,Zimbabwe,Kwekwe,2025,2.382831024810279e+18
ZWE,Zimbabwe,Masvingo,2025,2.003151641865252e+18
ZWE,Zimbabwe,Chinhoyi,2025,3.143291167786991e+18
ZWE,Zimbabwe,Kadoma,2025,2.6674636716844493e+18
ZWE,Zimbabwe,Victoria Falls,2025,2.395960265743293e+18
ZWE,Zimbabwe,Redcliff,2025,2.4022661576225966e+18
ZWE,Zimbabwe,Norton,2025,3.5579936616269793e+18
ZWE,Zimbabwe,Hwange,2025,3.328977764265607e+18
ZWE,Zimbabwe,Victoria Falls,2025,2.395960265743293e+18
ZWE,Zimbabwe,Bulawayo,2025,2.3807273626423793e+18
ZWE,Zimbabwe,Chegutu,2025,2.9291766655181793e+18
ZWE,Zimbabwe,Kadoma,2025,2.6674636716844493e+18
COM,Comoros,Moroni,2025,1.006153773498687e+18
COM,Comoros,Mutsamudu,2025,1.0108370842865595e+18
COM,Comoros,Fomboni,2025,1.0290733297429715e+18
ERI,Eritrea,Asmara,2025,1.6114956049065848e+18
ERI,Eritrea,Keren,2025,1.6997678167760077e+18
ERI,Eritrea,Massawa,2025,1.7848804784694208e+18
GNQ,Equatorial Guinea,Malabo,2025,2.8414797198290606e+18
GNQ,Equatorial Guinea,Bata,2025,2.5085142354538895e+18
GNQ,Equatorial Guinea,Ebibeyin,2025,2.4031284253552404e+18
GMB,Gambia,Banjul,2025,2.4376992101111767e+18
GMB,Gambia,Serekunda,2025,2.4374242728470866e+18
GMB,Gambia,Brikama,2025,2.431003332853451e+18
GIN,Guinea,Conakry,2025,4.054282867590716e+18
GIN,Guinea,Kankan,2025,2.4459942645651907e+18
GIN,Guinea,Kindia,2025,2.791065305305094e+18
GIN,Guinea,Nzérékoré,2025,2.3051213490954798e+18
GIN,Guinea,Labe,2025,2.0887892636361354e+18
GIN,Guinea,Fria,2025,3.3733660410031995e+18
GNB,Guinea-Bissau,Bissau,2025,2.0782387573786365e+18
GNB,Guinea-Bissau,Bafatá,2025,2.1425373096257147e+18
GNB,Guinea-Bissau,Gabú,2025,2.2820360207783772e+18
NAM,Namibia,Windhoek,2025,1.7288693334380652e+18
NAM,Namibia,Walvis Bay,2025,1.6386473995799457e+18
NAM,Namibia,Swakopmund,2025,1.6681847073031726e+18
NAM,Namibia,Rundu,2025,2.8582235187340575e+18
NAM,Namibia,Oshakati,2025,2.2228482811632113e+18
NAM,Namibia,Otjiwarongo,2025,1.794512505928248e+18
NER,Niger,Niamey,2025,2.9244347977115986e+18
NER,Niger,Zinder,2025,2.1240198205481175e+18
NER,Niger,Maradi,2025,2.398650853193682e+18
NER,Niger,Agadez,2025,1.6413357690578752e+18
NER,Niger,Tahoua,2025,2.0213260050868984e+18
RWA,Rwanda,Kigali,2025,2.0416046080586824e+18
RWA,Rwanda,Huye,2025,1.7713424165724132e+18
RWA,Rwanda,Rubavu,2025,1.4507728218753188e+18
RWA,Rwanda,Musanze,2025,1.361550942886948e+18
RWA,Rwanda,Rusizi,2025,1.7138574418452004e+18
STP,Sao Tome and Principe,São Tomé,2025,1.829991411347408e+18
STP,Sao Tome and Principe,Santo António,2025,1.9977560915706002e+18
STP,Sao Tome and Principe,Neves,2025,1.8113556156677852e+18
SEN,Senegal,Ziguinchor,2025,2.1298917355980398e+18
SEN,Senegal,Tambacounda,2025,2.336711841024486e+18
SEN,Senegal,Dakar,2025,3.247802038948949e+18
SEN,Senegal,Thiès,2025,3.208235188801332e+18
SEN,Senegal,Saint-Louis,2025,1.647556233850046e+18
SEN,Senegal,Kaolack,2025,2.564602894914396e+18
SLE,Sierra Leone,Freetown,2025,2.7368799980558433e+18
SLE,Sierra Leone,Bo,2025,2.64176283232479e+18
SLE,Sierra Leone,Kenema,2025,2.338202535271943e+18
SLE,Sierra Leone,Makeni,2025,3.187336662196826e+18
SOM,Somalia,Mogadishu,2025,9.049247437342129e+17
SOM,Somalia,Hargeisa,2025,1.3432354613456545e+18
SOM,Somalia,Bosaso,2025,1.4029799609513032e+18
SOM,Somalia,Kismayo,2025,6.750591518744476e+17
SOM,Somalia,Baidoa,2025,8.069197605373138e+17
SSD,South Sudan,Juba,2025,3.7273798655293553e+18
SSD,South Sudan,Wau,2025,2.851721310780491e+18
SSD,South Sudan,Malakal,2025,2.6420277056610386e+18
SSD,South Sudan,Bor,2025,3.068796580990039e+18
SDN,Sudan,Khartoum,2025,2.7763147563684475e+18
SDN,Sudan,Omdurman,2025,2.6722977742192184e+18
SDN,Sudan,Port Sudan,2025,1.946769710835607e+18
SDN,Sudan,Nyala,2025,2.0545438366712274e+18
SDN,Sudan,Ed Damer,2025,2.2889869065131994e+18
SDN,Sudan,El Obeid,2025,2.0759151183784755e+18
SDN,Sudan,Kassala,2025,2.1340496166478295e+18
SDN,Sudan,Wad Madani,2025,2.3663633245424113e+18
SDN,Sudan,Kosti,2025,2.5232812201967437e+18
SDN,Sudan,Rabak,2025,2.579298768086793e+18
SDN,Sudan,El Obeid,2025,2.0759151183784755e+18
SDN,Sudan,Sennar,2025,2.247902421469901e+18
SDN,Sudan,Wad Madani,2025,2.3663633245424113e+18
SDN,Sudan,Kosti,2025,2.5232812201967437e+18
SDN,Sudan,Rabak,2025,2.579298768086793e+18
SDN,Sudan,Sennar,2025,2.247902421469901e+18
TZA,Tanzania,Dar es Salaam,2025,1.9303779477750815e+18
TZA,Tanzania,Dodoma,2025,1.6634751244287892e+18
TZA,Tanzania,Mwanza,2025,1.6719804291158277e+18
TZA,Tanzania,Arusha,2025,1.254071072232067e+18
TZA,Tanzania,Zanzibar City,2025,1.3594893281786655e+18
TZA,Tanzania,Mbeya,2025,2.1645427899328502e+18
TZA,Tanzania,Tabora,2025,1.9675552991625016e+18
TGO,Togo,Lomé,2025,2.81543181873483e+18
TGO,Togo,Sokodé,2025,2.837532412313193e+18
TGO,Togo,Kara,2025,2.847821447275026e+18
TGO,Togo,Atakpamé,2025,3.0820400550979333e+18
UGA,Uganda,Kampala,2025,2.568103447027612e+18
UGA,Uganda,Entebbe,2025,1.8428269561013059e+18
UGA,Uganda,Jinja,2025,1.7631699565919524e+18
UGA,Uganda,Mbarara,2025,1.7948612304109875e+18
UGA,Uganda,Gulu,2025,2.62598193386666e+18
UGA,Uganda,Fort Portal,2025,1.755881607109879e+18
