Year,ISO,Country,City,Total_NO2_molecules
2005,AGO,Angola,Luanda,3.4865780554863488e+28
2005,AGO,Angola,Benguela,4.1924834371810375e+28
2005,AGO,Angola,Lobito,4.792486229960556e+28
2005,AGO,Angola,Huambo,5.3843470266421176e+28
2005,AGO,Angola,Lubango,1.7649628522447618e+28
2005,AGO,Angola,Cabinda,4.335860286297976e+28
2005,AGO,Angola,Malanje,9.505471447415375e+28
2005,AGO,Angola,Namibe,2.8356927283116015e+28
2005,AGO,Angola,Sumbe,4.469415568181937e+28
2005,AGO,Angola,Uige,6.593072358546491e+28
2005,AGO,Angola,Soyo,4.096843067108689e+28
2005,BEN,Benin,Bohicon,6.5564588046766965e+28
2005,BEN,Benin,Abomey,4.373953353985593e+28
2005,BEN,Benin,Ouidah,5.152604109595048e+28
2005,BEN,Benin,Kandi,6.360668004105585e+28
2005,BEN,Benin,Natitingou,8.136161544617706e+28
2005,BEN,Benin,Save,5.789913032597505e+28
2005,BEN,Benin,Savalou,7.730326130408065e+28
2005,BEN,Benin,Comé,5.338177277466743e+28
2005,BEN,Benin,Allada,6.126246012349774e+28
2005,BEN,Benin,Dogbo,6.670969874104294e+28
2005,BEN,Benin,Lokossa,6.810591087672014e+28
2005,BEN,Benin,Tchaourou,8.420453317415714e+28
2005,BEN,Benin,Malanville,5.557837001887967e+28
2005,BEN,Benin,Tanguiéta,8.44025606153285e+28
2005,BEN,Benin,Bassila,5.253834150817033e+28
2005,BEN,Benin,Pobe,6.630733761698756e+28
2005,BEN,Benin,Ketou,7.341119408332025e+28
2005,BWA,Botswana,Gaborone,6.7298711805024e+28
2005,BWA,Botswana,Francistown,3.2052106948139905e+28
2005,BWA,Botswana,Maun,4.735474953274917e+28
2005,BWA,Botswana,Serowe,4.872047226435666e+28
2005,BWA,Botswana,Kanye,5.962295865434953e+28
2005,BWA,Botswana,Molepolole,3.9572601827159095e+28
2005,BWA,Botswana,Mochudi,6.765726959516154e+28
2005,BWA,Botswana,Selebi-Phikwe,3.4036158200227685e+28
2005,BWA,Botswana,Palapye,5.474176501316546e+28
2005,BWA,Botswana,Lobatse,6.38946333589856e+28
2005,BWA,Botswana,Ramotswa,6.897948369150668e+28
2005,BWA,Botswana,Letlhakane,4.936972931492943e+28
2005,BWA,Botswana,Orapa,4.789534586248621e+28
2005,BWA,Botswana,Kasane,5.5310822966199355e+28
2005,BWA,Botswana,Ghanzi,4.192853599003854e+28
2005,BWA,Botswana,Jwaneng,5.140239149594541e+28
2005,BWA,Botswana,Tsabong,4.726364408476505e+28
2005,BWA,Botswana,Shoshong,3.6775086175683956e+28
2005,BFA,Burkina Faso,Ouagadougou,4.849317924576658e+28
2005,BFA,Burkina Faso,Bobo-Dioulasso,5.054794511465223e+28
2005,BFA,Burkina Faso,Koudougou,3.236953297003084e+28
2005,BFA,Burkina Faso,Banfora,5.12507875345945e+28
2005,BFA,Burkina Faso,Ouahigouya,3.9338299560713035e+28
2005,BFA,Burkina Faso,Kaya,4.227413224824678e+28
2005,BFA,Burkina Faso,Tenkodogo,4.7267387395951e+28
2005,BFA,Burkina Faso,Fada N'Gourma,4.9385616149359585e+28
2005,BFA,Burkina Faso,Dedougou,4.856031283987543e+28
2005,BFA,Burkina Faso,Dori,4.085065454183906e+28
2005,BFA,Burkina Faso,Gaoua,7.063375463918257e+28
2005,BFA,Burkina Faso,Kongoussi,4.247256620134672e+28
2005,BFA,Burkina Faso,Manga,5.213601477772938e+28
2005,BFA,Burkina Faso,Reo,4.671774561337889e+28
2005,BFA,Burkina Faso,Ziniare,4.51621413858206e+28
2005,BFA,Burkina Faso,Hounde,3.473293100912325e+28
2005,BFA,Burkina Faso,Po,6.647457639440511e+28
2005,BFA,Burkina Faso,Leo,7.202877753829297e+28
2005,BDI,Burundi,Bujumbura,4.30951674262896e+28
2005,BDI,Burundi,Gitega,4.448675431977149e+28
2005,BDI,Burundi,Ngozi,3.8361579726366946e+28
2005,BDI,Burundi,Rumonge,5.376635019758541e+28
2005,BDI,Burundi,Bururi,5.260318823019316e+28
2005,BDI,Burundi,Muyinga,5.194300388935839e+28
2005,BDI,Burundi,Ruyigi,3.791470593619483e+28
2005,BDI,Burundi,Makamba,6.003204466085015e+28
2005,BDI,Burundi,Kayanza,3.9171103244675626e+28
2005,BDI,Burundi,Muramvya,4.271575941549507e+28
2005,BDI,Burundi,Cibitoke,4.543963939562496e+28
2005,BDI,Burundi,Karuzi,4.986389389391163e+28
2005,BDI,Burundi,Kirundo,3.988846824379706e+28
2005,BDI,Burundi,Mwaro,2.7538841949513453e+28
2005,BDI,Burundi,Nyanza-Lac,5.856848190065431e+28
2005,CMR,Cameroon,Douala,2.808177528672942e+28
2005,CMR,Cameroon,Yaounde,1.5623480956920393e+28
2005,CMR,Cameroon,Garoua,6.154812887045667e+28
2005,CMR,Cameroon,Bamenda,4.924800115368634e+28
2005,CMR,Cameroon,Maroua,5.230315045785228e+28
2005,CMR,Cameroon,Ngaoundere,5.4773810095821635e+28
2005,CMR,Cameroon,Bafoussam,4.218264331840995e+28
2005,CMR,Cameroon,Bertoua,4.346759433200306e+28
2005,CMR,Cameroon,Ebolowa,1.9135024420722167e+28
2005,CMR,Cameroon,Kribi,1.5843029058971324e+28
2005,CMR,Cameroon,Limbe,3.5338781266622e+28
2005,CMR,Cameroon,Kumba,4.084006139831098e+28
2005,CMR,Cameroon,Nkongsamba,3.963329204964168e+28
2005,CMR,Cameroon,Edea,2.4928616040769747e+28
2005,CMR,Cameroon,Sangmelima,1.995027455864806e+28
2005,CMR,Cameroon,Foumban,4.9421744422141175e+28
2005,CMR,Cameroon,Dschang,3.978500318639562e+28
2005,CMR,Cameroon,Kousseri,5.207637876998989e+28
2005,CAF,Central African Republic,Bangui,5.722369700700749e+28
2005,CAF,Central African Republic,Bimbo,3.1987047663061298e+28
2005,CAF,Central African Republic,Berberati,3.5618290624949774e+28
2005,CAF,Central African Republic,Bambari,5.6923541304489245e+28
2005,CAF,Central African Republic,Bouar,6.679829081663639e+28
2005,CAF,Central African Republic,Bossangoa,4.678994250693404e+28
2005,CAF,Central African Republic,Bria,6.665776581822736e+28
2005,CAF,Central African Republic,Bangassou,2.978237510515438e+28
2005,CAF,Central African Republic,Kaga-Bandoro,4.7084402689820944e+28
2005,CAF,Central African Republic,Mbaiki,2.1563190965906548e+28
2005,CAF,Central African Republic,Bozoum,6.0582888084275745e+28
2005,CAF,Central African Republic,Carnot,8.306537157933612e+28
2005,CAF,Central African Republic,Sibut,7.135574669247832e+28
2005,CAF,Central African Republic,Alindao,7.4082550538861496e+28
2005,CAF,Central African Republic,Mobaye,4.926567923099392e+28
2005,CAF,Central African Republic,Nola,2.4055319246897115e+28
2005,TCD,Chad,N'Djamena,5.207637876998989e+28
2005,TCD,Chad,Moundou,6.88331895197295e+28
2005,TCD,Chad,Sarh,6.910306109818559e+28
2005,TCD,Chad,Abeche,3.7462936450793292e+28
2005,TCD,Chad,Kelo,6.35732992941059e+28
2005,TCD,Chad,Koumra,6.68625197508014e+28
2005,TCD,Chad,Pala,6.290324542532848e+28
2005,TCD,Chad,Am Timan,5.035133954839477e+28
2005,TCD,Chad,Bongor,5.29170624334223e+28
2005,TCD,Chad,Mongo,3.9521872986554094e+28
2005,TCD,Chad,Faya-Largeau,2.0089739845489388e+28
2005,TCD,Chad,Doba,6.61427755097173e+28
2005,TCD,Chad,Ati,4.167733332095763e+28
2005,TCD,Chad,Biltine,3.37245844519672e+28
2005,TCD,Chad,Mao,3.5197448035188184e+28
2005,TCD,Chad,Massakory,3.0800509403282723e+28
2005,COD,DR Congo,Kinshasa,7.46907361815313e+28
2005,COD,DR Congo,Lubumbashi,5.959577298775539e+28
2005,COD,DR Congo,Mbuji-Mayi,8.942815000053573e+28
2005,COD,DR Congo,Kisangani,2.7288601355415833e+28
2005,COD,DR Congo,Goma,3.8251349809841656e+28
2005,COD,DR Congo,Bukavu,2.2155634365222133e+28
2005,COD,DR Congo,Kananga,7.739516610873484e+28
2005,COD,DR Congo,Kolwezi,7.267715082513933e+28
2005,COD,DR Congo,Tshikapa,1.1271948021679488e+29
2005,COD,DR Congo,Matadi,5.934848998478263e+28
2005,COD,DR Congo,Boma,5.837283907114797e+28
2005,COD,DR Congo,Uvira,4.377179136472542e+28
2005,COD,DR Congo,Kindu,4.331976796214287e+28
2005,COD,DR Congo,Kalemie,5.747173254020953e+28
2005,COD,DR Congo,Likasi,6.537462250625778e+28
2005,COD,DR Congo,Kikwit,9.153646546627776e+28
2005,COD,DR Congo,Gemena,2.5214304493118e+28
2005,COD,DR Congo,Isiro,3.267519725789706e+28
2005,COG,Congo Republic,Brazzaville,3.2923097527219885e+28
2005,COG,Congo Republic,Pointe-Noire,4.320325864939202e+28
2005,COG,Congo Republic,Dolisie,5.395882544875357e+28
2005,COG,Congo Republic,Nkayi,7.228379116145912e+28
2005,COG,Congo Republic,Owando,2.8008569709089467e+28
2005,COG,Congo Republic,Ouesso,1.7421986653449486e+28
2005,COG,Congo Republic,Impfondo,2.0982182106346833e+28
2005,COG,Congo Republic,Sibiti,6.443449258588768e+28
2005,COG,Congo Republic,Madingou,7.538764849776285e+28
2005,COG,Congo Republic,Kinkala,4.697952312806599e+28
2005,COG,Congo Republic,Mossendjo,3.8679164071944624e+28
2005,COG,Congo Republic,Gamboma,6.141476634031462e+28
2005,COG,Congo Republic,Djambala,3.4968380005205035e+28
2005,CIV,Cote d'Ivoire,Abidjan,3.3493431596268945e+28
2005,CIV,Cote d'Ivoire,Yamoussoukro,3.8943359724777807e+28
2005,CIV,Cote d'Ivoire,Bouake,5.31812955855262e+28
2005,CIV,Cote d'Ivoire,Daloa,3.1051813425455567e+28
2005,CIV,Cote d'Ivoire,San-Pedro,2.8506166440010336e+28
2005,CIV,Cote d'Ivoire,Korhogo,5.486062859710845e+28
2005,CIV,Cote d'Ivoire,Man,3.082326595227578e+28
2005,CIV,Cote d'Ivoire,Gagnoa,3.2085289625117217e+28
2005,CIV,Cote d'Ivoire,Abengourou,2.2488264903227953e+28
2005,CIV,Cote d'Ivoire,Bondoukou,5.498889306944161e+28
2005,CIV,Cote d'Ivoire,Divo,3.285956984747072e+28
2005,CIV,Cote d'Ivoire,Odienne,4.623774883770802e+28
2005,CIV,Cote d'Ivoire,Ferkessedougou,6.4787432119927265e+28
2005,CIV,Cote d'Ivoire,Soubre,2.7220639588616544e+28
2005,CIV,Cote d'Ivoire,Sassandra,3.968045709878466e+28
2005,CIV,Cote d'Ivoire,Agboville,3.344866696963754e+28
2005,CIV,Cote d'Ivoire,Grand-Bassam,4.063172725571711e+28
2005,CIV,Cote d'Ivoire,Dabou,4.699188795401013e+28
2005,ETH,Ethiopia,Addis Ababa,3.003030242825513e+28
2005,ETH,Ethiopia,Dire Dawa,3.370887103062318e+28
2005,ETH,Ethiopia,Mekelle,2.443562411721347e+28
2005,ETH,Ethiopia,Bahir Dar,3.357986306274282e+28
2005,ETH,Ethiopia,Hawassa,2.903134502038634e+28
2005,ETH,Ethiopia,Adama,3.1002209205272294e+28
2005,ETH,Ethiopia,Gondar,4.731504727069323e+28
2005,ETH,Ethiopia,Jimma,4.022962524242598e+28
2005,ETH,Ethiopia,Dessie,3.0164028234878777e+28
2005,ETH,Ethiopia,Shashamane,2.581654100323701e+28
2005,ETH,Ethiopia,Harar,3.228434019726358e+28
2005,ETH,Ethiopia,Arba Minch,3.1756483091756443e+28
2005,ETH,Ethiopia,Debre Markos,5.743247113638625e+28
2005,ETH,Ethiopia,Debre Birhan,3.1855290844652627e+28
2005,ETH,Ethiopia,Nekemte,4.97973844439404e+28
2005,ETH,Ethiopia,Asella,2.5853897735108577e+28
2005,ETH,Ethiopia,Wolaita Sodo,2.6749693929829076e+28
2005,ETH,Ethiopia,Jijiga,3.378275113954291e+28
2005,GAB,Gabon,Libreville,1.9676024939211769e+28
2005,GAB,Gabon,Port-Gentil,1.5876877374932652e+28
2005,GAB,Gabon,Franceville,3.5223566981119617e+28
2005,GAB,Gabon,Oyem,1.9634271344393437e+28
2005,GAB,Gabon,Moanda,2.7530152965470992e+28
2005,GAB,Gabon,Lambarene,2.622082470694642e+28
2005,GAB,Gabon,Mouila,2.2631860705510846e+28
2005,GAB,Gabon,Koulamoutou,2.002290208235017e+28
2005,GAB,Gabon,Tchibanga,2.8726188999217654e+28
2005,GAB,Gabon,Makokou,2.155684306264533e+28
2005,GAB,Gabon,Bitam,1.484613005096324e+28
2005,GAB,Gabon,Ndende,2.755518811861099e+28
2005,GHA,Ghana,Accra,5.435159931201678e+28
2005,GHA,Ghana,Kumasi,4.423811372818775e+28
2005,GHA,Ghana,Tamale,8.611204583704806e+28
2005,GHA,Ghana,Sekondi-Takoradi,2.630186011911708e+28
2005,GHA,Ghana,Sunyani,4.289385860093827e+28
2005,GHA,Ghana,Cape Coast,2.8004445767644965e+28
2005,GHA,Ghana,Koforidua,3.4212224662961533e+28
2005,GHA,Ghana,Ho,6.7764201395923215e+28
2005,GHA,Ghana,Tema,5.435159931201678e+28
2005,GHA,Ghana,Obuasi,3.5248684160469004e+28
2005,GHA,Ghana,Bolgatanga,6.930722282745321e+28
2005,GHA,Ghana,Wa,5.309778474619485e+28
2005,GHA,Ghana,Techiman,5.982481293756148e+28
2005,GHA,Ghana,Tarkwa,2.4281317238832946e+28
2005,GHA,Ghana,Sefwi Wiawso,2.177541657751138e+28
2005,GHA,Ghana,Nkawkaw,5.2682492055914365e+28
2005,GHA,Ghana,Dunkwa-on-Offin,3.2319841139307746e+28
2005,GHA,Ghana,Yendi,5.779560959547351e+28
2005,KEN,Kenya,Nairobi,4.082008306930492e+28
2005,KEN,Kenya,Mombasa,3.8067567521824167e+28
2005,KEN,Kenya,Kisumu,3.093493316633823e+28
2005,KEN,Kenya,Nakuru,2.75685486640843e+28
2005,KEN,Kenya,Eldoret,1.852311006973448e+28
2005,KEN,Kenya,Thika,3.5496203855925843e+28
2005,KEN,Kenya,Malindi,2.6224262138147133e+28
2005,KEN,Kenya,Kitale,1.890549952851513e+28
2005,KEN,Kenya,Garissa,2.855832183502597e+28
2005,KEN,Kenya,Nyeri,3.595590552061916e+28
2005,KEN,Kenya,Machakos,2.0762876499033516e+28
2005,KEN,Kenya,Meru,2.712040251559695e+28
2005,KEN,Kenya,Kericho,3.427582778469702e+28
2005,KEN,Kenya,Naivasha,3.920811831892744e+28
2005,KEN,Kenya,Embu,4.142246515829087e+28
2005,KEN,Kenya,Lodwar,2.956947121688659e+28
2005,KEN,Kenya,Isiolo,2.8540446720690282e+28
2005,KEN,Kenya,Wajir,1.848226954816986e+28
2005,LSO,Lesotho,Maseru,5.703208432641921e+28
2005,LSO,Lesotho,Teyateyaneng,3.7442233210088502e+28
2005,LSO,Lesotho,Mafeteng,4.928314341215492e+28
2005,LBR,Liberia,Monrovia,2.6926747082366314e+28
2005,LBR,Liberia,Gbarnga,1.9001810657008707e+28
2005,LBR,Liberia,Buchanan,2.693990176380724e+28
2005,LBR,Liberia,Harper,3.5941372422077716e+28
2005,LBR,Liberia,Voinjama,1.8108245815444378e+28
2005,LBR,Liberia,Zwedru,2.3225586094359436e+28
2005,LBR,Liberia,Kakata,2.5584557143992012e+28
2005,LBR,Liberia,Greenville,1.9994867928883806e+28
2005,LBR,Liberia,Tubmanburg,2.4918676431188513e+28
2005,LBR,Liberia,Ganta,2.8395224780180335e+28
2005,LBR,Liberia,Robertsport,1.7603882240731626e+28
2005,LBR,Liberia,Fish Town,2.1655098641743373e+28
2005,MDG,Madagascar,Antananarivo,3.1727254313080543e+28
2005,MDG,Madagascar,Toamasina,3.330960067235598e+28
2005,MDG,Madagascar,Antsirabe,5.067890933803038e+28
2005,MDG,Madagascar,Mahajanga,3.633193931001292e+28
2005,MDG,Madagascar,Fianarantsoa,5.657416843226993e+28
2005,MDG,Madagascar,Toliara,4.078809072171867e+28
2005,MDG,Madagascar,Antsiranana,2.781243539083064e+28
2005,MDG,Madagascar,Morondava,5.410771395759431e+28
2005,MDG,Madagascar,Sambava,2.666453037974409e+28
2005,MDG,Madagascar,Ambatondrazaka,4.863007135079813e+28
2005,MDG,Madagascar,Farafangana,3.958930239620098e+28
2005,MDG,Madagascar,Mananjary,3.5960966381685073e+28
2005,MDG,Madagascar,Manakara,3.7863806367528163e+28
2005,MDG,Madagascar,Antalaha,1.556515722635564e+28
2005,MDG,Madagascar,Hell-Ville,2.3766993508837417e+28
2005,MDG,Madagascar,Marovoay,5.521230202829927e+28
2005,MDG,Madagascar,Ambanja,2.8710523937948918e+28
2005,MWI,Malawi,Lilongwe,2.15737114082301e+28
2005,MWI,Malawi,Blantyre,3.617472623290189e+28
2005,MWI,Malawi,Mzuzu,3.3339724271072112e+28
2005,MWI,Malawi,Zomba,4.5263769691282995e+28
2005,MWI,Malawi,Karonga,4.143415552726709e+28
2005,MWI,Malawi,Mangochi,4.413787817499237e+28
2005,MWI,Malawi,Salima,3.006742285506919e+28
2005,MLI,Mali,Bamako,3.811058829043999e+28
2005,MLI,Mali,Sikasso,5.315365910165367e+28
2005,MLI,Mali,Mopti,2.6488332406092305e+28
2005,MLI,Mali,Koutiala,4.509197691393859e+28
2005,MLI,Mali,Kayes,6.467199658221983e+28
2005,MLI,Mali,Segou,2.7987322407727044e+28
2005,MRT,Mauritania,Nouakchott,3.635396700089081e+28
2005,MRT,Mauritania,Nouadhibou,2.1585763343411895e+28
2005,MRT,Mauritania,Rosso,2.732519634161387e+28
2005,MRT,Mauritania,Zouerate,1.529953142048334e+28
2005,MRT,Mauritania,Atar,2.225704580492514e+28
2005,MRT,Mauritania,Kaedi,2.7505795449604048e+28
2005,MOZ,Mozambique,Maputo,1.5082730292668711e+29
2005,MOZ,Mozambique,Matola,1.6992003149733306e+29
2005,MOZ,Mozambique,Beira,6.700392752480015e+28
2005,MOZ,Mozambique,Nampula,6.096298037244881e+28
2005,MOZ,Mozambique,Chimoio,7.630144542903368e+28
2005,MOZ,Mozambique,Nacala,3.723901814553256e+28
2005,MOZ,Mozambique,Quelimane,6.75365132953375e+28
2005,MOZ,Mozambique,Tete,4.948744693585945e+28
2005,MOZ,Mozambique,Pemba,2.6929537326685403e+28
2005,MOZ,Mozambique,Lichinga,3.0793160254087428e+28
2005,MOZ,Mozambique,Xai-Xai,8.274248570353366e+28
2005,MOZ,Mozambique,Maxixe,4.292576847946525e+28
2005,NGA,Nigeria,Lagos,7.105656331559008e+28
2005,NGA,Nigeria,Abuja,6.918749778538884e+28
2005,NGA,Nigeria,Kano,4.109811464811595e+28
2005,NGA,Nigeria,Ibadan,6.791605795240457e+28
2005,NGA,Nigeria,Port Harcourt,6.476583294574221e+28
2005,NGA,Nigeria,Benin City,6.302700220262001e+28
2005,NGA,Nigeria,Onitsha,7.668803538045732e+28
2005,NGA,Nigeria,Aba,6.136386036937616e+28
2005,NGA,Nigeria,Kaduna,6.840131332764916e+28
2005,NGA,Nigeria,Enugu,5.505109001034473e+28
2005,NGA,Nigeria,Ilorin,5.636707711853889e+28
2005,NGA,Nigeria,Warri,3.9166578876833128e+28
2005,NGA,Nigeria,Maiduguri,5.366714212331537e+28
2005,NGA,Nigeria,Zaria,5.974023127075282e+28
2005,NGA,Nigeria,Sokoto,4.802443527302611e+28
2005,NGA,Nigeria,Uyo,5.4074011351296805e+28
2005,NGA,Nigeria,Jos,5.671288331903762e+28
2005,NGA,Nigeria,Calabar,5.222303555388379e+28
2005,ZAF,South Africa,Johannesburg,4.094675153125408e+29
2005,ZAF,South Africa,Cape Town,8.499524476549998e+28
2005,ZAF,South Africa,Durban,9.778456371900866e+28
2005,ZAF,South Africa,Pretoria,2.113766426229517e+29
2005,ZAF,South Africa,Port Elizabeth,5.75340050730518e+28
2005,ZAF,South Africa,Bloemfontein,7.043386680955071e+28
2005,ZAF,South Africa,East London,5.164032953648084e+28
2005,ZAF,South Africa,Soweto,2.3290849234507832e+29
2005,ZAF,South Africa,Pietermaritzburg,1.2000933906239245e+29
2005,ZAF,South Africa,Polokwane,9.003995196006343e+28
2005,ZAF,South Africa,Rustenburg,9.651490848521676e+28
2005,ZMB,Zambia,Lusaka,5.102559928267903e+28
2005,ZMB,Zambia,Kitwe,6.380160276238407e+28
2005,ZMB,Zambia,Ndola,6.036175731137322e+28
2005,ZMB,Zambia,Kabwe,5.396872561256065e+28
2005,ZMB,Zambia,Chingola,6.111226662604605e+28
2005,ZMB,Zambia,Livingstone,5.523389335751254e+28
2005,ZMB,Zambia,Solwezi,6.34590528843271e+28
2005,ZMB,Zambia,Mufulira,3.944003317215519e+28
2005,ZMB,Zambia,Luanshya,6.235382574276122e+28
2005,ZWE,Zimbabwe,Harare,5.931494116668811e+28
2005,ZWE,Zimbabwe,Bulawayo,4.671441670779704e+28
2005,ZWE,Zimbabwe,Chitungwiza,4.087836579788385e+28
2005,ZWE,Zimbabwe,Mutare,5.281289743148963e+28
2005,ZWE,Zimbabwe,Gweru,5.3339784387227675e+28
2005,ZWE,Zimbabwe,Kwekwe,5.738283859645891e+28
2005,ZWE,Zimbabwe,Masvingo,4.811708571795056e+28
2005,ZWE,Zimbabwe,Chinhoyi,5.9647004728000835e+28
2005,ZWE,Zimbabwe,Kadoma,5.859527260662238e+28
2005,ZWE,Zimbabwe,Victoria Falls,5.523389335751254e+28
2005,ZWE,Zimbabwe,Redcliff,5.526349059313587e+28
2005,ZWE,Zimbabwe,Norton,6.477861910353456e+28
2005,ZWE,Zimbabwe,Hwange,3.7410827379169945e+28
2005,ZWE,Zimbabwe,Chegutu,6.132327660445268e+28
2005,COM,Comoros,Moroni,1.4202280027810236e+28
2005,COM,Comoros,Mutsamudu,1.932200598272549e+28
2005,COM,Comoros,Fomboni,1.269809233748539e+28
2005,ERI,Eritrea,Asmara,4.299823738930419e+28
2005,ERI,Eritrea,Keren,3.866928477532e+28
2005,ERI,Eritrea,Massawa,4.183549441948914e+28
2005,GNQ,Equatorial Guinea,Malabo,1.8483285487267424e+28
2005,GNQ,Equatorial Guinea,Bata,1.5039180048921157e+28
2005,GNQ,Equatorial Guinea,Ebibeyin,2.1222806029147367e+28
2005,GMB,Gambia,Banjul,4.21840242219557e+28
2005,GMB,Gambia,Serekunda,4.21840242219557e+28
2005,GMB,Gambia,Brikama,4.21840242219557e+28
2005,GIN,Guinea,Conakry,4.279542031650148e+28
2005,GIN,Guinea,Kankan,6.1043702032029505e+28
2005,GIN,Guinea,Kindia,5.54865903969416e+28
2005,GIN,Guinea,Nzérékoré,1.9847378328442163e+28
2005,GIN,Guinea,Labe,4.211213265333978e+28
2005,GIN,Guinea,Fria,5.70260679454226e+28
2005,GNB,Guinea-Bissau,Bissau,4.094440022357176e+28
2005,GNB,Guinea-Bissau,Bafatá,4.970626276468816e+28
2005,GNB,Guinea-Bissau,Gabú,5.354522947650721e+28
2005,NAM,Namibia,Windhoek,3.256259460104962e+28
2005,NAM,Namibia,Walvis Bay,2.3242986140546963e+28
2005,NAM,Namibia,Swakopmund,3.540607016774897e+28
2005,NAM,Namibia,Rundu,6.934810757476477e+28
2005,NAM,Namibia,Oshakati,5.001045832820262e+28
2005,NAM,Namibia,Otjiwarongo,3.4880833505258796e+28
2005,NER,Niger,Niamey,3.009621070467584e+28
2005,NER,Niger,Zinder,2.3700341806741074e+28
2005,NER,Niger,Maradi,2.6039981699182503e+28
2005,NER,Niger,Agadez,1.6328913248369265e+28
2005,NER,Niger,Tahoua,3.5752583359871735e+28
2005,RWA,Rwanda,Kigali,4.580284029730317e+28
2005,RWA,Rwanda,Huye,2.165119240645074e+28
2005,RWA,Rwanda,Rubavu,2.590437877785322e+28
2005,RWA,Rwanda,Musanze,2.3223515827772873e+28
2005,RWA,Rwanda,Rusizi,3.0949700290425066e+28
2005,STP,Sao Tome and Principe,São Tomé,1.6089743693131086e+28
2005,STP,Sao Tome and Principe,Santo António,1.910163663760114e+28
2005,STP,Sao Tome and Principe,Neves,1.6089743693131086e+28
2005,SEN,Senegal,Ziguinchor,4.588834317941355e+28
2005,SEN,Senegal,Tambacounda,5.63941586013751e+28
2005,SEN,Senegal,Dakar,4.800513091585007e+28
2005,SEN,Senegal,Thiès,4.848838967796442e+28
2005,SEN,Senegal,Saint-Louis,2.5555479824919486e+28
2005,SEN,Senegal,Kaolack,4.8104258891924565e+28
2005,SLE,Sierra Leone,Freetown,3.300157107233136e+28
2005,SLE,Sierra Leone,Bo,2.2041903367329053e+28
2005,SLE,Sierra Leone,Kenema,2.8525271884631473e+28
2005,SLE,Sierra Leone,Makeni,4.306611097780729e+28
2005,SOM,Somalia,Mogadishu,2.6343566998722884e+28
2005,SOM,Somalia,Hargeisa,3.4989283728121937e+28
2005,SOM,Somalia,Bosaso,2.324454869941004e+28
2005,SOM,Somalia,Kismayo,1.9816046525672033e+28
2005,SOM,Somalia,Baidoa,2.964455347857887e+28
2005,SSD,South Sudan,Juba,8.744177675083618e+28
2005,SSD,South Sudan,Wau,4.526637340727495e+28
2005,SSD,South Sudan,Malakal,6.492808098695378e+28
2005,SSD,South Sudan,Bor,7.443505353119534e+28
2005,SDN,Sudan,Khartoum,4.423343653621639e+28
2005,SDN,Sudan,Omdurman,6.071348198868937e+28
2005,SDN,Sudan,Port Sudan,4.518964105270082e+28
2005,SDN,Sudan,Nyala,3.891316143990173e+28
2005,SDN,Sudan,Ed Damer,5.012682449647076e+28
2005,SDN,Sudan,El Obeid,4.1645436538037384e+28
2005,SDN,Sudan,Kassala,5.046127725179378e+28
2005,SDN,Sudan,Wad Madani,4.984216982543208e+28
2005,SDN,Sudan,Kosti,5.546687689159009e+28
2005,SDN,Sudan,Rabak,3.76888541853987e+28
2005,SDN,Sudan,El Obeid,4.1645436538037384e+28
2005,SDN,Sudan,Sennar,4.783034279788291e+28
2005,TZA,Tanzania,Dar es Salaam,4.852574636515039e+28
2005,TZA,Tanzania,Dodoma,2.723224632633818e+28
2005,TZA,Tanzania,Mwanza,3.556115138798805e+28
2005,TZA,Tanzania,Arusha,3.585034920747281e+28
2005,TZA,Tanzania,Zanzibar City,3.8905710670296035e+28
2005,TZA,Tanzania,Mbeya,3.8538067657928372e+28
2005,TZA,Tanzania,Tabora,4.93492940083749e+28
2005,TGO,Togo,Lomé,5.825878554752616e+28
2005,TGO,Togo,Sokodé,8.930888866145243e+28
2005,TGO,Togo,Kara,8.045629427650742e+28
2005,TGO,Togo,Atakpamé,7.734509431150951e+28
2005,UGA,Uganda,Kampala,5.3598238638487496e+28
2005,UGA,Uganda,Entebbe,5.455921090393874e+28
2005,UGA,Uganda,Jinja,4.61496229258849e+28
2005,UGA,Uganda,Mbarara,4.991051570633579e+28
2005,UGA,Uganda,Gulu,1.1879816178391396e+29
2005,UGA,Uganda,Fort Portal,4.943715843855331e+28
2006,AGO,Angola,Luanda,4.068730334934295e+28
2006,AGO,Angola,Benguela,5.688450433639467e+28
2006,AGO,Angola,Lobito,6.205400331959786e+28
2006,AGO,Angola,Huambo,6.9075245078792225e+28
2006,AGO,Angola,Lubango,2.605308039525609e+28
2006,AGO,Angola,Cabinda,4.96880824769743e+28
2006,AGO,Angola,Malanje,1.1847903921077616e+29
2006,AGO,Angola,Namibe,3.6117176181957896e+28
2006,AGO,Angola,Sumbe,6.092783663713054e+28
2006,AGO,Angola,Uige,8.262919183736128e+28
2006,AGO,Angola,Soyo,4.708621288874273e+28
2006,BEN,Benin,Bohicon,5.639375745629327e+28
2006,BEN,Benin,Abomey,3.6972088838988445e+28
2006,BEN,Benin,Ouidah,4.634916826565833e+28
2006,BEN,Benin,Kandi,6.889546361189971e+28
2006,BEN,Benin,Natitingou,7.459591614226651e+28
2006,BEN,Benin,Save,4.188357842486493e+28
2006,BEN,Benin,Savalou,6.757048740803688e+28
2006,BEN,Benin,Comé,4.736067543786463e+28
2006,BEN,Benin,Allada,5.422428147682942e+28
2006,BEN,Benin,Dogbo,5.4983107795299425e+28
2006,BEN,Benin,Lokossa,5.812379897631099e+28
2006,BEN,Benin,Tchaourou,6.650912992358117e+28
2006,BEN,Benin,Malanville,5.879387966527861e+28
2006,BEN,Benin,Tanguiéta,7.762763025395093e+28
2006,BEN,Benin,Bassila,4.523926254545385e+28
2006,BEN,Benin,Pobe,5.784185305988141e+28
2006,BEN,Benin,Ketou,5.7853600195494706e+28
2006,BWA,Botswana,Gaborone,6.751868535676649e+28
2006,BWA,Botswana,Francistown,2.584535600423221e+28
2006,BWA,Botswana,Maun,4.026862707933134e+28
2006,BWA,Botswana,Serowe,4.21927411268726e+28
2006,BWA,Botswana,Kanye,6.267072719475361e+28
2006,BWA,Botswana,Molepolole,3.8797601703908766e+28
2006,BWA,Botswana,Mochudi,6.991346233749477e+28
2006,BWA,Botswana,Selebi-Phikwe,2.9788363645470428e+28
2006,BWA,Botswana,Palapye,4.752440154605327e+28
2006,BWA,Botswana,Lobatse,6.775958335804605e+28
2006,BWA,Botswana,Ramotswa,7.124476038225706e+28
2006,BWA,Botswana,Letlhakane,4.122347426528575e+28
2006,BWA,Botswana,Orapa,4.069755225490854e+28
2006,BWA,Botswana,Kasane,6.13485995050093e+28
2006,BWA,Botswana,Ghanzi,3.115527196092667e+28
2006,BWA,Botswana,Jwaneng,5.257491324412291e+28
2006,BWA,Botswana,Tsabong,4.482899369880352e+28
2006,BWA,Botswana,Shoshong,3.5060668722903386e+28
2006,BFA,Burkina Faso,Ouagadougou,5.013615806946885e+28
2006,BFA,Burkina Faso,Bobo-Dioulasso,4.8625475717772835e+28
2006,BFA,Burkina Faso,Koudougou,3.22976264951414e+28
2006,BFA,Burkina Faso,Banfora,5.252918977533345e+28
2006,BFA,Burkina Faso,Ouahigouya,4.126978116583631e+28
2006,BFA,Burkina Faso,Kaya,4.054283642482801e+28
2006,BFA,Burkina Faso,Tenkodogo,4.9870767943183145e+28
2006,BFA,Burkina Faso,Fada N'Gourma,5.104121363035742e+28
2006,BFA,Burkina Faso,Dedougou,4.795376669537941e+28
2006,BFA,Burkina Faso,Dori,4.000864360464146e+28
2006,BFA,Burkina Faso,Gaoua,6.066088952795601e+28
2006,BFA,Burkina Faso,Kongoussi,4.210191804397451e+28
2006,BFA,Burkina Faso,Manga,5.003340574105861e+28
2006,BFA,Burkina Faso,Reo,4.674276086954911e+28
2006,BFA,Burkina Faso,Ziniare,4.584207439325218e+28
2006,BFA,Burkina Faso,Hounde,3.2857097191236356e+28
2006,BFA,Burkina Faso,Po,6.230531072709771e+28
2006,BFA,Burkina Faso,Leo,6.436312854355821e+28
2006,BDI,Burundi,Bujumbura,3.8538401698984453e+28
2006,BDI,Burundi,Gitega,3.568155775979374e+28
2006,BDI,Burundi,Ngozi,3.345285348544628e+28
2006,BDI,Burundi,Rumonge,4.744288465825344e+28
2006,BDI,Burundi,Bururi,4.354534857323442e+28
2006,BDI,Burundi,Muyinga,4.0908262252710665e+28
2006,BDI,Burundi,Ruyigi,2.673945834271037e+28
2006,BDI,Burundi,Makamba,4.828392867468769e+28
2006,BDI,Burundi,Kayanza,3.698639875003968e+28
2006,BDI,Burundi,Muramvya,3.653975559753112e+28
2006,BDI,Burundi,Cibitoke,4.220630346171307e+28
2006,BDI,Burundi,Karuzi,3.765581047712429e+28
2006,BDI,Burundi,Kirundo,3.444729695828809e+28
2006,BDI,Burundi,Mwaro,2.2761252466565227e+28
2006,BDI,Burundi,Nyanza-Lac,4.829027832326942e+28
2006,CMR,Cameroon,Douala,2.4726782685470995e+28
2006,CMR,Cameroon,Yaounde,1.6640443734894235e+28
2006,CMR,Cameroon,Garoua,6.387103758814273e+28
2006,CMR,Cameroon,Bamenda,4.270745073617487e+28
2006,CMR,Cameroon,Maroua,5.6283137689579055e+28
2006,CMR,Cameroon,Ngaoundere,5.265576007029636e+28
2006,CMR,Cameroon,Bafoussam,3.626413711147396e+28
2006,CMR,Cameroon,Bertoua,3.3675445917223618e+28
2006,CMR,Cameroon,Ebolowa,1.9785188884533968e+28
2006,CMR,Cameroon,Kribi,1.3953130303555835e+28
2006,CMR,Cameroon,Limbe,3.2464156879657836e+28
2006,CMR,Cameroon,Kumba,3.3034829627817716e+28
2006,CMR,Cameroon,Nkongsamba,3.4994400381235985e+28
2006,CMR,Cameroon,Edea,2.3270987278371115e+28
2006,CMR,Cameroon,Sangmelima,1.9135121673433024e+28
2006,CMR,Cameroon,Foumban,4.243612799984115e+28
2006,CMR,Cameroon,Dschang,3.5620284669216843e+28
2006,CMR,Cameroon,Kousseri,5.96554591245116e+28
2006,CAF,Central African Republic,Bangui,6.04309219521278e+28
2006,CAF,Central African Republic,Bimbo,3.231938936095121e+28
2006,CAF,Central African Republic,Berberati,3.443396020134149e+28
2006,CAF,Central African Republic,Bambari,5.935583983286845e+28
2006,CAF,Central African Republic,Bouar,6.900458806511186e+28
2006,CAF,Central African Republic,Bossangoa,4.43948334633689e+28
2006,CAF,Central African Republic,Bria,6.9498119412888345e+28
2006,CAF,Central African Republic,Bangassou,2.955359141184846e+28
2006,CAF,Central African Republic,Kaga-Bandoro,4.694852533544342e+28
2006,CAF,Central African Republic,Mbaiki,2.215222909996386e+28
2006,CAF,Central African Republic,Bozoum,6.241351096056532e+28
2006,CAF,Central African Republic,Carnot,9.744166105208524e+28
2006,CAF,Central African Republic,Sibut,6.5617973358281105e+28
2006,CAF,Central African Republic,Alindao,8.506426721643322e+28
2006,CAF,Central African Republic,Mobaye,5.848742072392987e+28
2006,CAF,Central African Republic,Nola,2.45202296413582e+28
2006,TCD,Chad,N'Djamena,5.96554591245116e+28
2006,TCD,Chad,Moundou,6.593321263925201e+28
2006,TCD,Chad,Sarh,6.75476758883897e+28
2006,TCD,Chad,Abeche,3.962568013003104e+28
2006,TCD,Chad,Kelo,5.961466796448251e+28
2006,TCD,Chad,Koumra,6.523393916126071e+28
2006,TCD,Chad,Pala,5.967434341594794e+28
2006,TCD,Chad,Am Timan,5.203768746752832e+28
2006,TCD,Chad,Bongor,5.884772757524542e+28
2006,TCD,Chad,Mongo,4.179121358102946e+28
2006,TCD,Chad,Faya-Largeau,1.9192454190029343e+28
2006,TCD,Chad,Doba,6.49983719507963e+28
2006,TCD,Chad,Ati,4.076193714632998e+28
2006,TCD,Chad,Biltine,3.5081366194622626e+28
2006,TCD,Chad,Mao,3.7370170925576425e+28
2006,TCD,Chad,Massakory,3.3472903190829005e+28
2006,COD,DR Congo,Kinshasa,7.320614943696587e+28
2006,COD,DR Congo,Lubumbashi,8.641715154755017e+28
2006,COD,DR Congo,Mbuji-Mayi,1.0335491976531597e+29
2006,COD,DR Congo,Kisangani,2.3689327048008257e+28
2006,COD,DR Congo,Goma,3.54504492786264e+28
2006,COD,DR Congo,Bukavu,2.021136497692981e+28
2006,COD,DR Congo,Kananga,9.60472669509843e+28
2006,COD,DR Congo,Kolwezi,9.12203565774767e+28
2006,COD,DR Congo,Tshikapa,1.304622440869509e+29
2006,COD,DR Congo,Matadi,6.740063851640946e+28
2006,COD,DR Congo,Boma,6.76819653010148e+28
2006,COD,DR Congo,Uvira,4.021626006244983e+28
2006,COD,DR Congo,Kindu,3.964200330133265e+28
2006,COD,DR Congo,Kalemie,5.781548861775636e+28
2006,COD,DR Congo,Likasi,9.094233298483756e+28
2006,COD,DR Congo,Kikwit,9.829602353706343e+28
2006,COD,DR Congo,Gemena,2.279665019018444e+28
2006,COD,DR Congo,Isiro,3.0564549363048853e+28
2006,COG,Congo Republic,Brazzaville,3.200716405191591e+28
2006,COG,Congo Republic,Pointe-Noire,4.303812128540971e+28
2006,COG,Congo Republic,Dolisie,5.777760082999007e+28
2006,COG,Congo Republic,Nkayi,7.2584628319505465e+28
2006,COG,Congo Republic,Owando,2.9353598258299265e+28
2006,COG,Congo Republic,Ouesso,1.7057908501939987e+28
2006,COG,Congo Republic,Impfondo,1.8415009164829964e+28
2006,COG,Congo Republic,Sibiti,6.328659300383195e+28
2006,COG,Congo Republic,Madingou,7.066661999173356e+28
2006,COG,Congo Republic,Kinkala,4.1135506096474435e+28
2006,COG,Congo Republic,Mossendjo,4.00695199197052e+28
2006,COG,Congo Republic,Gamboma,5.148659496744359e+28
2006,COG,Congo Republic,Djambala,3.119288441446872e+28
2006,CIV,Cote d'Ivoire,Abidjan,2.8218428379060794e+28
2006,CIV,Cote d'Ivoire,Yamoussoukro,3.532782639468483e+28
2006,CIV,Cote d'Ivoire,Bouake,4.360497441106588e+28
2006,CIV,Cote d'Ivoire,Daloa,2.9356094902591224e+28
2006,CIV,Cote d'Ivoire,San-Pedro,2.7085968693177055e+28
2006,CIV,Cote d'Ivoire,Korhogo,5.020529794019674e+28
2006,CIV,Cote d'Ivoire,Man,3.2021363977373444e+28
2006,CIV,Cote d'Ivoire,Gagnoa,2.9824852636151736e+28
2006,CIV,Cote d'Ivoire,Abengourou,2.0045014570988954e+28
2006,CIV,Cote d'Ivoire,Bondoukou,4.977474144087715e+28
2006,CIV,Cote d'Ivoire,Divo,2.787474558563779e+28
2006,CIV,Cote d'Ivoire,Odienne,4.554540337122238e+28
2006,CIV,Cote d'Ivoire,Ferkessedougou,5.864637929725138e+28
2006,CIV,Cote d'Ivoire,Soubre,2.5257040086894466e+28
2006,CIV,Cote d'Ivoire,Sassandra,3.6985081110244154e+28
2006,CIV,Cote d'Ivoire,Agboville,2.981248539515833e+28
2006,CIV,Cote d'Ivoire,Grand-Bassam,3.3689177216834163e+28
2006,CIV,Cote d'Ivoire,Dabou,4.054055840854108e+28
2006,ETH,Ethiopia,Addis Ababa,3.081995764861201e+28
2006,ETH,Ethiopia,Dire Dawa,3.6730688565867725e+28
2006,ETH,Ethiopia,Mekelle,2.405740797161119e+28
2006,ETH,Ethiopia,Bahir Dar,3.619121901931887e+28
2006,ETH,Ethiopia,Hawassa,2.7483701649861785e+28
2006,ETH,Ethiopia,Adama,2.8851630170841275e+28
2006,ETH,Ethiopia,Gondar,4.670233334617367e+28
2006,ETH,Ethiopia,Jimma,3.4670249748906714e+28
2006,ETH,Ethiopia,Dessie,3.111867705230705e+28
2006,ETH,Ethiopia,Shashamane,2.4364497778448717e+28
2006,ETH,Ethiopia,Harar,3.6346038107134688e+28
2006,ETH,Ethiopia,Arba Minch,2.899067535584821e+28
2006,ETH,Ethiopia,Debre Markos,6.091579618170981e+28
2006,ETH,Ethiopia,Debre Birhan,3.413579377318626e+28
2006,ETH,Ethiopia,Nekemte,5.1110503617409395e+28
2006,ETH,Ethiopia,Asella,2.220819450436719e+28
2006,ETH,Ethiopia,Wolaita Sodo,2.4158381771759623e+28
2006,ETH,Ethiopia,Jijiga,3.1825654757018237e+28
2006,GAB,Gabon,Libreville,1.620146858578703e+28
2006,GAB,Gabon,Port-Gentil,1.6013345569256702e+28
2006,GAB,Gabon,Franceville,3.0031111479969854e+28
2006,GAB,Gabon,Oyem,1.9525409349966302e+28
2006,GAB,Gabon,Moanda,2.374144704497901e+28
2006,GAB,Gabon,Lambarene,2.2811443265467007e+28
2006,GAB,Gabon,Mouila,2.013626347053169e+28
2006,GAB,Gabon,Koulamoutou,1.7905799605979096e+28
2006,GAB,Gabon,Tchibanga,2.6791244824924914e+28
2006,GAB,Gabon,Makokou,2.042369513806608e+28
2006,GAB,Gabon,Bitam,1.2352476363677382e+28
2006,GAB,Gabon,Ndende,2.2602733399573776e+28
2006,GHA,Ghana,Accra,4.612108895628544e+28
2006,GHA,Ghana,Kumasi,3.7366953178196044e+28
2006,GHA,Ghana,Tamale,8.698963601153983e+28
2006,GHA,Ghana,Sekondi-Takoradi,2.4155581003653123e+28
2006,GHA,Ghana,Sunyani,3.938880258628066e+28
2006,GHA,Ghana,Cape Coast,2.5564929382491837e+28
2006,GHA,Ghana,Koforidua,2.9989759786613903e+28
2006,GHA,Ghana,Ho,5.624003038254901e+28
2006,GHA,Ghana,Tema,4.612108895628544e+28
2006,GHA,Ghana,Obuasi,2.9538911953484295e+28
2006,GHA,Ghana,Bolgatanga,6.7281949491347945e+28
2006,GHA,Ghana,Wa,4.8103132143642415e+28
2006,GHA,Ghana,Techiman,5.383233049268025e+28
2006,GHA,Ghana,Tarkwa,2.258743606482878e+28
2006,GHA,Ghana,Sefwi Wiawso,1.8326673120960711e+28
2006,GHA,Ghana,Nkawkaw,4.191308187930137e+28
2006,GHA,Ghana,Dunkwa-on-Offin,2.672931692269269e+28
2006,GHA,Ghana,Yendi,5.559542611895118e+28
2006,KEN,Kenya,Nairobi,4.385173205095518e+28
2006,KEN,Kenya,Mombasa,3.341883499419609e+28
2006,KEN,Kenya,Kisumu,2.880170430722245e+28
2006,KEN,Kenya,Nakuru,2.849076626593198e+28
2006,KEN,Kenya,Eldoret,1.5810672052884083e+28
2006,KEN,Kenya,Thika,3.756603870847286e+28
2006,KEN,Kenya,Malindi,2.288000687764438e+28
2006,KEN,Kenya,Kitale,2.1666943291701944e+28
2006,KEN,Kenya,Garissa,2.9247304454864056e+28
2006,KEN,Kenya,Nyeri,3.3577816956444637e+28
2006,KEN,Kenya,Machakos,2.091391587015129e+28
2006,KEN,Kenya,Meru,1.9953433719348335e+28
2006,KEN,Kenya,Kericho,3.5538825743722087e+28
2006,KEN,Kenya,Naivasha,4.020829886007363e+28
2006,KEN,Kenya,Embu,4.285239388755707e+28
2006,KEN,Kenya,Lodwar,2.8674264432220774e+28
2006,KEN,Kenya,Isiolo,2.201600639825961e+28
2006,KEN,Kenya,Wajir,1.889004130280132e+28
2006,LSO,Lesotho,Maseru,6.6977124378188395e+28
2006,LSO,Lesotho,Teyateyaneng,3.9936798596713865e+28
2006,LSO,Lesotho,Mafeteng,5.992740987623238e+28
2006,LBR,Liberia,Monrovia,2.5634860228301496e+28
2006,LBR,Liberia,Gbarnga,1.996325010592743e+28
2006,LBR,Liberia,Buchanan,2.458595689383688e+28
2006,LBR,Liberia,Harper,3.5428543968366023e+28
2006,LBR,Liberia,Voinjama,2.7899477681464493e+28
2006,LBR,Liberia,Zwedru,2.0363608371980903e+28
2006,LBR,Liberia,Kakata,2.7461947297071345e+28
2006,LBR,Liberia,Greenville,1.7944716579016046e+28
2006,LBR,Liberia,Tubmanburg,2.567688640891568e+28
2006,LBR,Liberia,Ganta,3.1573734508731684e+28
2006,LBR,Liberia,Robertsport,1.6416490176074421e+28
2006,LBR,Liberia,Fish Town,2.0916528470448353e+28
2006,MDG,Madagascar,Antananarivo,2.78565407444083e+28
2006,MDG,Madagascar,Toamasina,3.314897134999604e+28
2006,MDG,Madagascar,Antsirabe,4.540862998876853e+28
2006,MDG,Madagascar,Mahajanga,4.014554204042484e+28
2006,MDG,Madagascar,Fianarantsoa,4.930391229217735e+28
2006,MDG,Madagascar,Toliara,3.7596387816316263e+28
2006,MDG,Madagascar,Antsiranana,2.4764691624771024e+28
2006,MDG,Madagascar,Morondava,4.368579790071177e+28
2006,MDG,Madagascar,Sambava,2.1426547841070384e+28
2006,MDG,Madagascar,Ambatondrazaka,4.340604183873738e+28
2006,MDG,Madagascar,Farafangana,3.1813168404069705e+28
2006,MDG,Madagascar,Mananjary,3.0834581748491754e+28
2006,MDG,Madagascar,Manakara,3.3258811796479405e+28
2006,MDG,Madagascar,Antalaha,1.31654015656661e+28
2006,MDG,Madagascar,Hell-Ville,2.237010559567829e+28
2006,MDG,Madagascar,Marovoay,5.738897783678217e+28
2006,MDG,Madagascar,Ambanja,2.7898872676523816e+28
2006,MWI,Malawi,Lilongwe,3.183571844775514e+28
2006,MWI,Malawi,Blantyre,4.705022965893244e+28
2006,MWI,Malawi,Mzuzu,3.6750338427636633e+28
2006,MWI,Malawi,Zomba,6.009010668123611e+28
2006,MWI,Malawi,Karonga,4.375779423920446e+28
2006,MWI,Malawi,Mangochi,6.385177385423295e+28
2006,MWI,Malawi,Salima,4.415120535613878e+28
2006,MLI,Mali,Bamako,3.6759344451037844e+28
2006,MLI,Mali,Sikasso,5.303556323535476e+28
2006,MLI,Mali,Mopti,2.499278448663553e+28
2006,MLI,Mali,Koutiala,4.434225121491547e+28
2006,MLI,Mali,Kayes,6.596950093668647e+28
2006,MLI,Mali,Segou,2.7532977287156645e+28
2006,MRT,Mauritania,Nouakchott,3.5658528460033375e+28
2006,MRT,Mauritania,Nouadhibou,2.3313587960048116e+28
2006,MRT,Mauritania,Rosso,2.6778486068674896e+28
2006,MRT,Mauritania,Zouerate,1.6828507209512707e+28
2006,MRT,Mauritania,Atar,2.1173386536102433e+28
2006,MRT,Mauritania,Kaedi,2.5988039054896254e+28
2006,MOZ,Mozambique,Maputo,1.2586818260593048e+29
2006,MOZ,Mozambique,Matola,1.437418899062986e+29
2006,MOZ,Mozambique,Beira,6.205381809870171e+28
2006,MOZ,Mozambique,Nampula,7.194621169711878e+28
2006,MOZ,Mozambique,Chimoio,6.837361389943007e+28
2006,MOZ,Mozambique,Nacala,3.7182384119846254e+28
2006,MOZ,Mozambique,Quelimane,6.681457504360866e+28
2006,MOZ,Mozambique,Tete,6.071504482260716e+28
2006,MOZ,Mozambique,Pemba,2.8676301280727107e+28
2006,MOZ,Mozambique,Lichinga,3.974717977030328e+28
2006,MOZ,Mozambique,Xai-Xai,7.616220602980512e+28
2006,MOZ,Mozambique,Maxixe,3.941099346903187e+28
2006,NGA,Nigeria,Lagos,6.2266148100286275e+28
2006,NGA,Nigeria,Abuja,6.536193870521934e+28
2006,NGA,Nigeria,Kano,4.306428937832135e+28
2006,NGA,Nigeria,Ibadan,5.698003217339508e+28
2006,NGA,Nigeria,Port Harcourt,5.5341424697123105e+28
2006,NGA,Nigeria,Benin City,5.6469466427328195e+28
2006,NGA,Nigeria,Onitsha,6.41934970591025e+28
2006,NGA,Nigeria,Aba,5.387526860365236e+28
2006,NGA,Nigeria,Kaduna,7.213468462515841e+28
2006,NGA,Nigeria,Enugu,4.711671848246088e+28
2006,NGA,Nigeria,Ilorin,4.804871623651507e+28
2006,NGA,Nigeria,Warri,3.1276263469917304e+28
2006,NGA,Nigeria,Maiduguri,5.573402363351734e+28
2006,NGA,Nigeria,Zaria,6.6904935947612165e+28
2006,NGA,Nigeria,Sokoto,5.233874693587279e+28
2006,NGA,Nigeria,Uyo,4.5557156538974565e+28
2006,NGA,Nigeria,Jos,5.7739756965427e+28
2006,NGA,Nigeria,Calabar,4.00685587492433e+28
2006,ZAF,South Africa,Johannesburg,4.6895303162988e+29
2006,ZAF,South Africa,Cape Town,8.481672697907219e+28
2006,ZAF,South Africa,Durban,9.798439971145905e+28
2006,ZAF,South Africa,Pretoria,2.5093793390804968e+29
2006,ZAF,South Africa,Port Elizabeth,5.454166270000178e+28
2006,ZAF,South Africa,Bloemfontein,7.637008635801715e+28
2006,ZAF,South Africa,East London,5.0046548947110175e+28
2006,ZAF,South Africa,Soweto,2.7195729337079305e+29
2006,ZAF,South Africa,Pietermaritzburg,1.2324614718380836e+29
2006,ZAF,South Africa,Polokwane,1.0300152442517862e+29
2006,ZAF,South Africa,Rustenburg,1.1217299344948452e+29
2006,ZMB,Zambia,Lusaka,6.1084879813061265e+28
2006,ZMB,Zambia,Kitwe,8.568246605098223e+28
2006,ZMB,Zambia,Ndola,7.8733117680433015e+28
2006,ZMB,Zambia,Kabwe,6.541463637941513e+28
2006,ZMB,Zambia,Chingola,8.378565264208417e+28
2006,ZMB,Zambia,Livingstone,6.025409651119636e+28
2006,ZMB,Zambia,Solwezi,8.960839759241735e+28
2006,ZMB,Zambia,Mufulira,5.366913037393527e+28
2006,ZMB,Zambia,Luanshya,8.247904730180902e+28
2006,ZWE,Zimbabwe,Harare,5.9292918276220955e+28
2006,ZWE,Zimbabwe,Bulawayo,3.99879350153001e+28
2006,ZWE,Zimbabwe,Chitungwiza,3.9315592634489876e+28
2006,ZWE,Zimbabwe,Mutare,4.760213145454415e+28
2006,ZWE,Zimbabwe,Gweru,4.413058362616585e+28
2006,ZWE,Zimbabwe,Kwekwe,5.091018139861513e+28
2006,ZWE,Zimbabwe,Masvingo,3.865888190604125e+28
2006,ZWE,Zimbabwe,Chinhoyi,6.2909514872142565e+28
2006,ZWE,Zimbabwe,Kadoma,5.598136398726135e+28
2006,ZWE,Zimbabwe,Victoria Falls,6.025409651119636e+28
2006,ZWE,Zimbabwe,Redcliff,4.745147403554914e+28
2006,ZWE,Zimbabwe,Norton,6.370019880105529e+28
2006,ZWE,Zimbabwe,Hwange,3.4862709915726626e+28
2006,ZWE,Zimbabwe,Chegutu,6.013890487244828e+28
2006,COM,Comoros,Moroni,1.3226623703865895e+28
2006,COM,Comoros,Mutsamudu,1.9745697947056484e+28
2006,COM,Comoros,Fomboni,1.2104704008454035e+28
2006,ERI,Eritrea,Asmara,4.391967784571866e+28
2006,ERI,Eritrea,Keren,4.019234132961938e+28
2006,ERI,Eritrea,Massawa,4.105390737741298e+28
2006,GNQ,Equatorial Guinea,Malabo,1.6767054592789138e+28
2006,GNQ,Equatorial Guinea,Bata,1.7757680027523415e+28
2006,GNQ,Equatorial Guinea,Ebibeyin,1.9079904357159468e+28
2006,GMB,Gambia,Banjul,4.660462066057422e+28
2006,GMB,Gambia,Serekunda,4.660462066057422e+28
2006,GMB,Gambia,Brikama,4.660462066057422e+28
2006,GIN,Guinea,Conakry,4.282475054313412e+28
2006,GIN,Guinea,Kankan,6.829995735454282e+28
2006,GIN,Guinea,Kindia,5.218042667391701e+28
2006,GIN,Guinea,Nzérékoré,2.669860160704749e+28
2006,GIN,Guinea,Labe,4.176776766064272e+28
2006,GIN,Guinea,Fria,5.487673696438283e+28
2006,GNB,Guinea-Bissau,Bissau,4.379953393786243e+28
2006,GNB,Guinea-Bissau,Bafatá,5.191446992263966e+28
2006,GNB,Guinea-Bissau,Gabú,5.755886563982578e+28
2006,NAM,Namibia,Windhoek,3.132974083393143e+28
2006,NAM,Namibia,Walvis Bay,2.2877167205768056e+28
2006,NAM,Namibia,Swakopmund,3.6823051463575153e+28
2006,NAM,Namibia,Rundu,6.023287695205779e+28
2006,NAM,Namibia,Oshakati,5.192629306586922e+28
2006,NAM,Namibia,Otjiwarongo,3.4745163683687083e+28
2006,NER,Niger,Niamey,3.01329687384697e+28
2006,NER,Niger,Zinder,2.8880494054224176e+28
2006,NER,Niger,Maradi,3.054904253263508e+28
2006,NER,Niger,Agadez,1.6282876207281328e+28
2006,NER,Niger,Tahoua,3.910702699507324e+28
2006,RWA,Rwanda,Kigali,4.217020313652881e+28
2006,RWA,Rwanda,Huye,2.0073169123655132e+28
2006,RWA,Rwanda,Rubavu,2.380743044494831e+28
2006,RWA,Rwanda,Musanze,2.1584690193964716e+28
2006,RWA,Rwanda,Rusizi,2.8640530731283406e+28
2006,STP,Sao Tome and Principe,São Tomé,1.6469067249125634e+28
2006,STP,Sao Tome and Principe,Santo António,1.5666385164202526e+28
2006,STP,Sao Tome and Principe,Neves,1.6469067249125634e+28
2006,SEN,Senegal,Ziguinchor,4.829792158407468e+28
2006,SEN,Senegal,Tambacounda,6.041874230478383e+28
2006,SEN,Senegal,Dakar,4.710414600147004e+28
2006,SEN,Senegal,Thiès,4.639599286845192e+28
2006,SEN,Senegal,Saint-Louis,2.4576803116961895e+28
2006,SEN,Senegal,Kaolack,4.8046506265739955e+28
2006,SLE,Sierra Leone,Freetown,3.423812879480541e+28
2006,SLE,Sierra Leone,Bo,2.57807453006755e+28
2006,SLE,Sierra Leone,Kenema,3.3742782314504593e+28
2006,SLE,Sierra Leone,Makeni,5.4965666729710255e+28
2006,SOM,Somalia,Mogadishu,2.6035362540059933e+28
2006,SOM,Somalia,Hargeisa,3.6931984545227623e+28
2006,SOM,Somalia,Bosaso,2.176713689518402e+28
2006,SOM,Somalia,Kismayo,1.7598899382580068e+28
2006,SOM,Somalia,Baidoa,3.452993765832185e+28
2006,SSD,South Sudan,Juba,6.3078042902318015e+28
2006,SSD,South Sudan,Wau,4.125717552025571e+28
2006,SSD,South Sudan,Malakal,6.094543082166183e+28
2006,SSD,South Sudan,Bor,6.860237648706128e+28
2006,SDN,Sudan,Khartoum,4.764506755120675e+28
2006,SDN,Sudan,Omdurman,6.280323299471873e+28
2006,SDN,Sudan,Port Sudan,3.996584602067435e+28
2006,SDN,Sudan,Nyala,4.321609460275511e+28
2006,SDN,Sudan,Ed Damer,4.602032661116274e+28
2006,SDN,Sudan,El Obeid,4.399846550627326e+28
2006,SDN,Sudan,Kassala,4.926945177373802e+28
2006,SDN,Sudan,Wad Madani,5.182688596065621e+28
2006,SDN,Sudan,Kosti,5.697907047666283e+28
2006,SDN,Sudan,Rabak,3.8694652710265994e+28
2006,SDN,Sudan,El Obeid,4.399846550627326e+28
2006,SDN,Sudan,Sennar,5.137942993708478e+28
2006,TZA,Tanzania,Dar es Salaam,3.791102953845363e+28
2006,TZA,Tanzania,Dodoma,2.26725006726373e+28
2006,TZA,Tanzania,Mwanza,2.7373543789893002e+28
2006,TZA,Tanzania,Arusha,3.391880106033989e+28
2006,TZA,Tanzania,Zanzibar City,2.886013131165017e+28
2006,TZA,Tanzania,Mbeya,3.6707107050586698e+28
2006,TZA,Tanzania,Tabora,3.734074219155315e+28
2006,TGO,Togo,Lomé,5.062169701814609e+28
2006,TGO,Togo,Sokodé,7.426395601731165e+28
2006,TGO,Togo,Kara,7.414922863974213e+28
2006,TGO,Togo,Atakpamé,6.365290211023721e+28
2006,UGA,Uganda,Kampala,5.838556028635219e+28
2006,UGA,Uganda,Entebbe,5.774638531818193e+28
2006,UGA,Uganda,Jinja,4.944424794324089e+28
2006,UGA,Uganda,Mbarara,4.198991010681919e+28
2006,UGA,Uganda,Gulu,4.142583184208839e+28
2006,UGA,Uganda,Fort Portal,3.672784415335407e+28
2007,AGO,Angola,Luanda,3.8165923350658422e+28
2007,AGO,Angola,Benguela,4.6501214594224e+28
2007,AGO,Angola,Lobito,5.286951727202373e+28
2007,AGO,Angola,Huambo,5.548357299855881e+28
2007,AGO,Angola,Lubango,2.2268689076170397e+28
2007,AGO,Angola,Cabinda,4.5494532977320785e+28
2007,AGO,Angola,Malanje,1.0882709746307466e+29
2007,AGO,Angola,Namibe,3.3916001374469436e+28
2007,AGO,Angola,Sumbe,5.015124305790168e+28
2007,AGO,Angola,Uige,7.1408576396558105e+28
2007,AGO,Angola,Soyo,4.330097476706622e+28
2007,BEN,Benin,Bohicon,5.879794112299169e+28
2007,BEN,Benin,Abomey,3.8329192971771824e+28
2007,BEN,Benin,Ouidah,5.09411893493559e+28
2007,BEN,Benin,Kandi,6.775223968957357e+28
2007,BEN,Benin,Natitingou,7.861652044575704e+28
2007,BEN,Benin,Save,4.874023681225969e+28
2007,BEN,Benin,Savalou,6.43914535599856e+28
2007,BEN,Benin,Comé,5.209580624581992e+28
2007,BEN,Benin,Allada,5.9946152650572654e+28
2007,BEN,Benin,Dogbo,5.900068936654295e+28
2007,BEN,Benin,Lokossa,6.186167349957245e+28
2007,BEN,Benin,Tchaourou,8.033012202010812e+28
2007,BEN,Benin,Malanville,5.575712286529309e+28
2007,BEN,Benin,Tanguiéta,8.36284705819357e+28
2007,BEN,Benin,Bassila,4.967868660738364e+28
2007,BEN,Benin,Pobe,6.640673219755126e+28
2007,BEN,Benin,Ketou,6.926108618843208e+28
2007,BWA,Botswana,Gaborone,7.242564303159471e+28
2007,BWA,Botswana,Francistown,2.6303576788011024e+28
2007,BWA,Botswana,Maun,4.1016213859785285e+28
2007,BWA,Botswana,Serowe,4.801817338257365e+28
2007,BWA,Botswana,Kanye,6.492539502681909e+28
2007,BWA,Botswana,Molepolole,4.293404983954565e+28
2007,BWA,Botswana,Mochudi,7.49853826376231e+28
2007,BWA,Botswana,Selebi-Phikwe,3.358966257625324e+28
2007,BWA,Botswana,Palapye,5.504471901835371e+28
2007,BWA,Botswana,Lobatse,7.0441766786646865e+28
2007,BWA,Botswana,Ramotswa,7.411260267959158e+28
2007,BWA,Botswana,Letlhakane,4.229512863773803e+28
2007,BWA,Botswana,Orapa,4.165063664263286e+28
2007,BWA,Botswana,Kasane,4.73536269776473e+28
2007,BWA,Botswana,Ghanzi,3.668598589537013e+28
2007,BWA,Botswana,Jwaneng,5.373403292043925e+28
2007,BWA,Botswana,Tsabong,5.14777297697772e+28
2007,BWA,Botswana,Shoshong,3.754752165888749e+28
2007,BFA,Burkina Faso,Ouagadougou,4.887496569377558e+28
2007,BFA,Burkina Faso,Bobo-Dioulasso,4.879530179979348e+28
2007,BFA,Burkina Faso,Koudougou,3.000059758922376e+28
2007,BFA,Burkina Faso,Banfora,4.928195689540278e+28
2007,BFA,Burkina Faso,Ouahigouya,4.209008330373727e+28
2007,BFA,Burkina Faso,Kaya,4.050970652229291e+28
2007,BFA,Burkina Faso,Tenkodogo,4.698297633523403e+28
2007,BFA,Burkina Faso,Fada N'Gourma,4.717885800438528e+28
2007,BFA,Burkina Faso,Dedougou,4.702365044323067e+28
2007,BFA,Burkina Faso,Dori,3.916045593719721e+28
2007,BFA,Burkina Faso,Gaoua,5.612200500457989e+28
2007,BFA,Burkina Faso,Kongoussi,4.138309432447001e+28
2007,BFA,Burkina Faso,Manga,4.896418833686411e+28
2007,BFA,Burkina Faso,Reo,4.4234739716768695e+28
2007,BFA,Burkina Faso,Ziniare,4.511130714470212e+28
2007,BFA,Burkina Faso,Hounde,3.1265979193721396e+28
2007,BFA,Burkina Faso,Po,6.05657764412365e+28
2007,BFA,Burkina Faso,Leo,6.3029292684379345e+28
2007,BDI,Burundi,Bujumbura,3.223664095214144e+28
2007,BDI,Burundi,Gitega,3.228546087793601e+28
2007,BDI,Burundi,Ngozi,2.9685854126685883e+28
2007,BDI,Burundi,Rumonge,4.3568954905240795e+28
2007,BDI,Burundi,Bururi,4.160037053891041e+28
2007,BDI,Burundi,Muyinga,4.106033380034056e+28
2007,BDI,Burundi,Ruyigi,2.9230759077075046e+28
2007,BDI,Burundi,Makamba,5.026823753739507e+28
2007,BDI,Burundi,Kayanza,3.250857843740164e+28
2007,BDI,Burundi,Muramvya,3.180888020511893e+28
2007,BDI,Burundi,Cibitoke,4.000141620575049e+28
2007,BDI,Burundi,Karuzi,3.694512255376277e+28
2007,BDI,Burundi,Kirundo,3.345443134584367e+28
2007,BDI,Burundi,Mwaro,2.0876891374818652e+28
2007,BDI,Burundi,Nyanza-Lac,4.926917690126465e+28
2007,CMR,Cameroon,Douala,2.950387113688155e+28
2007,CMR,Cameroon,Yaounde,1.8216707724678134e+28
2007,CMR,Cameroon,Garoua,6.190313173687899e+28
2007,CMR,Cameroon,Bamenda,4.21117691290862e+28
2007,CMR,Cameroon,Maroua,5.596520590982763e+28
2007,CMR,Cameroon,Ngaoundere,4.7839422853741384e+28
2007,CMR,Cameroon,Bafoussam,4.0873626082602045e+28
2007,CMR,Cameroon,Bertoua,3.578216845961167e+28
2007,CMR,Cameroon,Ebolowa,2.075962049569959e+28
2007,CMR,Cameroon,Kribi,1.4847940869543873e+28
2007,CMR,Cameroon,Limbe,4.090590530783903e+28
2007,CMR,Cameroon,Kumba,3.7774040935857913e+28
2007,CMR,Cameroon,Nkongsamba,3.9364678963833954e+28
2007,CMR,Cameroon,Edea,2.557258165041022e+28
2007,CMR,Cameroon,Sangmelima,1.8793502274880073e+28
2007,CMR,Cameroon,Foumban,4.326713762774157e+28
2007,CMR,Cameroon,Dschang,4.107610014537505e+28
2007,CMR,Cameroon,Kousseri,5.708783007447625e+28
2007,CAF,Central African Republic,Bangui,5.122263027996936e+28
2007,CAF,Central African Republic,Bimbo,3.1378774855141586e+28
2007,CAF,Central African Republic,Berberati,2.970253641416359e+28
2007,CAF,Central African Republic,Bambari,4.426030781994265e+28
2007,CAF,Central African Republic,Bouar,7.099802068416468e+28
2007,CAF,Central African Republic,Bossangoa,4.956775411269038e+28
2007,CAF,Central African Republic,Bria,5.8173098108377225e+28
2007,CAF,Central African Republic,Bangassou,2.651093954699908e+28
2007,CAF,Central African Republic,Kaga-Bandoro,5.121649037231774e+28
2007,CAF,Central African Republic,Mbaiki,2.004160584888435e+28
2007,CAF,Central African Republic,Bozoum,6.426578192614602e+28
2007,CAF,Central African Republic,Carnot,6.642110141486597e+28
2007,CAF,Central African Republic,Sibut,6.273492594940581e+28
2007,CAF,Central African Republic,Alindao,6.617237883401776e+28
2007,CAF,Central African Republic,Mobaye,5.204233793856909e+28
2007,CAF,Central African Republic,Nola,2.5066736926295797e+28
2007,TCD,Chad,N'Djamena,5.708783007447625e+28
2007,TCD,Chad,Moundou,6.519408664317163e+28
2007,TCD,Chad,Sarh,6.621586376452345e+28
2007,TCD,Chad,Abeche,3.72888023681443e+28
2007,TCD,Chad,Kelo,6.2836590754443726e+28
2007,TCD,Chad,Koumra,6.284632517894412e+28
2007,TCD,Chad,Pala,6.337383588905854e+28
2007,TCD,Chad,Am Timan,5.42865975373854e+28
2007,TCD,Chad,Bongor,6.047459670375993e+28
2007,TCD,Chad,Mongo,3.971636685872627e+28
2007,TCD,Chad,Faya-Largeau,1.9495437602689735e+28
2007,TCD,Chad,Doba,6.599661239054787e+28
2007,TCD,Chad,Ati,4.0877409761172754e+28
2007,TCD,Chad,Biltine,3.276696354308408e+28
2007,TCD,Chad,Mao,3.7422591612491994e+28
2007,TCD,Chad,Massakory,3.289102486505503e+28
2007,COD,DR Congo,Kinshasa,7.851886170777695e+28
2007,COD,DR Congo,Lubumbashi,6.725384629037981e+28
2007,COD,DR Congo,Mbuji-Mayi,8.084423044694203e+28
2007,COD,DR Congo,Kisangani,2.5922024671536398e+28
2007,COD,DR Congo,Goma,4.016289351384865e+28
2007,COD,DR Congo,Bukavu,2.2199533646980834e+28
2007,COD,DR Congo,Kananga,7.705483752232934e+28
2007,COD,DR Congo,Kolwezi,7.4525506873943635e+28
2007,COD,DR Congo,Tshikapa,1.0787832541386169e+29
2007,COD,DR Congo,Matadi,6.051037276782681e+28
2007,COD,DR Congo,Boma,5.977850628286356e+28
2007,COD,DR Congo,Uvira,3.2374468776503747e+28
2007,COD,DR Congo,Kindu,3.7506260335435556e+28
2007,COD,DR Congo,Kalemie,5.073169318273545e+28
2007,COD,DR Congo,Likasi,6.569708912362756e+28
2007,COD,DR Congo,Kikwit,8.639208374497306e+28
2007,COD,DR Congo,Gemena,2.4077534138978903e+28
2007,COD,DR Congo,Isiro,3.9349024573706115e+28
2007,COG,Congo Republic,Brazzaville,3.2977854902782464e+28
2007,COG,Congo Republic,Pointe-Noire,4.861658141750194e+28
2007,COG,Congo Republic,Dolisie,5.3761850153102915e+28
2007,COG,Congo Republic,Nkayi,7.766862899536231e+28
2007,COG,Congo Republic,Owando,3.0507946023499648e+28
2007,COG,Congo Republic,Ouesso,1.8693211058804134e+28
2007,COG,Congo Republic,Impfondo,1.8786353789843986e+28
2007,COG,Congo Republic,Sibiti,6.538117524948848e+28
2007,COG,Congo Republic,Madingou,7.777830693670989e+28
2007,COG,Congo Republic,Kinkala,4.428347278742293e+28
2007,COG,Congo Republic,Mossendjo,3.5014228294991966e+28
2007,COG,Congo Republic,Gamboma,5.528771019294329e+28
2007,COG,Congo Republic,Djambala,3.390404859942171e+28
2007,CIV,Cote d'Ivoire,Abidjan,2.942697417382802e+28
2007,CIV,Cote d'Ivoire,Yamoussoukro,4.151672685471133e+28
2007,CIV,Cote d'Ivoire,Bouake,4.8468965494168375e+28
2007,CIV,Cote d'Ivoire,Daloa,2.967478496963035e+28
2007,CIV,Cote d'Ivoire,San-Pedro,2.4912549095635133e+28
2007,CIV,Cote d'Ivoire,Korhogo,4.7949819493696175e+28
2007,CIV,Cote d'Ivoire,Man,3.257519292796575e+28
2007,CIV,Cote d'Ivoire,Gagnoa,3.088367858420021e+28
2007,CIV,Cote d'Ivoire,Abengourou,2.1752132253233843e+28
2007,CIV,Cote d'Ivoire,Bondoukou,4.511385855169111e+28
2007,CIV,Cote d'Ivoire,Divo,3.0542915705094504e+28
2007,CIV,Cote d'Ivoire,Odienne,3.822639323957681e+28
2007,CIV,Cote d'Ivoire,Ferkessedougou,5.049167362747328e+28
2007,CIV,Cote d'Ivoire,Soubre,2.4951542247442874e+28
2007,CIV,Cote d'Ivoire,Sassandra,3.612104299636367e+28
2007,CIV,Cote d'Ivoire,Agboville,2.9861834856659894e+28
2007,CIV,Cote d'Ivoire,Grand-Bassam,3.543296805706954e+28
2007,CIV,Cote d'Ivoire,Dabou,3.902922051942984e+28
2007,ETH,Ethiopia,Addis Ababa,2.8564547916863866e+28
2007,ETH,Ethiopia,Dire Dawa,3.3082659739408155e+28
2007,ETH,Ethiopia,Mekelle,2.3147241274800975e+28
2007,ETH,Ethiopia,Bahir Dar,3.324181417878223e+28
2007,ETH,Ethiopia,Hawassa,2.577775961802936e+28
2007,ETH,Ethiopia,Adama,2.8884336017478784e+28
2007,ETH,Ethiopia,Gondar,4.784373959596149e+28
2007,ETH,Ethiopia,Jimma,4.2071393308723825e+28
2007,ETH,Ethiopia,Dessie,2.733347063127644e+28
2007,ETH,Ethiopia,Shashamane,2.519084269900445e+28
2007,ETH,Ethiopia,Harar,3.24067811424278e+28
2007,ETH,Ethiopia,Arba Minch,3.0958190527541266e+28
2007,ETH,Ethiopia,Debre Markos,5.79331325472401e+28
2007,ETH,Ethiopia,Debre Birhan,3.0768221595823473e+28
2007,ETH,Ethiopia,Nekemte,5.127078957245119e+28
2007,ETH,Ethiopia,Asella,2.476156863325138e+28
2007,ETH,Ethiopia,Wolaita Sodo,2.3202968749126817e+28
2007,ETH,Ethiopia,Jijiga,3.127620458075831e+28
2007,GAB,Gabon,Libreville,2.065215035598964e+28
2007,GAB,Gabon,Port-Gentil,1.8703303266993634e+28
2007,GAB,Gabon,Franceville,3.1082797181652286e+28
2007,GAB,Gabon,Oyem,1.9878172613568227e+28
2007,GAB,Gabon,Moanda,2.5545591657407573e+28
2007,GAB,Gabon,Lambarene,2.448085483545072e+28
2007,GAB,Gabon,Mouila,2.3101635112349043e+28
2007,GAB,Gabon,Koulamoutou,1.9219232416597973e+28
2007,GAB,Gabon,Tchibanga,3.0798508195896894e+28
2007,GAB,Gabon,Makokou,1.9746021720349773e+28
2007,GAB,Gabon,Bitam,1.299789307314491e+28
2007,GAB,Gabon,Ndende,2.615031470000281e+28
2007,GHA,Ghana,Accra,5.2635531675125e+28
2007,GHA,Ghana,Kumasi,4.3913764887930925e+28
2007,GHA,Ghana,Tamale,7.664834783577868e+28
2007,GHA,Ghana,Sekondi-Takoradi,2.5053803879969182e+28
2007,GHA,Ghana,Sunyani,4.829717241494123e+28
2007,GHA,Ghana,Cape Coast,2.6585811809171066e+28
2007,GHA,Ghana,Koforidua,3.5289660921022576e+28
2007,GHA,Ghana,Ho,6.428845627488299e+28
2007,GHA,Ghana,Tema,5.2635531675125e+28
2007,GHA,Ghana,Obuasi,3.37474925412264e+28
2007,GHA,Ghana,Bolgatanga,6.515414774128899e+28
2007,GHA,Ghana,Wa,4.537024999490205e+28
2007,GHA,Ghana,Techiman,5.967187168910254e+28
2007,GHA,Ghana,Tarkwa,2.3858517656562516e+28
2007,GHA,Ghana,Sefwi Wiawso,1.9517055216090174e+28
2007,GHA,Ghana,Nkawkaw,5.1312322632558926e+28
2007,GHA,Ghana,Dunkwa-on-Offin,3.1481466804742843e+28
2007,GHA,Ghana,Yendi,5.217160015445604e+28
2007,KEN,Kenya,Nairobi,4.676129788702579e+28
2007,KEN,Kenya,Mombasa,3.7329911377053027e+28
2007,KEN,Kenya,Kisumu,2.912629500927657e+28
2007,KEN,Kenya,Nakuru,2.1515822758778907e+28
2007,KEN,Kenya,Eldoret,1.0814827260976473e+28
2007,KEN,Kenya,Thika,3.782856080365552e+28
2007,KEN,Kenya,Malindi,2.69110541407061e+28
2007,KEN,Kenya,Kitale,2.0891127307544563e+28
2007,KEN,Kenya,Garissa,2.9741724809939893e+28
2007,KEN,Kenya,Nyeri,3.12817540676711e+28
2007,KEN,Kenya,Machakos,2.2536606034508435e+28
2007,KEN,Kenya,Meru,2.8012703895631825e+28
2007,KEN,Kenya,Kericho,3.60546201565122e+28
2007,KEN,Kenya,Naivasha,3.4950047043141154e+28
2007,KEN,Kenya,Embu,3.920671081114636e+28
2007,KEN,Kenya,Lodwar,3.134773253913454e+28
2007,KEN,Kenya,Isiolo,3.1258833356621416e+28
2007,KEN,Kenya,Wajir,1.9632779367773749e+28
2007,LSO,Lesotho,Maseru,6.619130750532395e+28
2007,LSO,Lesotho,Teyateyaneng,4.1542474833693e+28
2007,LSO,Lesotho,Mafeteng,5.547040063949302e+28
2007,LBR,Liberia,Monrovia,2.589767052144346e+28
2007,LBR,Liberia,Gbarnga,2.0098890386879464e+28
2007,LBR,Liberia,Buchanan,2.509005585235693e+28
2007,LBR,Liberia,Harper,3.302855137633886e+28
2007,LBR,Liberia,Voinjama,2.706725751813001e+28
2007,LBR,Liberia,Zwedru,1.9635569393112317e+28
2007,LBR,Liberia,Kakata,2.7158654400512415e+28
2007,LBR,Liberia,Greenville,1.6677167051058547e+28
2007,LBR,Liberia,Tubmanburg,2.6464778043002893e+28
2007,LBR,Liberia,Ganta,3.132135622742693e+28
2007,LBR,Liberia,Robertsport,1.7040358266923061e+28
2007,LBR,Liberia,Fish Town,2.1065300480171785e+28
2007,MDG,Madagascar,Antananarivo,2.6516264613489884e+28
2007,MDG,Madagascar,Toamasina,3.11716118031178e+28
2007,MDG,Madagascar,Antsirabe,4.0144649324944e+28
2007,MDG,Madagascar,Mahajanga,3.7935413602292695e+28
2007,MDG,Madagascar,Fianarantsoa,5.260736151644048e+28
2007,MDG,Madagascar,Toliara,3.8985657945578896e+28
2007,MDG,Madagascar,Antsiranana,2.550647828172279e+28
2007,MDG,Madagascar,Morondava,4.861964351489281e+28
2007,MDG,Madagascar,Sambava,2.3468969976922228e+28
2007,MDG,Madagascar,Ambatondrazaka,3.7896735395055065e+28
2007,MDG,Madagascar,Farafangana,3.8915772788720426e+28
2007,MDG,Madagascar,Mananjary,3.459272498065336e+28
2007,MDG,Madagascar,Manakara,3.699581032289498e+28
2007,MDG,Madagascar,Antalaha,1.6965626152620555e+28
2007,MDG,Madagascar,Hell-Ville,2.3544003284286305e+28
2007,MDG,Madagascar,Marovoay,5.224816754445255e+28
2007,MDG,Madagascar,Ambanja,2.79054407699047e+28
2007,MWI,Malawi,Lilongwe,2.533934767218702e+28
2007,MWI,Malawi,Blantyre,4.1295137018815205e+28
2007,MWI,Malawi,Mzuzu,3.055527228300237e+28
2007,MWI,Malawi,Zomba,5.322687563974558e+28
2007,MWI,Malawi,Karonga,3.743674019761521e+28
2007,MWI,Malawi,Mangochi,5.477060427583534e+28
2007,MWI,Malawi,Salima,3.600562880379679e+28
2007,MLI,Mali,Bamako,3.645335178271045e+28
2007,MLI,Mali,Sikasso,4.905185335723508e+28
2007,MLI,Mali,Mopti,2.5999321014471923e+28
2007,MLI,Mali,Koutiala,4.30941517035899e+28
2007,MLI,Mali,Kayes,5.593845234097979e+28
2007,MLI,Mali,Segou,2.8204377330069063e+28
2007,MRT,Mauritania,Nouakchott,3.8556814296271386e+28
2007,MRT,Mauritania,Nouadhibou,2.1808993120327892e+28
2007,MRT,Mauritania,Rosso,2.4901072551529654e+28
2007,MRT,Mauritania,Zouerate,1.662217310578566e+28
2007,MRT,Mauritania,Atar,2.1058319020165993e+28
2007,MRT,Mauritania,Kaedi,2.809540979620791e+28
2007,MOZ,Mozambique,Maputo,1.70383077818882e+29
2007,MOZ,Mozambique,Matola,1.9506623847029917e+29
2007,MOZ,Mozambique,Beira,5.777184628628464e+28
2007,MOZ,Mozambique,Nampula,6.190274537201976e+28
2007,MOZ,Mozambique,Chimoio,6.816768130303592e+28
2007,MOZ,Mozambique,Nacala,3.218176883379752e+28
2007,MOZ,Mozambique,Quelimane,6.011984673314328e+28
2007,MOZ,Mozambique,Tete,5.680183491067272e+28
2007,MOZ,Mozambique,Pemba,2.2234173384121867e+28
2007,MOZ,Mozambique,Lichinga,3.5394244043881994e+28
2007,MOZ,Mozambique,Xai-Xai,9.096351753404887e+28
2007,MOZ,Mozambique,Maxixe,4.509855654765284e+28
2007,NGA,Nigeria,Lagos,7.055874963945357e+28
2007,NGA,Nigeria,Abuja,6.83779764677457e+28
2007,NGA,Nigeria,Kano,4.411324581657286e+28
2007,NGA,Nigeria,Ibadan,6.507273963574657e+28
2007,NGA,Nigeria,Port Harcourt,6.522601290703656e+28
2007,NGA,Nigeria,Benin City,5.868974574462693e+28
2007,NGA,Nigeria,Onitsha,7.161823151644219e+28
2007,NGA,Nigeria,Aba,5.886410960377929e+28
2007,NGA,Nigeria,Kaduna,7.04702086289354e+28
2007,NGA,Nigeria,Enugu,4.6375568507686095e+28
2007,NGA,Nigeria,Ilorin,5.678287615472477e+28
2007,NGA,Nigeria,Warri,3.9068529001843632e+28
2007,NGA,Nigeria,Maiduguri,5.169238770377376e+28
2007,NGA,Nigeria,Zaria,6.360612902488305e+28
2007,NGA,Nigeria,Sokoto,5.008641969916537e+28
2007,NGA,Nigeria,Uyo,4.525392509677674e+28
2007,NGA,Nigeria,Jos,5.656318505830901e+28
2007,NGA,Nigeria,Calabar,4.450199488709007e+28
2007,ZAF,South Africa,Johannesburg,4.8565720188765e+29
2007,ZAF,South Africa,Cape Town,8.52735396377246e+28
2007,ZAF,South Africa,Durban,1.0667332234753922e+29
2007,ZAF,South Africa,Pretoria,2.6575907041754354e+29
2007,ZAF,South Africa,Port Elizabeth,5.416937337891684e+28
2007,ZAF,South Africa,Bloemfontein,7.945080786107798e+28
2007,ZAF,South Africa,East London,5.133176478817459e+28
2007,ZAF,South Africa,Soweto,2.678005350575377e+29
2007,ZAF,South Africa,Pietermaritzburg,1.2880728073640312e+29
2007,ZAF,South Africa,Polokwane,1.0388701640733372e+29
2007,ZAF,South Africa,Rustenburg,1.063490066870275e+29
2007,ZMB,Zambia,Lusaka,5.65429600208761e+28
2007,ZMB,Zambia,Kitwe,6.8687178848959785e+28
2007,ZMB,Zambia,Ndola,6.471608473649397e+28
2007,ZMB,Zambia,Kabwe,5.420607529145858e+28
2007,ZMB,Zambia,Chingola,6.759335793242519e+28
2007,ZMB,Zambia,Livingstone,4.828895302012474e+28
2007,ZMB,Zambia,Solwezi,6.518294911725025e+28
2007,ZMB,Zambia,Mufulira,4.4071332025148236e+28
2007,ZMB,Zambia,Luanshya,6.647766042720327e+28
2007,ZWE,Zimbabwe,Harare,6.021693556888854e+28
2007,ZWE,Zimbabwe,Bulawayo,4.354453461084144e+28
2007,ZWE,Zimbabwe,Chitungwiza,3.968954270994038e+28
2007,ZWE,Zimbabwe,Mutare,5.059602946266908e+28
2007,ZWE,Zimbabwe,Gweru,4.816511781365269e+28
2007,ZWE,Zimbabwe,Kwekwe,4.999625047278202e+28
2007,ZWE,Zimbabwe,Masvingo,4.468094964835624e+28
2007,ZWE,Zimbabwe,Chinhoyi,6.17387274168264e+28
2007,ZWE,Zimbabwe,Kadoma,4.908524839361841e+28
2007,ZWE,Zimbabwe,Victoria Falls,4.828895302012474e+28
2007,ZWE,Zimbabwe,Redcliff,5.069046477844586e+28
2007,ZWE,Zimbabwe,Norton,6.612344362782163e+28
2007,ZWE,Zimbabwe,Hwange,2.8743211479529863e+28
2007,ZWE,Zimbabwe,Chegutu,5.552349433724518e+28
2007,COM,Comoros,Moroni,1.228676957196143e+28
2007,COM,Comoros,Mutsamudu,1.8684165949039693e+28
2007,COM,Comoros,Fomboni,1.262382445048004e+28
2007,ERI,Eritrea,Asmara,3.963189682379957e+28
2007,ERI,Eritrea,Keren,3.791247957524692e+28
2007,ERI,Eritrea,Massawa,4.101152475478992e+28
2007,GNQ,Equatorial Guinea,Malabo,2.0166342861578423e+28
2007,GNQ,Equatorial Guinea,Bata,1.995300400006537e+28
2007,GNQ,Equatorial Guinea,Ebibeyin,1.9056927962355755e+28
2007,GMB,Gambia,Banjul,4.914305943277107e+28
2007,GMB,Gambia,Serekunda,4.914305943277107e+28
2007,GMB,Gambia,Brikama,4.914305943277107e+28
2007,GIN,Guinea,Conakry,4.282297792886576e+28
2007,GIN,Guinea,Kankan,5.864528800338439e+28
2007,GIN,Guinea,Kindia,5.489921538764809e+28
2007,GIN,Guinea,Nzérékoré,2.4572287165702356e+28
2007,GIN,Guinea,Labe,4.668209059039984e+28
2007,GIN,Guinea,Fria,6.0762502585626005e+28
2007,GNB,Guinea-Bissau,Bissau,4.019002055752039e+28
2007,GNB,Guinea-Bissau,Bafatá,5.087110127762744e+28
2007,GNB,Guinea-Bissau,Gabú,5.529843035817136e+28
2007,NAM,Namibia,Windhoek,3.0891012748779034e+28
2007,NAM,Namibia,Walvis Bay,2.4231682258760877e+28
2007,NAM,Namibia,Swakopmund,3.7613150780902023e+28
2007,NAM,Namibia,Rundu,6.539045911249678e+28
2007,NAM,Namibia,Oshakati,5.038457051852701e+28
2007,NAM,Namibia,Otjiwarongo,3.2046376297745593e+28
2007,NER,Niger,Niamey,3.0535796444087356e+28
2007,NER,Niger,Zinder,2.7830116705635417e+28
2007,NER,Niger,Maradi,3.045335790414345e+28
2007,NER,Niger,Agadez,1.725528771716888e+28
2007,NER,Niger,Tahoua,3.577164887311036e+28
2007,RWA,Rwanda,Kigali,3.8495547890561196e+28
2007,RWA,Rwanda,Huye,1.9311721024595093e+28
2007,RWA,Rwanda,Rubavu,2.7104264743724386e+28
2007,RWA,Rwanda,Musanze,2.3441004871891036e+28
2007,RWA,Rwanda,Rusizi,3.120767863356573e+28
2007,STP,Sao Tome and Principe,São Tomé,1.8747012429212712e+28
2007,STP,Sao Tome and Principe,Santo António,1.7283922497904605e+28
2007,STP,Sao Tome and Principe,Neves,1.8747012429212712e+28
2007,SEN,Senegal,Ziguinchor,4.942310425294642e+28
2007,SEN,Senegal,Tambacounda,5.22520085140572e+28
2007,SEN,Senegal,Dakar,5.1798011070572945e+28
2007,SEN,Senegal,Thiès,4.75012458626567e+28
2007,SEN,Senegal,Saint-Louis,2.221893029852821e+28
2007,SEN,Senegal,Kaolack,4.53753301869184e+28
2007,SLE,Sierra Leone,Freetown,3.4007076894591286e+28
2007,SLE,Sierra Leone,Bo,2.488436972413225e+28
2007,SLE,Sierra Leone,Kenema,3.647067379363697e+28
2007,SLE,Sierra Leone,Makeni,5.461678285973451e+28
2007,SOM,Somalia,Mogadishu,2.575589083130194e+28
2007,SOM,Somalia,Hargeisa,3.4604305174201985e+28
2007,SOM,Somalia,Bosaso,2.4074848035544627e+28
2007,SOM,Somalia,Kismayo,1.7775171889852191e+28
2007,SOM,Somalia,Baidoa,3.0897190421584846e+28
2007,SSD,South Sudan,Juba,7.789157963991743e+28
2007,SSD,South Sudan,Wau,3.8178882168627597e+28
2007,SSD,South Sudan,Malakal,5.7061976941487525e+28
2007,SSD,South Sudan,Bor,9.302544837476424e+28
2007,SDN,Sudan,Khartoum,4.6749693388147415e+28
2007,SDN,Sudan,Omdurman,6.351452668657481e+28
2007,SDN,Sudan,Port Sudan,4.172493636532745e+28
2007,SDN,Sudan,Nyala,3.986370914191783e+28
2007,SDN,Sudan,Ed Damer,4.479664500801023e+28
2007,SDN,Sudan,El Obeid,3.856563351042188e+28
2007,SDN,Sudan,Kassala,4.813510901906616e+28
2007,SDN,Sudan,Wad Madani,5.126348583850592e+28
2007,SDN,Sudan,Kosti,5.155868630188879e+28
2007,SDN,Sudan,Rabak,3.5129157663769296e+28
2007,SDN,Sudan,El Obeid,3.856563351042188e+28
2007,SDN,Sudan,Sennar,4.900991806797436e+28
2007,TZA,Tanzania,Dar es Salaam,5.1112239386349e+28
2007,TZA,Tanzania,Dodoma,2.6294435530285937e+28
2007,TZA,Tanzania,Mwanza,3.180534672663394e+28
2007,TZA,Tanzania,Arusha,3.581109150742505e+28
2007,TZA,Tanzania,Zanzibar City,3.8001784072820136e+28
2007,TZA,Tanzania,Mbeya,2.868124396691804e+28
2007,TZA,Tanzania,Tabora,4.776879432125118e+28
2007,TGO,Togo,Lomé,5.506367685496362e+28
2007,TGO,Togo,Sokodé,7.685679326778891e+28
2007,TGO,Togo,Kara,7.300496237198148e+28
2007,TGO,Togo,Atakpamé,6.659369635370226e+28
2007,UGA,Uganda,Kampala,5.325448879465254e+28
2007,UGA,Uganda,Entebbe,5.715636757714022e+28
2007,UGA,Uganda,Jinja,4.966487585423437e+28
2007,UGA,Uganda,Mbarara,4.543274448822616e+28
2007,UGA,Uganda,Gulu,9.554435707978617e+28
2007,UGA,Uganda,Fort Portal,4.030102489790863e+28
2008,AGO,Angola,Luanda,4.458520468954081e+28
2008,AGO,Angola,Benguela,5.59329714881611e+28
2008,AGO,Angola,Lobito,6.125626262500417e+28
2008,AGO,Angola,Huambo,7.3761983214014605e+28
2008,AGO,Angola,Lubango,2.7208274588081313e+28
2008,AGO,Angola,Cabinda,4.995850971689652e+28
2008,AGO,Angola,Malanje,1.1013545408249418e+29
2008,AGO,Angola,Namibe,3.9808041009727e+28
2008,AGO,Angola,Sumbe,6.0033934714146365e+28
2008,AGO,Angola,Uige,7.6026768396619744e+28
2008,AGO,Angola,Soyo,4.36726547368364e+28
2008,BEN,Benin,Bohicon,6.2921999693430405e+28
2008,BEN,Benin,Abomey,4.253493578276938e+28
2008,BEN,Benin,Ouidah,5.156533755779738e+28
2008,BEN,Benin,Kandi,5.92254251176479e+28
2008,BEN,Benin,Natitingou,7.541067890382174e+28
2008,BEN,Benin,Save,5.091077825715803e+28
2008,BEN,Benin,Savalou,6.824034361104557e+28
2008,BEN,Benin,Comé,5.189616139541462e+28
2008,BEN,Benin,Allada,5.794198407877436e+28
2008,BEN,Benin,Dogbo,6.163002122070085e+28
2008,BEN,Benin,Lokossa,6.285480357325139e+28
2008,BEN,Benin,Tchaourou,7.299509769355702e+28
2008,BEN,Benin,Malanville,5.297676241183359e+28
2008,BEN,Benin,Tanguiéta,7.757083687078416e+28
2008,BEN,Benin,Bassila,4.199292496736752e+28
2008,BEN,Benin,Pobe,6.377027222879253e+28
2008,BEN,Benin,Ketou,7.3307982082215675e+28
2008,BWA,Botswana,Gaborone,6.952435419826263e+28
2008,BWA,Botswana,Francistown,3.082436768126609e+28
2008,BWA,Botswana,Maun,4.742697705704846e+28
2008,BWA,Botswana,Serowe,5.720320744207102e+28
2008,BWA,Botswana,Kanye,5.657727539629449e+28
2008,BWA,Botswana,Molepolole,4.372687852752077e+28
2008,BWA,Botswana,Mochudi,7.399801155316616e+28
2008,BWA,Botswana,Selebi-Phikwe,3.5680935413246364e+28
2008,BWA,Botswana,Palapye,5.688775544433266e+28
2008,BWA,Botswana,Lobatse,5.663460198134055e+28
2008,BWA,Botswana,Ramotswa,6.605446328271291e+28
2008,BWA,Botswana,Letlhakane,5.015419055964506e+28
2008,BWA,Botswana,Orapa,4.924337490758258e+28
2008,BWA,Botswana,Kasane,7.006607873448369e+28
2008,BWA,Botswana,Ghanzi,4.283198096354513e+28
2008,BWA,Botswana,Jwaneng,5.164723825132131e+28
2008,BWA,Botswana,Tsabong,4.263553899997371e+28
2008,BWA,Botswana,Shoshong,4.601570543852905e+28
2008,BFA,Burkina Faso,Ouagadougou,4.714606584280612e+28
2008,BFA,Burkina Faso,Bobo-Dioulasso,4.428172678519654e+28
2008,BFA,Burkina Faso,Koudougou,2.9319683665856495e+28
2008,BFA,Burkina Faso,Banfora,4.524171646048638e+28
2008,BFA,Burkina Faso,Ouahigouya,3.7027275830636754e+28
2008,BFA,Burkina Faso,Kaya,3.8139263219101054e+28
2008,BFA,Burkina Faso,Tenkodogo,4.232360203200944e+28
2008,BFA,Burkina Faso,Fada N'Gourma,4.565116034583568e+28
2008,BFA,Burkina Faso,Dedougou,4.390922270562074e+28
2008,BFA,Burkina Faso,Dori,3.626013182882815e+28
2008,BFA,Burkina Faso,Gaoua,5.709471739448198e+28
2008,BFA,Burkina Faso,Kongoussi,3.8742713539000587e+28
2008,BFA,Burkina Faso,Manga,4.746471304124042e+28
2008,BFA,Burkina Faso,Reo,4.210961391587533e+28
2008,BFA,Burkina Faso,Ziniare,4.346360088873616e+28
2008,BFA,Burkina Faso,Hounde,3.0147580269236273e+28
2008,BFA,Burkina Faso,Po,5.663899888725784e+28
2008,BFA,Burkina Faso,Leo,5.486328381151928e+28
2008,BDI,Burundi,Bujumbura,3.206952905775979e+28
2008,BDI,Burundi,Gitega,3.6305838294129285e+28
2008,BDI,Burundi,Ngozi,3.106101711329602e+28
2008,BDI,Burundi,Rumonge,4.20618479663009e+28
2008,BDI,Burundi,Bururi,4.021937156418396e+28
2008,BDI,Burundi,Muyinga,4.282623014823865e+28
2008,BDI,Burundi,Ruyigi,3.0630244402998653e+28
2008,BDI,Burundi,Makamba,4.997097254075964e+28
2008,BDI,Burundi,Kayanza,3.134334693320598e+28
2008,BDI,Burundi,Muramvya,3.2048319730257e+28
2008,BDI,Burundi,Cibitoke,3.651233992097408e+28
2008,BDI,Burundi,Karuzi,4.007460005643561e+28
2008,BDI,Burundi,Kirundo,3.271338630585322e+28
2008,BDI,Burundi,Mwaro,2.0457051068046594e+28
2008,BDI,Burundi,Nyanza-Lac,4.916197252419797e+28
2008,CMR,Cameroon,Douala,2.718776117575513e+28
2008,CMR,Cameroon,Yaounde,1.6727862868300457e+28
2008,CMR,Cameroon,Garoua,6.2247881374718535e+28
2008,CMR,Cameroon,Bamenda,4.270637051232021e+28
2008,CMR,Cameroon,Maroua,5.008700384728921e+28
2008,CMR,Cameroon,Ngaoundere,5.548916158202787e+28
2008,CMR,Cameroon,Bafoussam,3.8965545914686345e+28
2008,CMR,Cameroon,Bertoua,3.3488583758434577e+28
2008,CMR,Cameroon,Ebolowa,1.9751854619270058e+28
2008,CMR,Cameroon,Kribi,1.8850198159001885e+28
2008,CMR,Cameroon,Limbe,3.6417954643732503e+28
2008,CMR,Cameroon,Kumba,3.4643837834362445e+28
2008,CMR,Cameroon,Nkongsamba,3.339394300240611e+28
2008,CMR,Cameroon,Edea,2.554913738888985e+28
2008,CMR,Cameroon,Sangmelima,2.0025073648227053e+28
2008,CMR,Cameroon,Foumban,4.173469687947511e+28
2008,CMR,Cameroon,Dschang,3.620633669123449e+28
2008,CMR,Cameroon,Kousseri,5.56296869105076e+28
2008,CAF,Central African Republic,Bangui,6.448744855883137e+28
2008,CAF,Central African Republic,Bimbo,3.6452169822142395e+28
2008,CAF,Central African Republic,Berberati,3.045566908290394e+28
2008,CAF,Central African Republic,Bambari,5.9272742381771365e+28
2008,CAF,Central African Republic,Bouar,8.515552484187924e+28
2008,CAF,Central African Republic,Bossangoa,5.81774919710567e+28
2008,CAF,Central African Republic,Bria,7.578237761721458e+28
2008,CAF,Central African Republic,Bangassou,2.4853543155762196e+28
2008,CAF,Central African Republic,Kaga-Bandoro,5.7901098282229035e+28
2008,CAF,Central African Republic,Mbaiki,2.2186627859913287e+28
2008,CAF,Central African Republic,Bozoum,8.206669812134829e+28
2008,CAF,Central African Republic,Carnot,8.15051683378306e+28
2008,CAF,Central African Republic,Sibut,7.983624094393462e+28
2008,CAF,Central African Republic,Alindao,7.705551030243445e+28
2008,CAF,Central African Republic,Mobaye,5.564768705684648e+28
2008,CAF,Central African Republic,Nola,2.2502008690578407e+28
2008,TCD,Chad,N'Djamena,5.56296869105076e+28
2008,TCD,Chad,Moundou,6.266971655484562e+28
2008,TCD,Chad,Sarh,6.134438711457718e+28
2008,TCD,Chad,Abeche,3.792973629930687e+28
2008,TCD,Chad,Kelo,5.923610349091983e+28
2008,TCD,Chad,Koumra,6.05578950287867e+28
2008,TCD,Chad,Pala,6.1465713229829545e+28
2008,TCD,Chad,Am Timan,5.464947260827562e+28
2008,TCD,Chad,Bongor,5.634395532553166e+28
2008,TCD,Chad,Mongo,4.19759393117958e+28
2008,TCD,Chad,Faya-Largeau,2.037998720569332e+28
2008,TCD,Chad,Doba,6.282402851507529e+28
2008,TCD,Chad,Ati,4.101030482709306e+28
2008,TCD,Chad,Biltine,3.405199890917801e+28
2008,TCD,Chad,Mao,3.841965172385675e+28
2008,TCD,Chad,Massakory,3.4857200208124227e+28
2008,COD,DR Congo,Kinshasa,7.99125970400016e+28
2008,COD,DR Congo,Lubumbashi,8.730802123834222e+28
2008,COD,DR Congo,Mbuji-Mayi,8.777085419733413e+28
2008,COD,DR Congo,Kisangani,2.5235726616963806e+28
2008,COD,DR Congo,Goma,3.4721130114075858e+28
2008,COD,DR Congo,Bukavu,1.852810879795463e+28
2008,COD,DR Congo,Kananga,7.744501318283572e+28
2008,COD,DR Congo,Kolwezi,9.232845138748935e+28
2008,COD,DR Congo,Tshikapa,1.1697434650503103e+29
2008,COD,DR Congo,Matadi,6.26536208552099e+28
2008,COD,DR Congo,Boma,6.180839892030261e+28
2008,COD,DR Congo,Uvira,3.2590336120968292e+28
2008,COD,DR Congo,Kindu,3.8837213459873426e+28
2008,COD,DR Congo,Kalemie,5.287231310667039e+28
2008,COD,DR Congo,Likasi,8.496309983370259e+28
2008,COD,DR Congo,Kikwit,8.625161258355816e+28
2008,COD,DR Congo,Gemena,2.3425091213587283e+28
2008,COD,DR Congo,Isiro,2.986515752317916e+28
2008,COG,Congo Republic,Brazzaville,3.4753490115861315e+28
2008,COG,Congo Republic,Pointe-Noire,4.830682496070561e+28
2008,COG,Congo Republic,Dolisie,5.453106573222504e+28
2008,COG,Congo Republic,Nkayi,7.314509563878549e+28
2008,COG,Congo Republic,Owando,2.751479356296675e+28
2008,COG,Congo Republic,Ouesso,1.5911672140380652e+28
2008,COG,Congo Republic,Impfondo,1.7680092839615096e+28
2008,COG,Congo Republic,Sibiti,6.167956288087692e+28
2008,COG,Congo Republic,Madingou,7.494536902767518e+28
2008,COG,Congo Republic,Kinkala,4.420034952309118e+28
2008,COG,Congo Republic,Mossendjo,3.998582497339097e+28
2008,COG,Congo Republic,Gamboma,4.828387258466023e+28
2008,COG,Congo Republic,Djambala,3.5511846281131275e+28
2008,CIV,Cote d'Ivoire,Abidjan,3.0804104648405877e+28
2008,CIV,Cote d'Ivoire,Yamoussoukro,4.758561805214148e+28
2008,CIV,Cote d'Ivoire,Bouake,5.5061887310364625e+28
2008,CIV,Cote d'Ivoire,Daloa,3.276301875376828e+28
2008,CIV,Cote d'Ivoire,San-Pedro,2.4387330179336154e+28
2008,CIV,Cote d'Ivoire,Korhogo,4.403048854888074e+28
2008,CIV,Cote d'Ivoire,Man,3.5818856610747944e+28
2008,CIV,Cote d'Ivoire,Gagnoa,3.025760338714701e+28
2008,CIV,Cote d'Ivoire,Abengourou,2.1549849950725816e+28
2008,CIV,Cote d'Ivoire,Bondoukou,4.479181324235431e+28
2008,CIV,Cote d'Ivoire,Divo,3.2359274896170434e+28
2008,CIV,Cote d'Ivoire,Odienne,3.963779519471161e+28
2008,CIV,Cote d'Ivoire,Ferkessedougou,5.032875277596443e+28
2008,CIV,Cote d'Ivoire,Soubre,2.680543475609154e+28
2008,CIV,Cote d'Ivoire,Sassandra,3.3765894796592626e+28
2008,CIV,Cote d'Ivoire,Agboville,3.109107418186279e+28
2008,CIV,Cote d'Ivoire,Grand-Bassam,3.6968700352039297e+28
2008,CIV,Cote d'Ivoire,Dabou,4.43968351926985e+28
2008,ETH,Ethiopia,Addis Ababa,2.885587785995188e+28
2008,ETH,Ethiopia,Dire Dawa,4.1066036131127e+28
2008,ETH,Ethiopia,Mekelle,2.2504365519187284e+28
2008,ETH,Ethiopia,Bahir Dar,3.3050204061209214e+28
2008,ETH,Ethiopia,Hawassa,2.6472597301256358e+28
2008,ETH,Ethiopia,Adama,2.982151078945084e+28
2008,ETH,Ethiopia,Gondar,4.484552013979879e+28
2008,ETH,Ethiopia,Jimma,3.7141172799941658e+28
2008,ETH,Ethiopia,Dessie,2.630873249482924e+28
2008,ETH,Ethiopia,Shashamane,2.5187566738097007e+28
2008,ETH,Ethiopia,Harar,3.758812029189406e+28
2008,ETH,Ethiopia,Arba Minch,2.876992147012011e+28
2008,ETH,Ethiopia,Debre Markos,5.356704955902025e+28
2008,ETH,Ethiopia,Debre Birhan,2.739882964872112e+28
2008,ETH,Ethiopia,Nekemte,4.72340530691585e+28
2008,ETH,Ethiopia,Asella,2.1869071410958034e+28
2008,ETH,Ethiopia,Wolaita Sodo,2.303595543830143e+28
2008,ETH,Ethiopia,Jijiga,3.107221744462959e+28
2008,GAB,Gabon,Libreville,2.177649398966386e+28
2008,GAB,Gabon,Port-Gentil,2.0199924956048855e+28
2008,GAB,Gabon,Franceville,3.3944625986018406e+28
2008,GAB,Gabon,Oyem,2.1122993367916915e+28
2008,GAB,Gabon,Moanda,2.635890484953871e+28
2008,GAB,Gabon,Lambarene,4.112107822390108e+28
2008,GAB,Gabon,Mouila,3.489885814718311e+28
2008,GAB,Gabon,Koulamoutou,2.3158429200466275e+28
2008,GAB,Gabon,Tchibanga,3.126193063379902e+28
2008,GAB,Gabon,Makokou,2.4233200956603034e+28
2008,GAB,Gabon,Bitam,1.4081528394015447e+28
2008,GAB,Gabon,Ndende,2.725826609388232e+28
2008,GHA,Ghana,Accra,5.760073154631542e+28
2008,GHA,Ghana,Kumasi,4.748818025522731e+28
2008,GHA,Ghana,Tamale,7.790011262350417e+28
2008,GHA,Ghana,Sekondi-Takoradi,2.6009127706628952e+28
2008,GHA,Ghana,Sunyani,5.077323682515366e+28
2008,GHA,Ghana,Cape Coast,2.6303549982438747e+28
2008,GHA,Ghana,Koforidua,3.56257244634727e+28
2008,GHA,Ghana,Ho,6.670634946498113e+28
2008,GHA,Ghana,Tema,5.760073154631542e+28
2008,GHA,Ghana,Obuasi,3.371950936209208e+28
2008,GHA,Ghana,Bolgatanga,6.070795052534782e+28
2008,GHA,Ghana,Wa,4.558195431011509e+28
2008,GHA,Ghana,Techiman,6.479750007097294e+28
2008,GHA,Ghana,Tarkwa,2.33287522342819e+28
2008,GHA,Ghana,Sefwi Wiawso,1.8884637643820082e+28
2008,GHA,Ghana,Nkawkaw,5.566120775596771e+28
2008,GHA,Ghana,Dunkwa-on-Offin,2.8710777312667318e+28
2008,GHA,Ghana,Yendi,5.205059073782848e+28
2008,KEN,Kenya,Nairobi,4.60608675828126e+28
2008,KEN,Kenya,Mombasa,3.201146526176792e+28
2008,KEN,Kenya,Kisumu,3.131912854478856e+28
2008,KEN,Kenya,Nakuru,2.701202025026845e+28
2008,KEN,Kenya,Eldoret,1.363109326329642e+28
2008,KEN,Kenya,Thika,3.615689904610114e+28
2008,KEN,Kenya,Malindi,2.4910937342398872e+28
2008,KEN,Kenya,Kitale,1.9505920681812572e+28
2008,KEN,Kenya,Garissa,2.827991169900198e+28
2008,KEN,Kenya,Nyeri,2.8909084771699625e+28
2008,KEN,Kenya,Machakos,1.9757771606726213e+28
2008,KEN,Kenya,Meru,2.4180099371668034e+28
2008,KEN,Kenya,Kericho,3.039095025343706e+28
2008,KEN,Kenya,Naivasha,4.044715637034116e+28
2008,KEN,Kenya,Embu,4.070534078015179e+28
2008,KEN,Kenya,Lodwar,3.1194604632614304e+28
2008,KEN,Kenya,Isiolo,2.604376181786599e+28
2008,KEN,Kenya,Wajir,1.810015888032176e+28
2008,LSO,Lesotho,Maseru,6.144404708216148e+28
2008,LSO,Lesotho,Teyateyaneng,3.8629156054116342e+28
2008,LSO,Lesotho,Mafeteng,5.382347780013236e+28
2008,LBR,Liberia,Monrovia,2.830771187075503e+28
2008,LBR,Liberia,Gbarnga,2.1748499692178277e+28
2008,LBR,Liberia,Buchanan,2.430176796826481e+28
2008,LBR,Liberia,Harper,3.562809237283497e+28
2008,LBR,Liberia,Voinjama,2.434278500670851e+28
2008,LBR,Liberia,Zwedru,2.1852924382101597e+28
2008,LBR,Liberia,Kakata,3.1041119192960367e+28
2008,LBR,Liberia,Greenville,1.9184712684576503e+28
2008,LBR,Liberia,Tubmanburg,3.028877160599246e+28
2008,LBR,Liberia,Ganta,3.2664360240611348e+28
2008,LBR,Liberia,Robertsport,1.7802404521010366e+28
2008,LBR,Liberia,Fish Town,2.074429695085853e+28
2008,MDG,Madagascar,Antananarivo,2.8282134449210738e+28
2008,MDG,Madagascar,Toamasina,2.984968847945542e+28
2008,MDG,Madagascar,Antsirabe,4.349255153514034e+28
2008,MDG,Madagascar,Mahajanga,3.4945158741467614e+28
2008,MDG,Madagascar,Fianarantsoa,5.0578605310716215e+28
2008,MDG,Madagascar,Toliara,3.5088919804065817e+28
2008,MDG,Madagascar,Antsiranana,2.3304019125066284e+28
2008,MDG,Madagascar,Morondava,4.535652645174454e+28
2008,MDG,Madagascar,Sambava,2.2834266292875313e+28
2008,MDG,Madagascar,Ambatondrazaka,3.6223689327315682e+28
2008,MDG,Madagascar,Farafangana,3.3054957107315243e+28
2008,MDG,Madagascar,Mananjary,3.229122267708713e+28
2008,MDG,Madagascar,Manakara,3.1120852573291395e+28
2008,MDG,Madagascar,Antalaha,1.6407198956061074e+28
2008,MDG,Madagascar,Hell-Ville,2.2031920748466213e+28
2008,MDG,Madagascar,Marovoay,4.725985387535793e+28
2008,MDG,Madagascar,Ambanja,2.570530226646859e+28
2008,MWI,Malawi,Lilongwe,3.498166779830021e+28
2008,MWI,Malawi,Blantyre,4.920242597274457e+28
2008,MWI,Malawi,Mzuzu,4.334926459923402e+28
2008,MWI,Malawi,Zomba,6.016151111092039e+28
2008,MWI,Malawi,Karonga,4.671548388106845e+28
2008,MWI,Malawi,Mangochi,6.771140407800748e+28
2008,MWI,Malawi,Salima,4.877276119591954e+28
2008,MLI,Mali,Bamako,3.501977470575434e+28
2008,MLI,Mali,Sikasso,4.829887396685808e+28
2008,MLI,Mali,Mopti,2.3252038396650734e+28
2008,MLI,Mali,Koutiala,4.039144099913432e+28
2008,MLI,Mali,Kayes,6.713399052960912e+28
2008,MLI,Mali,Segou,2.66472353699531e+28
2008,MRT,Mauritania,Nouakchott,3.8329582703801107e+28
2008,MRT,Mauritania,Nouadhibou,2.1983226472263393e+28
2008,MRT,Mauritania,Rosso,2.532753615248708e+28
2008,MRT,Mauritania,Zouerate,1.7093199583699713e+28
2008,MRT,Mauritania,Atar,2.0837707830159625e+28
2008,MRT,Mauritania,Kaedi,2.643058690323894e+28
2008,MOZ,Mozambique,Maputo,1.635699532340217e+29
2008,MOZ,Mozambique,Matola,1.8714966736990975e+29
2008,MOZ,Mozambique,Beira,6.519504984434565e+28
2008,MOZ,Mozambique,Nampula,8.17103414778852e+28
2008,MOZ,Mozambique,Chimoio,7.95477128798863e+28
2008,MOZ,Mozambique,Nacala,4.519249497177176e+28
2008,MOZ,Mozambique,Quelimane,7.370210673314433e+28
2008,MOZ,Mozambique,Tete,6.79474158703941e+28
2008,MOZ,Mozambique,Pemba,3.1312964205382287e+28
2008,MOZ,Mozambique,Lichinga,4.249159600426875e+28
2008,MOZ,Mozambique,Xai-Xai,8.542417473267749e+28
2008,MOZ,Mozambique,Maxixe,3.953168693640818e+28
2008,NGA,Nigeria,Lagos,7.789841882096254e+28
2008,NGA,Nigeria,Abuja,6.779442527432212e+28
2008,NGA,Nigeria,Kano,4.560996856626141e+28
2008,NGA,Nigeria,Ibadan,6.7017608853101e+28
2008,NGA,Nigeria,Port Harcourt,5.681432349221569e+28
2008,NGA,Nigeria,Benin City,6.528825088242811e+28
2008,NGA,Nigeria,Onitsha,7.2272364624947145e+28
2008,NGA,Nigeria,Aba,5.3554357968399075e+28
2008,NGA,Nigeria,Kaduna,6.622741665434012e+28
2008,NGA,Nigeria,Enugu,5.331778882171622e+28
2008,NGA,Nigeria,Ilorin,5.48366467263465e+28
2008,NGA,Nigeria,Warri,3.594803713030831e+28
2008,NGA,Nigeria,Maiduguri,5.629661768457464e+28
2008,NGA,Nigeria,Zaria,6.0826092668777e+28
2008,NGA,Nigeria,Sokoto,4.966672851767057e+28
2008,NGA,Nigeria,Uyo,4.75624808565387e+28
2008,NGA,Nigeria,Jos,5.0840469562525055e+28
2008,NGA,Nigeria,Calabar,4.481027500790091e+28
2008,ZAF,South Africa,Johannesburg,4.559164432814528e+29
2008,ZAF,South Africa,Cape Town,8.181310298379114e+28
2008,ZAF,South Africa,Durban,9.028535998418483e+28
2008,ZAF,South Africa,Pretoria,2.5067277145731365e+29
2008,ZAF,South Africa,Port Elizabeth,5.6556123593207195e+28
2008,ZAF,South Africa,Bloemfontein,6.815339246720976e+28
2008,ZAF,South Africa,East London,4.88560795669869e+28
2008,ZAF,South Africa,Soweto,2.4833083274847446e+29
2008,ZAF,South Africa,Pietermaritzburg,1.1542283785044388e+29
2008,ZAF,South Africa,Polokwane,9.701497805709573e+28
2008,ZAF,South Africa,Rustenburg,9.438529104021218e+28
2008,ZMB,Zambia,Lusaka,6.864122735153503e+28
2008,ZMB,Zambia,Kitwe,8.945171662336544e+28
2008,ZMB,Zambia,Ndola,8.462376673964448e+28
2008,ZMB,Zambia,Kabwe,6.685875941436929e+28
2008,ZMB,Zambia,Chingola,8.982073609818049e+28
2008,ZMB,Zambia,Livingstone,6.64155242632876e+28
2008,ZMB,Zambia,Solwezi,9.573458734037251e+28
2008,ZMB,Zambia,Mufulira,5.757554410102189e+28
2008,ZMB,Zambia,Luanshya,8.588124139046593e+28
2008,ZWE,Zimbabwe,Harare,6.7342548334908655e+28
2008,ZWE,Zimbabwe,Bulawayo,4.453298995905812e+28
2008,ZWE,Zimbabwe,Chitungwiza,4.460428734759669e+28
2008,ZWE,Zimbabwe,Mutare,5.575111540069918e+28
2008,ZWE,Zimbabwe,Gweru,4.793640476235713e+28
2008,ZWE,Zimbabwe,Kwekwe,5.363388771221337e+28
2008,ZWE,Zimbabwe,Masvingo,4.721230161305825e+28
2008,ZWE,Zimbabwe,Chinhoyi,7.217379839052748e+28
2008,ZWE,Zimbabwe,Kadoma,6.094125476072203e+28
2008,ZWE,Zimbabwe,Victoria Falls,6.64155242632876e+28
2008,ZWE,Zimbabwe,Redcliff,5.055808679211238e+28
2008,ZWE,Zimbabwe,Norton,7.290780491369732e+28
2008,ZWE,Zimbabwe,Hwange,3.8666320406434624e+28
2008,ZWE,Zimbabwe,Chegutu,6.638149397714744e+28
2008,COM,Comoros,Moroni,1.3693996140914655e+28
2008,COM,Comoros,Mutsamudu,1.9605369726913734e+28
2008,COM,Comoros,Fomboni,1.1615329858841748e+28
2008,ERI,Eritrea,Asmara,4.0257979677376085e+28
2008,ERI,Eritrea,Keren,3.821528379501942e+28
2008,ERI,Eritrea,Massawa,3.835868446000834e+28
2008,GNQ,Equatorial Guinea,Malabo,2.167688735787609e+28
2008,GNQ,Equatorial Guinea,Bata,2.099406054728707e+28
2008,GNQ,Equatorial Guinea,Ebibeyin,2.18033511994569e+28
2008,GMB,Gambia,Banjul,4.524520860122462e+28
2008,GMB,Gambia,Serekunda,4.524520860122462e+28
2008,GMB,Gambia,Brikama,4.524520860122462e+28
2008,GIN,Guinea,Conakry,4.640698913055634e+28
2008,GIN,Guinea,Kankan,6.445758239522862e+28
2008,GIN,Guinea,Kindia,5.167997627422564e+28
2008,GIN,Guinea,Nzérékoré,2.379110377391051e+28
2008,GIN,Guinea,Labe,3.624310454000532e+28
2008,GIN,Guinea,Fria,5.376063240539688e+28
2008,GNB,Guinea-Bissau,Bissau,3.852980618411465e+28
2008,GNB,Guinea-Bissau,Bafatá,4.42717261838079e+28
2008,GNB,Guinea-Bissau,Gabú,5.054487540608095e+28
2008,NAM,Namibia,Windhoek,3.1845803067528763e+28
2008,NAM,Namibia,Walvis Bay,2.3560947619822597e+28
2008,NAM,Namibia,Swakopmund,3.6729867079476375e+28
2008,NAM,Namibia,Rundu,6.89287041418083e+28
2008,NAM,Namibia,Oshakati,4.833409193729223e+28
2008,NAM,Namibia,Otjiwarongo,3.479162841633399e+28
2008,NER,Niger,Niamey,2.6975522482741767e+28
2008,NER,Niger,Zinder,2.730472145257294e+28
2008,NER,Niger,Maradi,2.961737168427204e+28
2008,NER,Niger,Agadez,1.5287546673880088e+28
2008,NER,Niger,Tahoua,3.2993244229402517e+28
2008,RWA,Rwanda,Kigali,3.819492751777054e+28
2008,RWA,Rwanda,Huye,1.805908636166621e+28
2008,RWA,Rwanda,Rubavu,2.2121698023806367e+28
2008,RWA,Rwanda,Musanze,2.1992142130807876e+28
2008,RWA,Rwanda,Rusizi,2.73188033116227e+28
2008,STP,Sao Tome and Principe,São Tomé,1.9269269417647582e+28
2008,STP,Sao Tome and Principe,Santo António,1.8638965457597164e+28
2008,STP,Sao Tome and Principe,Neves,1.9269269417647582e+28
2008,SEN,Senegal,Ziguinchor,4.45470379321898e+28
2008,SEN,Senegal,Tambacounda,5.607332804817959e+28
2008,SEN,Senegal,Dakar,5.035186818901541e+28
2008,SEN,Senegal,Thiès,4.6510803137663755e+28
2008,SEN,Senegal,Saint-Louis,2.2545488863351826e+28
2008,SEN,Senegal,Kaolack,4.5091255801942735e+28
2008,SLE,Sierra Leone,Freetown,3.5339337401939278e+28
2008,SLE,Sierra Leone,Bo,2.456029729215646e+28
2008,SLE,Sierra Leone,Kenema,3.3942666170193943e+28
2008,SLE,Sierra Leone,Makeni,5.459996683952516e+28
2008,SOM,Somalia,Mogadishu,2.664794834391035e+28
2008,SOM,Somalia,Hargeisa,3.472145286688584e+28
2008,SOM,Somalia,Bosaso,2.2872120522854904e+28
2008,SOM,Somalia,Kismayo,1.7179845833777822e+28
2008,SOM,Somalia,Baidoa,2.9597233260446357e+28
2008,SSD,South Sudan,Juba,8.218769193642214e+28
2008,SSD,South Sudan,Wau,4.3550475189933545e+28
2008,SSD,South Sudan,Malakal,6.935589022287875e+28
2008,SSD,South Sudan,Bor,7.278143925992176e+28
2008,SDN,Sudan,Khartoum,4.862227571270215e+28
2008,SDN,Sudan,Omdurman,6.645599272396759e+28
2008,SDN,Sudan,Port Sudan,4.338596617868967e+28
2008,SDN,Sudan,Nyala,4.1698194626906995e+28
2008,SDN,Sudan,Ed Damer,4.79711952166508e+28
2008,SDN,Sudan,El Obeid,4.203281727876054e+28
2008,SDN,Sudan,Kassala,5.03954150823818e+28
2008,SDN,Sudan,Wad Madani,5.420552531454258e+28
2008,SDN,Sudan,Kosti,5.85530806260814e+28
2008,SDN,Sudan,Rabak,4.0556508316482175e+28
2008,SDN,Sudan,El Obeid,4.203281727876054e+28
2008,SDN,Sudan,Sennar,5.3899611741565975e+28
2008,TZA,Tanzania,Dar es Salaam,4.467523783951109e+28
2008,TZA,Tanzania,Dodoma,2.4297689640063877e+28
2008,TZA,Tanzania,Mwanza,3.116041694763186e+28
2008,TZA,Tanzania,Arusha,3.153267413899003e+28
2008,TZA,Tanzania,Zanzibar City,2.9582673024278505e+28
2008,TZA,Tanzania,Mbeya,4.106660587844449e+28
2008,TZA,Tanzania,Tabora,4.416942439348612e+28
2008,TGO,Togo,Lomé,5.717172240300963e+28
2008,TGO,Togo,Sokodé,7.585647081052614e+28
2008,TGO,Togo,Kara,7.296254829942816e+28
2008,TGO,Togo,Atakpamé,6.623846409818685e+28
2008,UGA,Uganda,Kampala,5.027701897128836e+28
2008,UGA,Uganda,Entebbe,5.0454888072621345e+28
2008,UGA,Uganda,Jinja,4.761855687766389e+28
2008,UGA,Uganda,Mbarara,4.227768876006652e+28
2008,UGA,Uganda,Gulu,8.802223985816264e+28
2008,UGA,Uganda,Fort Portal,4.189288246888589e+28
2009,AGO,Angola,Luanda,4.1923878958052575e+28
2009,AGO,Angola,Benguela,4.520183862937531e+28
2009,AGO,Angola,Lobito,4.751725134692176e+28
2009,AGO,Angola,Huambo,5.168061428644691e+28
2009,AGO,Angola,Lubango,2.1179032127268946e+28
2009,AGO,Angola,Cabinda,4.599568083628962e+28
2009,AGO,Angola,Malanje,1.0902753715031083e+29
2009,AGO,Angola,Namibe,3.1626893769994837e+28
2009,AGO,Angola,Sumbe,4.423835168540803e+28
2009,AGO,Angola,Uige,7.054022066959723e+28
2009,AGO,Angola,Soyo,4.1920661487195415e+28
2009,BEN,Benin,Bohicon,5.272350456539281e+28
2009,BEN,Benin,Abomey,3.6435208525855165e+28
2009,BEN,Benin,Ouidah,4.491834406944113e+28
2009,BEN,Benin,Kandi,6.32761936772914e+28
2009,BEN,Benin,Natitingou,7.6230749964057535e+28
2009,BEN,Benin,Save,4.197463232174458e+28
2009,BEN,Benin,Savalou,6.390277624554852e+28
2009,BEN,Benin,Comé,4.593648281296235e+28
2009,BEN,Benin,Allada,5.197828350524169e+28
2009,BEN,Benin,Dogbo,5.6619404928544145e+28
2009,BEN,Benin,Lokossa,5.80703165298233e+28
2009,BEN,Benin,Tchaourou,6.7204924478995745e+28
2009,BEN,Benin,Malanville,5.8549420847369185e+28
2009,BEN,Benin,Tanguiéta,7.787964775795444e+28
2009,BEN,Benin,Bassila,4.401275203323292e+28
2009,BEN,Benin,Pobe,5.12681698268085e+28
2009,BEN,Benin,Ketou,5.4580368576170785e+28
2009,BWA,Botswana,Gaborone,6.245770772512219e+28
2009,BWA,Botswana,Francistown,2.630339231076248e+28
2009,BWA,Botswana,Maun,3.59481395003255e+28
2009,BWA,Botswana,Serowe,4.062795408425417e+28
2009,BWA,Botswana,Kanye,5.445765316503402e+28
2009,BWA,Botswana,Molepolole,3.4484117574563245e+28
2009,BWA,Botswana,Mochudi,6.425000858272143e+28
2009,BWA,Botswana,Selebi-Phikwe,2.899227066140235e+28
2009,BWA,Botswana,Palapye,4.503066523174975e+28
2009,BWA,Botswana,Lobatse,6.294046111659717e+28
2009,BWA,Botswana,Ramotswa,6.581786116564306e+28
2009,BWA,Botswana,Letlhakane,3.910843291619634e+28
2009,BWA,Botswana,Orapa,3.8452107000889933e+28
2009,BWA,Botswana,Kasane,5.502086256393441e+28
2009,BWA,Botswana,Ghanzi,3.468210966705766e+28
2009,BWA,Botswana,Jwaneng,4.336325368321432e+28
2009,BWA,Botswana,Tsabong,4.556438372717743e+28
2009,BWA,Botswana,Shoshong,2.972236883744916e+28
2009,BFA,Burkina Faso,Ouagadougou,5.379110881049755e+28
2009,BFA,Burkina Faso,Bobo-Dioulasso,4.955984169707515e+28
2009,BFA,Burkina Faso,Koudougou,3.2994962890745455e+28
2009,BFA,Burkina Faso,Banfora,5.206419506527784e+28
2009,BFA,Burkina Faso,Ouahigouya,4.398385730623973e+28
2009,BFA,Burkina Faso,Kaya,4.204981718196263e+28
2009,BFA,Burkina Faso,Tenkodogo,4.542544767427203e+28
2009,BFA,Burkina Faso,Fada N'Gourma,4.967897615315881e+28
2009,BFA,Burkina Faso,Dedougou,4.992859616571104e+28
2009,BFA,Burkina Faso,Dori,4.334800777447982e+28
2009,BFA,Burkina Faso,Gaoua,6.302876343175641e+28
2009,BFA,Burkina Faso,Kongoussi,4.531770480771121e+28
2009,BFA,Burkina Faso,Manga,5.263484156980051e+28
2009,BFA,Burkina Faso,Reo,4.762359032462966e+28
2009,BFA,Burkina Faso,Ziniare,4.941861603173738e+28
2009,BFA,Burkina Faso,Hounde,3.4674481334666673e+28
2009,BFA,Burkina Faso,Po,6.205550254937438e+28
2009,BFA,Burkina Faso,Leo,6.409398836262958e+28
2009,BDI,Burundi,Bujumbura,3.4616800346176774e+28
2009,BDI,Burundi,Gitega,3.3931758241864345e+28
2009,BDI,Burundi,Ngozi,3.2631227457692804e+28
2009,BDI,Burundi,Rumonge,4.549519959556109e+28
2009,BDI,Burundi,Bururi,4.255230309965557e+28
2009,BDI,Burundi,Muyinga,4.763553225864771e+28
2009,BDI,Burundi,Ruyigi,3.1266110380635003e+28
2009,BDI,Burundi,Makamba,5.221264667432168e+28
2009,BDI,Burundi,Kayanza,3.2375416531687248e+28
2009,BDI,Burundi,Muramvya,3.184937755655466e+28
2009,BDI,Burundi,Cibitoke,4.006773630268065e+28
2009,BDI,Burundi,Karuzi,3.998871352356224e+28
2009,BDI,Burundi,Kirundo,3.682238760191481e+28
2009,BDI,Burundi,Mwaro,1.9904483423446104e+28
2009,BDI,Burundi,Nyanza-Lac,5.3153438086734545e+28
2009,CMR,Cameroon,Douala,2.4255572425289487e+28
2009,CMR,Cameroon,Yaounde,1.5716434406484185e+28
2009,CMR,Cameroon,Garoua,5.668200210684329e+28
2009,CMR,Cameroon,Bamenda,4.0759332455968375e+28
2009,CMR,Cameroon,Maroua,4.9368072625033445e+28
2009,CMR,Cameroon,Ngaoundere,4.486759769737629e+28
2009,CMR,Cameroon,Bafoussam,3.6501290357727467e+28
2009,CMR,Cameroon,Bertoua,3.2140105241777787e+28
2009,CMR,Cameroon,Ebolowa,1.946027536491161e+28
2009,CMR,Cameroon,Kribi,1.5734642532706537e+28
2009,CMR,Cameroon,Limbe,3.74807674609106e+28
2009,CMR,Cameroon,Kumba,3.219016726317879e+28
2009,CMR,Cameroon,Nkongsamba,3.2975112456327255e+28
2009,CMR,Cameroon,Edea,2.5309406200364645e+28
2009,CMR,Cameroon,Sangmelima,1.827428311851335e+28
2009,CMR,Cameroon,Foumban,3.934053413049561e+28
2009,CMR,Cameroon,Dschang,3.728569949876023e+28
2009,CMR,Cameroon,Kousseri,5.650681541709853e+28
2009,CAF,Central African Republic,Bangui,5.114380519832091e+28
2009,CAF,Central African Republic,Bimbo,2.688817229590358e+28
2009,CAF,Central African Republic,Berberati,3.0470017358342523e+28
2009,CAF,Central African Republic,Bambari,4.56001038065528e+28
2009,CAF,Central African Republic,Bouar,6.606218978245078e+28
2009,CAF,Central African Republic,Bossangoa,3.785321386103591e+28
2009,CAF,Central African Republic,Bria,5.077259454461907e+28
2009,CAF,Central African Republic,Bangassou,2.4652303007277157e+28
2009,CAF,Central African Republic,Kaga-Bandoro,3.6764217393099664e+28
2009,CAF,Central African Republic,Mbaiki,1.6567475001154527e+28
2009,CAF,Central African Republic,Bozoum,5.3601172165631145e+28
2009,CAF,Central African Republic,Carnot,8.3237319283756e+28
2009,CAF,Central African Republic,Sibut,5.672272582583906e+28
2009,CAF,Central African Republic,Alindao,6.946543059435911e+28
2009,CAF,Central African Republic,Mobaye,4.718112536954509e+28
2009,CAF,Central African Republic,Nola,2.007203247078856e+28
2009,TCD,Chad,N'Djamena,5.650681541709853e+28
2009,TCD,Chad,Moundou,5.337979415390374e+28
2009,TCD,Chad,Sarh,5.349158673647656e+28
2009,TCD,Chad,Abeche,4.1429453277844755e+28
2009,TCD,Chad,Kelo,4.970302964206791e+28
2009,TCD,Chad,Koumra,5.503312809333176e+28
2009,TCD,Chad,Pala,5.374653029564689e+28
2009,TCD,Chad,Am Timan,4.386810454861034e+28
2009,TCD,Chad,Bongor,4.675645238131604e+28
2009,TCD,Chad,Mongo,3.812011044569636e+28
2009,TCD,Chad,Faya-Largeau,2.0925233185499292e+28
2009,TCD,Chad,Doba,5.4982395103147045e+28
2009,TCD,Chad,Ati,4.025453974382971e+28
2009,TCD,Chad,Biltine,3.4531800824195474e+28
2009,TCD,Chad,Mao,4.019497749963203e+28
2009,TCD,Chad,Massakory,3.5736093652498143e+28
2009,COD,DR Congo,Kinshasa,8.738139304059166e+28
2009,COD,DR Congo,Lubumbashi,6.878560501497664e+28
2009,COD,DR Congo,Mbuji-Mayi,9.078029485990194e+28
2009,COD,DR Congo,Kisangani,2.578804533593424e+28
2009,COD,DR Congo,Goma,3.867712214150812e+28
2009,COD,DR Congo,Bukavu,2.1530377193359106e+28
2009,COD,DR Congo,Kananga,9.086816168716785e+28
2009,COD,DR Congo,Kolwezi,8.232896492542248e+28
2009,COD,DR Congo,Tshikapa,1.1803448707484637e+29
2009,COD,DR Congo,Matadi,5.713695129844118e+28
2009,COD,DR Congo,Boma,5.680402157135114e+28
2009,COD,DR Congo,Uvira,3.6651434341686245e+28
2009,COD,DR Congo,Kindu,4.287463953341853e+28
2009,COD,DR Congo,Kalemie,5.9587872518028415e+28
2009,COD,DR Congo,Likasi,7.252386488386605e+28
2009,COD,DR Congo,Kikwit,9.082868837190017e+28
2009,COD,DR Congo,Gemena,1.9014313908584835e+28
2009,COD,DR Congo,Isiro,2.6004955407442014e+28
2009,COG,Congo Republic,Brazzaville,3.8737575967778295e+28
2009,COG,Congo Republic,Pointe-Noire,5.213683472249075e+28
2009,COG,Congo Republic,Dolisie,6.099251336141746e+28
2009,COG,Congo Republic,Nkayi,8.330561917689676e+28
2009,COG,Congo Republic,Owando,3.462821550249787e+28
2009,COG,Congo Republic,Ouesso,1.5797102137649255e+28
2009,COG,Congo Republic,Impfondo,1.822158042772122e+28
2009,COG,Congo Republic,Sibiti,7.4969390941506e+28
2009,COG,Congo Republic,Madingou,8.483112962076384e+28
2009,COG,Congo Republic,Kinkala,4.907710259391806e+28
2009,COG,Congo Republic,Mossendjo,4.220368073824866e+28
2009,COG,Congo Republic,Gamboma,5.540253317625267e+28
2009,COG,Congo Republic,Djambala,3.973154490325525e+28
2009,CIV,Cote d'Ivoire,Abidjan,2.612175048550502e+28
2009,CIV,Cote d'Ivoire,Yamoussoukro,3.366471761315404e+28
2009,CIV,Cote d'Ivoire,Bouake,4.062356179243099e+28
2009,CIV,Cote d'Ivoire,Daloa,2.769021688239559e+28
2009,CIV,Cote d'Ivoire,San-Pedro,2.3982712052874855e+28
2009,CIV,Cote d'Ivoire,Korhogo,4.591605827091497e+28
2009,CIV,Cote d'Ivoire,Man,3.149961840671666e+28
2009,CIV,Cote d'Ivoire,Gagnoa,2.645024709600749e+28
2009,CIV,Cote d'Ivoire,Abengourou,1.8466821816269938e+28
2009,CIV,Cote d'Ivoire,Bondoukou,4.331742831369827e+28
2009,CIV,Cote d'Ivoire,Divo,2.6254366678246508e+28
2009,CIV,Cote d'Ivoire,Odienne,4.079821655716675e+28
2009,CIV,Cote d'Ivoire,Ferkessedougou,5.324781678918069e+28
2009,CIV,Cote d'Ivoire,Soubre,2.654205030892374e+28
2009,CIV,Cote d'Ivoire,Sassandra,3.3666417260754212e+28
2009,CIV,Cote d'Ivoire,Agboville,3.2269678080288253e+28
2009,CIV,Cote d'Ivoire,Grand-Bassam,3.3272746357224934e+28
2009,CIV,Cote d'Ivoire,Dabou,3.7975144894847054e+28
2009,ETH,Ethiopia,Addis Ababa,2.913677907836829e+28
2009,ETH,Ethiopia,Dire Dawa,3.6219373982017005e+28
2009,ETH,Ethiopia,Mekelle,2.487513252370744e+28
2009,ETH,Ethiopia,Bahir Dar,3.8899731719335085e+28
2009,ETH,Ethiopia,Hawassa,2.419999396008224e+28
2009,ETH,Ethiopia,Adama,3.3629576155063504e+28
2009,ETH,Ethiopia,Gondar,5.059146620529452e+28
2009,ETH,Ethiopia,Jimma,3.059202503628145e+28
2009,ETH,Ethiopia,Dessie,3.0649857754227693e+28
2009,ETH,Ethiopia,Shashamane,2.1303181190258745e+28
2009,ETH,Ethiopia,Harar,3.5864576294356666e+28
2009,ETH,Ethiopia,Arba Minch,2.943985232361127e+28
2009,ETH,Ethiopia,Debre Markos,5.829982374249572e+28
2009,ETH,Ethiopia,Debre Birhan,2.943657667291438e+28
2009,ETH,Ethiopia,Nekemte,4.735687952619443e+28
2009,ETH,Ethiopia,Asella,2.146558843926227e+28
2009,ETH,Ethiopia,Wolaita Sodo,2.311628427954689e+28
2009,ETH,Ethiopia,Jijiga,3.3304270139379265e+28
2009,GAB,Gabon,Libreville,2.0415347953982642e+28
2009,GAB,Gabon,Port-Gentil,2.0393799344788847e+28
2009,GAB,Gabon,Franceville,3.664102434503841e+28
2009,GAB,Gabon,Oyem,1.8505744814625497e+28
2009,GAB,Gabon,Moanda,2.7988036368887827e+28
2009,GAB,Gabon,Lambarene,2.58432244067169e+28
2009,GAB,Gabon,Mouila,2.910023302183385e+28
2009,GAB,Gabon,Koulamoutou,2.1665059649776607e+28
2009,GAB,Gabon,Tchibanga,2.983878553360555e+28
2009,GAB,Gabon,Makokou,2.1142990901671535e+28
2009,GAB,Gabon,Bitam,1.3198788210855133e+28
2009,GAB,Gabon,Ndende,2.3995203045710673e+28
2009,GHA,Ghana,Accra,4.918791992297495e+28
2009,GHA,Ghana,Kumasi,3.917491394621896e+28
2009,GHA,Ghana,Tamale,7.480526841548934e+28
2009,GHA,Ghana,Sekondi-Takoradi,2.452555034272469e+28
2009,GHA,Ghana,Sunyani,3.6457299591435636e+28
2009,GHA,Ghana,Cape Coast,2.687836112190768e+28
2009,GHA,Ghana,Koforidua,3.035021909335362e+28
2009,GHA,Ghana,Ho,5.731601842205805e+28
2009,GHA,Ghana,Tema,4.918791992297495e+28
2009,GHA,Ghana,Obuasi,2.8393588334485786e+28
2009,GHA,Ghana,Bolgatanga,6.722656002591909e+28
2009,GHA,Ghana,Wa,5.0342919183766855e+28
2009,GHA,Ghana,Techiman,4.834655103676566e+28
2009,GHA,Ghana,Tarkwa,2.1294731391480594e+28
2009,GHA,Ghana,Sefwi Wiawso,1.6685785215465935e+28
2009,GHA,Ghana,Nkawkaw,4.7715822346314945e+28
2009,GHA,Ghana,Dunkwa-on-Offin,2.4434546247411125e+28
2009,GHA,Ghana,Yendi,4.9685416951549524e+28
2009,KEN,Kenya,Nairobi,5.527209287758786e+28
2009,KEN,Kenya,Mombasa,3.833469459633973e+28
2009,KEN,Kenya,Kisumu,3.050025676542283e+28
2009,KEN,Kenya,Nakuru,3.046673905863391e+28
2009,KEN,Kenya,Eldoret,1.5857494686551174e+28
2009,KEN,Kenya,Thika,4.250182031153561e+28
2009,KEN,Kenya,Malindi,2.3109248535659347e+28
2009,KEN,Kenya,Kitale,2.0786307211918835e+28
2009,KEN,Kenya,Garissa,2.922149176090815e+28
2009,KEN,Kenya,Nyeri,4.007636608476067e+28
2009,KEN,Kenya,Machakos,2.1337456217279157e+28
2009,KEN,Kenya,Meru,2.73641657545219e+28
2009,KEN,Kenya,Kericho,3.1962445851204575e+28
2009,KEN,Kenya,Naivasha,4.8546949064639245e+28
2009,KEN,Kenya,Embu,4.0502002438228296e+28
2009,KEN,Kenya,Lodwar,2.914197807653829e+28
2009,KEN,Kenya,Isiolo,2.658630794783918e+28
2009,KEN,Kenya,Wajir,1.942952500938905e+28
2009,LSO,Lesotho,Maseru,6.015950265888339e+28
2009,LSO,Lesotho,Teyateyaneng,3.963763587516659e+28
2009,LSO,Lesotho,Mafeteng,5.412598615767772e+28
2009,LBR,Liberia,Monrovia,2.832821576102824e+28
2009,LBR,Liberia,Gbarnga,2.152448090671779e+28
2009,LBR,Liberia,Buchanan,2.1760316277367563e+28
2009,LBR,Liberia,Harper,3.7983798485366588e+28
2009,LBR,Liberia,Voinjama,2.488456574619824e+28
2009,LBR,Liberia,Zwedru,2.058342811461073e+28
2009,LBR,Liberia,Kakata,3.1706955173865915e+28
2009,LBR,Liberia,Greenville,2.0805435716000403e+28
2009,LBR,Liberia,Tubmanburg,2.8073814815747202e+28
2009,LBR,Liberia,Ganta,3.0133053053579016e+28
2009,LBR,Liberia,Robertsport,1.8558702167545718e+28
2009,LBR,Liberia,Fish Town,1.7947003806892498e+28
2009,MDG,Madagascar,Antananarivo,2.719150335486951e+28
2009,MDG,Madagascar,Toamasina,3.1508120375678948e+28
2009,MDG,Madagascar,Antsirabe,4.324959601193576e+28
2009,MDG,Madagascar,Mahajanga,3.5153436785966303e+28
2009,MDG,Madagascar,Fianarantsoa,4.484731846787625e+28
2009,MDG,Madagascar,Toliara,3.4867480608713756e+28
2009,MDG,Madagascar,Antsiranana,2.499255454669751e+28
2009,MDG,Madagascar,Morondava,4.820567341085069e+28
2009,MDG,Madagascar,Sambava,2.934341889232793e+28
2009,MDG,Madagascar,Ambatondrazaka,4.2465608876335375e+28
2009,MDG,Madagascar,Farafangana,2.750580192715503e+28
2009,MDG,Madagascar,Mananjary,2.7279115924497334e+28
2009,MDG,Madagascar,Manakara,2.867625052863605e+28
2009,MDG,Madagascar,Antalaha,1.9630724948708015e+28
2009,MDG,Madagascar,Hell-Ville,2.55234576952681e+28
2009,MDG,Madagascar,Marovoay,4.914957170712023e+28
2009,MDG,Madagascar,Ambanja,2.9376052223007936e+28
2009,MWI,Malawi,Lilongwe,2.6811967322112067e+28
2009,MWI,Malawi,Blantyre,4.224463722835773e+28
2009,MWI,Malawi,Mzuzu,3.0880862837995034e+28
2009,MWI,Malawi,Zomba,4.82572407039369e+28
2009,MWI,Malawi,Karonga,4.3756430284680015e+28
2009,MWI,Malawi,Mangochi,4.843480031058275e+28
2009,MWI,Malawi,Salima,3.904593639822333e+28
2009,MLI,Mali,Bamako,3.8104091109516606e+28
2009,MLI,Mali,Sikasso,5.0005852538669285e+28
2009,MLI,Mali,Mopti,2.684987272918628e+28
2009,MLI,Mali,Koutiala,4.475679705046349e+28
2009,MLI,Mali,Kayes,6.097189488255556e+28
2009,MLI,Mali,Segou,3.0773354294351326e+28
2009,MRT,Mauritania,Nouakchott,4.253458242931479e+28
2009,MRT,Mauritania,Nouadhibou,2.2284539881857e+28
2009,MRT,Mauritania,Rosso,2.4814647566907262e+28
2009,MRT,Mauritania,Zouerate,1.5855295258906396e+28
2009,MRT,Mauritania,Atar,2.0582844382152927e+28
2009,MRT,Mauritania,Kaedi,2.9680971878089395e+28
2009,MOZ,Mozambique,Maputo,1.458623149917299e+29
2009,MOZ,Mozambique,Matola,1.6978122225937946e+29
2009,MOZ,Mozambique,Beira,4.8447091204407705e+28
2009,MOZ,Mozambique,Nampula,6.668115015346606e+28
2009,MOZ,Mozambique,Chimoio,5.445290818803578e+28
2009,MOZ,Mozambique,Nacala,3.589454414908117e+28
2009,MOZ,Mozambique,Quelimane,6.063916671541662e+28
2009,MOZ,Mozambique,Tete,5.789004110200167e+28
2009,MOZ,Mozambique,Pemba,2.7937653403094137e+28
2009,MOZ,Mozambique,Lichinga,2.9356241550197966e+28
2009,MOZ,Mozambique,Xai-Xai,7.793134564909833e+28
2009,MOZ,Mozambique,Maxixe,3.5447485012662513e+28
2009,NGA,Nigeria,Lagos,7.108026920794285e+28
2009,NGA,Nigeria,Abuja,6.3178158677372605e+28
2009,NGA,Nigeria,Kano,4.667722397655436e+28
2009,NGA,Nigeria,Ibadan,6.211462891899576e+28
2009,NGA,Nigeria,Port Harcourt,5.181402293797334e+28
2009,NGA,Nigeria,Benin City,4.890427047368044e+28
2009,NGA,Nigeria,Onitsha,6.1906891827534e+28
2009,NGA,Nigeria,Aba,4.961227513654909e+28
2009,NGA,Nigeria,Kaduna,6.4711510160238805e+28
2009,NGA,Nigeria,Enugu,4.3568828662173984e+28
2009,NGA,Nigeria,Ilorin,4.615625732840745e+28
2009,NGA,Nigeria,Warri,2.779764455012573e+28
2009,NGA,Nigeria,Maiduguri,5.607670057071203e+28
2009,NGA,Nigeria,Zaria,6.279168754189786e+28
2009,NGA,Nigeria,Sokoto,5.528291628764527e+28
2009,NGA,Nigeria,Uyo,4.2888081247258635e+28
2009,NGA,Nigeria,Jos,5.158718227439047e+28
2009,NGA,Nigeria,Calabar,3.7910768389776266e+28
2009,ZAF,South Africa,Johannesburg,4.1132844366749844e+29
2009,ZAF,South Africa,Cape Town,8.195537738100192e+28
2009,ZAF,South Africa,Durban,9.670114606990478e+28
2009,ZAF,South Africa,Pretoria,2.1767444897295208e+29
2009,ZAF,South Africa,Port Elizabeth,5.185424673463866e+28
2009,ZAF,South Africa,Bloemfontein,7.732149942866935e+28
2009,ZAF,South Africa,East London,5.283245367860148e+28
2009,ZAF,South Africa,Soweto,2.3925212541007268e+29
2009,ZAF,South Africa,Pietermaritzburg,1.174067829587971e+29
2009,ZAF,South Africa,Polokwane,8.406949251170639e+28
2009,ZAF,South Africa,Rustenburg,1.013338684524074e+29
2009,ZMB,Zambia,Lusaka,5.36214602124809e+28
2009,ZMB,Zambia,Kitwe,6.689737976611167e+28
2009,ZMB,Zambia,Ndola,6.259855939038245e+28
2009,ZMB,Zambia,Kabwe,5.559471405064525e+28
2009,ZMB,Zambia,Chingola,6.409377226804653e+28
2009,ZMB,Zambia,Livingstone,5.713711032512129e+28
2009,ZMB,Zambia,Solwezi,6.875685007151536e+28
2009,ZMB,Zambia,Mufulira,4.232260375059085e+28
2009,ZMB,Zambia,Luanshya,6.459680732736193e+28
2009,ZWE,Zimbabwe,Harare,5.861784335023277e+28
2009,ZWE,Zimbabwe,Bulawayo,4.5267928146525005e+28
2009,ZWE,Zimbabwe,Chitungwiza,3.9192928180056274e+28
2009,ZWE,Zimbabwe,Mutare,4.337960567430436e+28
2009,ZWE,Zimbabwe,Gweru,4.670764888450776e+28
2009,ZWE,Zimbabwe,Kwekwe,4.988729031611373e+28
2009,ZWE,Zimbabwe,Masvingo,3.8609004161105715e+28
2009,ZWE,Zimbabwe,Chinhoyi,6.506882635809264e+28
2009,ZWE,Zimbabwe,Kadoma,5.487007288614901e+28
2009,ZWE,Zimbabwe,Victoria Falls,5.713711032512129e+28
2009,ZWE,Zimbabwe,Redcliff,4.777542841791185e+28
2009,ZWE,Zimbabwe,Norton,6.396587157808912e+28
2009,ZWE,Zimbabwe,Hwange,3.5654076165568646e+28
2009,ZWE,Zimbabwe,Chegutu,5.796525296350478e+28
2009,COM,Comoros,Moroni,1.1493770116873541e+28
2009,COM,Comoros,Mutsamudu,1.9604468492043054e+28
2009,COM,Comoros,Fomboni,1.1315657188463565e+28
2009,ERI,Eritrea,Asmara,4.216910594026354e+28
2009,ERI,Eritrea,Keren,4.1329160214473946e+28
2009,ERI,Eritrea,Massawa,4.240072032429391e+28
2009,GNQ,Equatorial Guinea,Malabo,2.0455577056237383e+28
2009,GNQ,Equatorial Guinea,Bata,1.4787614910253293e+28
2009,GNQ,Equatorial Guinea,Ebibeyin,2.003456271033209e+28
2009,GMB,Gambia,Banjul,4.142258253586602e+28
2009,GMB,Gambia,Serekunda,4.142258253586602e+28
2009,GMB,Gambia,Brikama,4.142258253586602e+28
2009,GIN,Guinea,Conakry,4.529447388911036e+28
2009,GIN,Guinea,Kankan,5.868032368393496e+28
2009,GIN,Guinea,Kindia,5.732682257326664e+28
2009,GIN,Guinea,Nzérékoré,2.2297563738144466e+28
2009,GIN,Guinea,Labe,4.875019874928132e+28
2009,GIN,Guinea,Fria,6.681744143192902e+28
2009,GNB,Guinea-Bissau,Bissau,4.010871325016365e+28
2009,GNB,Guinea-Bissau,Bafatá,4.636175761605717e+28
2009,GNB,Guinea-Bissau,Gabú,5.111449752047897e+28
2009,NAM,Namibia,Windhoek,2.928075015053872e+28
2009,NAM,Namibia,Walvis Bay,2.335479015511333e+28
2009,NAM,Namibia,Swakopmund,3.669474408973343e+28
2009,NAM,Namibia,Rundu,5.9197376678971965e+28
2009,NAM,Namibia,Oshakati,4.731231196166582e+28
2009,NAM,Namibia,Otjiwarongo,3.1811405798546644e+28
2009,NER,Niger,Niamey,3.1507805066482603e+28
2009,NER,Niger,Zinder,2.881090553492915e+28
2009,NER,Niger,Maradi,3.2667914084854142e+28
2009,NER,Niger,Agadez,1.7544116109820006e+28
2009,NER,Niger,Tahoua,4.047704860047212e+28
2009,RWA,Rwanda,Kigali,4.233650887710055e+28
2009,RWA,Rwanda,Huye,1.8613382640183742e+28
2009,RWA,Rwanda,Rubavu,2.5509955664677262e+28
2009,RWA,Rwanda,Musanze,2.518594738229905e+28
2009,RWA,Rwanda,Rusizi,3.186439253787253e+28
2009,STP,Sao Tome and Principe,São Tomé,1.7813963479036594e+28
2009,STP,Sao Tome and Principe,Santo António,2.0576043147764375e+28
2009,STP,Sao Tome and Principe,Neves,1.7813963479036594e+28
2009,SEN,Senegal,Ziguinchor,4.113234841531989e+28
2009,SEN,Senegal,Tambacounda,5.1847277422123904e+28
2009,SEN,Senegal,Dakar,4.629352656379711e+28
2009,SEN,Senegal,Thiès,4.616945315814202e+28
2009,SEN,Senegal,Saint-Louis,2.2852307699419014e+28
2009,SEN,Senegal,Kaolack,5.088713351870306e+28
2009,SLE,Sierra Leone,Freetown,3.3186149459563178e+28
2009,SLE,Sierra Leone,Bo,2.54694925772318e+28
2009,SLE,Sierra Leone,Kenema,3.377526601522357e+28
2009,SLE,Sierra Leone,Makeni,5.647805783430588e+28
2009,SOM,Somalia,Mogadishu,2.3896133728688083e+28
2009,SOM,Somalia,Hargeisa,3.64004647556006e+28
2009,SOM,Somalia,Bosaso,2.2956296753508687e+28
2009,SOM,Somalia,Kismayo,1.687645829071721e+28
2009,SOM,Somalia,Baidoa,2.9600537273758657e+28
2009,SSD,South Sudan,Juba,7.68928839541557e+28
2009,SSD,South Sudan,Wau,4.430021125149839e+28
2009,SSD,South Sudan,Malakal,6.106383928937923e+28
2009,SSD,South Sudan,Bor,1.0121016192187874e+29
2009,SDN,Sudan,Khartoum,4.939261064005586e+28
2009,SDN,Sudan,Omdurman,6.885882094813202e+28
2009,SDN,Sudan,Port Sudan,4.355119815123219e+28
2009,SDN,Sudan,Nyala,4.368692305682531e+28
2009,SDN,Sudan,Ed Damer,5.0559638835038344e+28
2009,SDN,Sudan,El Obeid,4.002580888392655e+28
2009,SDN,Sudan,Kassala,5.034383735106201e+28
2009,SDN,Sudan,Wad Madani,5.448109662465956e+28
2009,SDN,Sudan,Kosti,5.854632933338281e+28
2009,SDN,Sudan,Rabak,4.0308008040249605e+28
2009,SDN,Sudan,El Obeid,4.002580888392655e+28
2009,SDN,Sudan,Sennar,5.200690178201691e+28
2009,TZA,Tanzania,Dar es Salaam,4.710893211553094e+28
2009,TZA,Tanzania,Dodoma,2.755372173006114e+28
2009,TZA,Tanzania,Mwanza,3.4098662356883613e+28
2009,TZA,Tanzania,Arusha,3.377089498655429e+28
2009,TZA,Tanzania,Zanzibar City,3.621192349265316e+28
2009,TZA,Tanzania,Mbeya,3.8043868500724777e+28
2009,TZA,Tanzania,Tabora,4.376150537388532e+28
2009,TGO,Togo,Lomé,4.935883479625792e+28
2009,TGO,Togo,Sokodé,7.104592872075811e+28
2009,TGO,Togo,Kara,7.436478467201299e+28
2009,TGO,Togo,Atakpamé,6.081360182526943e+28
2009,UGA,Uganda,Kampala,5.74788270088916e+28
2009,UGA,Uganda,Entebbe,5.741427989662264e+28
2009,UGA,Uganda,Jinja,4.961630427512519e+28
2009,UGA,Uganda,Mbarara,4.287328625250068e+28
2009,UGA,Uganda,Gulu,5.987914433309398e+28
2009,UGA,Uganda,Fort Portal,3.8741597287325237e+28
2010,AGO,Angola,Luanda,5.0366896787856495e+28
2010,AGO,Angola,Benguela,5.59153144628264e+28
2010,AGO,Angola,Lobito,6.08402034106622e+28
2010,AGO,Angola,Huambo,6.3788824865531965e+28
2010,AGO,Angola,Lubango,2.510909647920674e+28
2010,AGO,Angola,Cabinda,6.002588913057039e+28
2010,AGO,Angola,Malanje,1.0938570548547121e+29
2010,AGO,Angola,Namibe,4.1076783468557275e+28
2010,AGO,Angola,Sumbe,6.168538074001463e+28
2010,AGO,Angola,Uige,8.169577340443818e+28
2010,AGO,Angola,Soyo,4.860133716372308e+28
2010,BEN,Benin,Bohicon,4.846332773372098e+28
2010,BEN,Benin,Abomey,3.1716493769972743e+28
2010,BEN,Benin,Ouidah,4.556273149250144e+28
2010,BEN,Benin,Kandi,6.042609176251752e+28
2010,BEN,Benin,Natitingou,7.372948599967263e+28
2010,BEN,Benin,Save,3.8014566118441493e+28
2010,BEN,Benin,Savalou,5.484975887575423e+28
2010,BEN,Benin,Comé,4.570160186768997e+28
2010,BEN,Benin,Allada,5.123755776560363e+28
2010,BEN,Benin,Dogbo,5.025661933758274e+28
2010,BEN,Benin,Lokossa,5.257972695366972e+28
2010,BEN,Benin,Tchaourou,6.040605895787829e+28
2010,BEN,Benin,Malanville,5.2775947335357e+28
2010,BEN,Benin,Tanguiéta,7.725241109282379e+28
2010,BEN,Benin,Bassila,3.9105025796090404e+28
2010,BEN,Benin,Pobe,5.475249293642683e+28
2010,BEN,Benin,Ketou,5.446405672687611e+28
2010,BWA,Botswana,Gaborone,8.337218563023672e+28
2010,BWA,Botswana,Francistown,3.1012578422245997e+28
2010,BWA,Botswana,Maun,4.799667139476761e+28
2010,BWA,Botswana,Serowe,5.980195490724609e+28
2010,BWA,Botswana,Kanye,7.652685829747944e+28
2010,BWA,Botswana,Molepolole,5.09023703251973e+28
2010,BWA,Botswana,Mochudi,8.773049961761148e+28
2010,BWA,Botswana,Selebi-Phikwe,3.298601651801327e+28
2010,BWA,Botswana,Palapye,5.442738316584414e+28
2010,BWA,Botswana,Lobatse,8.138602654280214e+28
2010,BWA,Botswana,Ramotswa,8.453144080149273e+28
2010,BWA,Botswana,Letlhakane,5.4867598725339665e+28
2010,BWA,Botswana,Orapa,5.295813715090146e+28
2010,BWA,Botswana,Kasane,5.877736867295678e+28
2010,BWA,Botswana,Ghanzi,4.409039326139864e+28
2010,BWA,Botswana,Jwaneng,6.451850474951327e+28
2010,BWA,Botswana,Tsabong,4.74540527268381e+28
2010,BWA,Botswana,Shoshong,5.196505970241661e+28
2010,BFA,Burkina Faso,Ouagadougou,4.985517323747291e+28
2010,BFA,Burkina Faso,Bobo-Dioulasso,5.245949885236375e+28
2010,BFA,Burkina Faso,Koudougou,2.991805260613792e+28
2010,BFA,Burkina Faso,Banfora,5.530576740571301e+28
2010,BFA,Burkina Faso,Ouahigouya,4.077000536707638e+28
2010,BFA,Burkina Faso,Kaya,4.005960321896671e+28
2010,BFA,Burkina Faso,Tenkodogo,4.680334852899203e+28
2010,BFA,Burkina Faso,Fada N'Gourma,4.914775267610966e+28
2010,BFA,Burkina Faso,Dedougou,4.597961459808363e+28
2010,BFA,Burkina Faso,Dori,4.05611699187147e+28
2010,BFA,Burkina Faso,Gaoua,6.396666509560762e+28
2010,BFA,Burkina Faso,Kongoussi,4.048054772510204e+28
2010,BFA,Burkina Faso,Manga,5.2203813254121025e+28
2010,BFA,Burkina Faso,Reo,4.35541800166307e+28
2010,BFA,Burkina Faso,Ziniare,4.630577124853069e+28
2010,BFA,Burkina Faso,Hounde,3.1613806044871165e+28
2010,BFA,Burkina Faso,Po,6.854238656883479e+28
2010,BFA,Burkina Faso,Leo,6.667673111712634e+28
2010,BDI,Burundi,Bujumbura,4.686320507589699e+28
2010,BDI,Burundi,Gitega,4.499845011533823e+28
2010,BDI,Burundi,Ngozi,3.9583068936708363e+28
2010,BDI,Burundi,Rumonge,5.938583862659203e+28
2010,BDI,Burundi,Bururi,5.355619887961402e+28
2010,BDI,Burundi,Muyinga,4.9351387179821705e+28
2010,BDI,Burundi,Ruyigi,3.389735729473206e+28
2010,BDI,Burundi,Makamba,5.399750221709668e+28
2010,BDI,Burundi,Kayanza,4.042153573168422e+28
2010,BDI,Burundi,Muramvya,4.492084114695676e+28
2010,BDI,Burundi,Cibitoke,4.731817601201238e+28
2010,BDI,Burundi,Karuzi,4.6056928880202445e+28
2010,BDI,Burundi,Kirundo,3.955503129274304e+28
2010,BDI,Burundi,Mwaro,3.003956277596874e+28
2010,BDI,Burundi,Nyanza-Lac,6.301993583492946e+28
2010,CMR,Cameroon,Douala,3.1178428278063114e+28
2010,CMR,Cameroon,Yaounde,1.4695272703438078e+28
2010,CMR,Cameroon,Garoua,5.962991433782062e+28
2010,CMR,Cameroon,Bamenda,4.639545523348255e+28
2010,CMR,Cameroon,Maroua,5.0268484481495415e+28
2010,CMR,Cameroon,Ngaoundere,5.056749445262637e+28
2010,CMR,Cameroon,Bafoussam,3.9006569802590875e+28
2010,CMR,Cameroon,Bertoua,3.2952022145110582e+28
2010,CMR,Cameroon,Ebolowa,2.07740119287192e+28
2010,CMR,Cameroon,Kribi,1.8872883814869797e+28
2010,CMR,Cameroon,Limbe,3.8699423799100176e+28
2010,CMR,Cameroon,Kumba,4.0924966683426015e+28
2010,CMR,Cameroon,Nkongsamba,3.7347076535021666e+28
2010,CMR,Cameroon,Edea,2.712433738616158e+28
2010,CMR,Cameroon,Sangmelima,2.056765404953337e+28
2010,CMR,Cameroon,Foumban,4.0678746019856e+28
2010,CMR,Cameroon,Dschang,3.658157263093319e+28
2010,CMR,Cameroon,Kousseri,5.450472007903551e+28
2010,CAF,Central African Republic,Bangui,5.015192699528369e+28
2010,CAF,Central African Republic,Bimbo,2.8712178731075033e+28
2010,CAF,Central African Republic,Berberati,2.8306131585764152e+28
2010,CAF,Central African Republic,Bambari,4.696249876476963e+28
2010,CAF,Central African Republic,Bouar,6.6627216954256175e+28
2010,CAF,Central African Republic,Bossangoa,4.377410071956292e+28
2010,CAF,Central African Republic,Bria,5.925763531719613e+28
2010,CAF,Central African Republic,Bangassou,2.801673988196332e+28
2010,CAF,Central African Republic,Kaga-Bandoro,5.009660586587631e+28
2010,CAF,Central African Republic,Mbaiki,2.1383322140461943e+28
2010,CAF,Central African Republic,Bozoum,6.095924780210942e+28
2010,CAF,Central African Republic,Carnot,7.350938089711194e+28
2010,CAF,Central African Republic,Sibut,6.017158057764563e+28
2010,CAF,Central African Republic,Alindao,6.204808550518738e+28
2010,CAF,Central African Republic,Mobaye,5.115349808212724e+28
2010,CAF,Central African Republic,Nola,2.152199230220359e+28
2010,TCD,Chad,N'Djamena,5.450472007903551e+28
2010,TCD,Chad,Moundou,5.883528546898742e+28
2010,TCD,Chad,Sarh,6.3851574421984995e+28
2010,TCD,Chad,Abeche,3.936843113325163e+28
2010,TCD,Chad,Kelo,5.795614992751373e+28
2010,TCD,Chad,Koumra,6.154782186840249e+28
2010,TCD,Chad,Pala,5.808002967956677e+28
2010,TCD,Chad,Am Timan,4.640626000291213e+28
2010,TCD,Chad,Bongor,5.418048522867174e+28
2010,TCD,Chad,Mongo,3.943952015294407e+28
2010,TCD,Chad,Faya-Largeau,2.0288354705217307e+28
2010,TCD,Chad,Doba,5.713941307451235e+28
2010,TCD,Chad,Ati,4.017424717122789e+28
2010,TCD,Chad,Biltine,3.4006339687087166e+28
2010,TCD,Chad,Mao,3.825028238451206e+28
2010,TCD,Chad,Massakory,3.420320376799461e+28
2010,COD,DR Congo,Kinshasa,9.38079007516332e+28
2010,COD,DR Congo,Lubumbashi,7.165042792811386e+28
2010,COD,DR Congo,Mbuji-Mayi,9.72707813408774e+28
2010,COD,DR Congo,Kisangani,2.656164820135441e+28
2010,COD,DR Congo,Goma,3.734558439445316e+28
2010,COD,DR Congo,Bukavu,2.581492751591208e+28
2010,COD,DR Congo,Kananga,9.319717948007968e+28
2010,COD,DR Congo,Kolwezi,8.20721476386687e+28
2010,COD,DR Congo,Tshikapa,1.2557914604219661e+29
2010,COD,DR Congo,Matadi,7.22388956328296e+28
2010,COD,DR Congo,Boma,7.011659824793214e+28
2010,COD,DR Congo,Uvira,4.822136394601904e+28
2010,COD,DR Congo,Kindu,4.986171599400337e+28
2010,COD,DR Congo,Kalemie,6.717256437711623e+28
2010,COD,DR Congo,Likasi,7.380074869431128e+28
2010,COD,DR Congo,Kikwit,1.0365346000004313e+29
2010,COD,DR Congo,Gemena,2.155492226930893e+28
2010,COD,DR Congo,Isiro,2.8846601868915437e+28
2010,COG,Congo Republic,Brazzaville,4.14746323741361e+28
2010,COG,Congo Republic,Pointe-Noire,6.191542936804557e+28
2010,COG,Congo Republic,Dolisie,6.689910526251518e+28
2010,COG,Congo Republic,Nkayi,8.584999225185323e+28
2010,COG,Congo Republic,Owando,3.7719705976880323e+28
2010,COG,Congo Republic,Ouesso,2.003187838204428e+28
2010,COG,Congo Republic,Impfondo,1.8323299995195803e+28
2010,COG,Congo Republic,Sibiti,7.804449625755837e+28
2010,COG,Congo Republic,Madingou,9.042840918270317e+28
2010,COG,Congo Republic,Kinkala,5.502393311415091e+28
2010,COG,Congo Republic,Mossendjo,4.39352867737096e+28
2010,COG,Congo Republic,Gamboma,6.741086799610017e+28
2010,COG,Congo Republic,Djambala,4.3969720240072385e+28
2010,CIV,Cote d'Ivoire,Abidjan,2.7773522626354693e+28
2010,CIV,Cote d'Ivoire,Yamoussoukro,3.275195740732361e+28
2010,CIV,Cote d'Ivoire,Bouake,3.943423347495409e+28
2010,CIV,Cote d'Ivoire,Daloa,2.6722930252151238e+28
2010,CIV,Cote d'Ivoire,San-Pedro,2.4180054815334513e+28
2010,CIV,Cote d'Ivoire,Korhogo,4.340970064538309e+28
2010,CIV,Cote d'Ivoire,Man,3.252407930444908e+28
2010,CIV,Cote d'Ivoire,Gagnoa,2.630375770324962e+28
2010,CIV,Cote d'Ivoire,Abengourou,1.8534010622466452e+28
2010,CIV,Cote d'Ivoire,Bondoukou,4.305860966129509e+28
2010,CIV,Cote d'Ivoire,Divo,2.4147429210752446e+28
2010,CIV,Cote d'Ivoire,Odienne,3.840351752245966e+28
2010,CIV,Cote d'Ivoire,Ferkessedougou,5.306408959519099e+28
2010,CIV,Cote d'Ivoire,Soubre,2.4175158071533474e+28
2010,CIV,Cote d'Ivoire,Sassandra,3.2657763440332727e+28
2010,CIV,Cote d'Ivoire,Agboville,2.675284740347701e+28
2010,CIV,Cote d'Ivoire,Grand-Bassam,3.2249014956496194e+28
2010,CIV,Cote d'Ivoire,Dabou,4.088904462924219e+28
2010,ETH,Ethiopia,Addis Ababa,3.1886371359165154e+28
2010,ETH,Ethiopia,Dire Dawa,3.3307691282555627e+28
2010,ETH,Ethiopia,Mekelle,2.5650800289030227e+28
2010,ETH,Ethiopia,Bahir Dar,3.5435510390460913e+28
2010,ETH,Ethiopia,Hawassa,2.3528016632286296e+28
2010,ETH,Ethiopia,Adama,3.4640677612547165e+28
2010,ETH,Ethiopia,Gondar,3.988564952415278e+28
2010,ETH,Ethiopia,Jimma,4.226196389322767e+28
2010,ETH,Ethiopia,Dessie,3.0135952407544245e+28
2010,ETH,Ethiopia,Shashamane,2.1807097727897573e+28
2010,ETH,Ethiopia,Harar,3.3112343032773513e+28
2010,ETH,Ethiopia,Arba Minch,3.3076802444474395e+28
2010,ETH,Ethiopia,Debre Markos,6.6496174302255025e+28
2010,ETH,Ethiopia,Debre Birhan,3.178546159363615e+28
2010,ETH,Ethiopia,Nekemte,4.913227529343123e+28
2010,ETH,Ethiopia,Asella,2.6522364534429343e+28
2010,ETH,Ethiopia,Wolaita Sodo,2.767612271150414e+28
2010,ETH,Ethiopia,Jijiga,3.3322150516380305e+28
2010,GAB,Gabon,Libreville,2.429733738911378e+28
2010,GAB,Gabon,Port-Gentil,2.1954399617811505e+28
2010,GAB,Gabon,Franceville,4.252748689999841e+28
2010,GAB,Gabon,Oyem,2.285331394056865e+28
2010,GAB,Gabon,Moanda,3.5521342898943574e+28
2010,GAB,Gabon,Lambarene,3.483545806431056e+28
2010,GAB,Gabon,Mouila,3.9373443902408977e+28
2010,GAB,Gabon,Koulamoutou,2.758035284667304e+28
2010,GAB,Gabon,Tchibanga,3.540035156259555e+28
2010,GAB,Gabon,Makokou,2.466145195343437e+28
2010,GAB,Gabon,Bitam,1.666072420311188e+28
2010,GAB,Gabon,Ndende,2.8375465072415847e+28
2010,GHA,Ghana,Accra,4.584542596466039e+28
2010,GHA,Ghana,Kumasi,3.6661226344599546e+28
2010,GHA,Ghana,Tamale,7.239246064148865e+28
2010,GHA,Ghana,Sekondi-Takoradi,2.236019516731958e+28
2010,GHA,Ghana,Sunyani,4.116808023962961e+28
2010,GHA,Ghana,Cape Coast,2.6866091939077366e+28
2010,GHA,Ghana,Koforidua,2.7436203125302246e+28
2010,GHA,Ghana,Ho,4.588046588600117e+28
2010,GHA,Ghana,Tema,4.584542596466039e+28
2010,GHA,Ghana,Obuasi,2.7323760239637264e+28
2010,GHA,Ghana,Bolgatanga,6.891898442919875e+28
2010,GHA,Ghana,Wa,4.751098881669026e+28
2010,GHA,Ghana,Techiman,5.141242166880645e+28
2010,GHA,Ghana,Tarkwa,2.102261358979651e+28
2010,GHA,Ghana,Sefwi Wiawso,1.6856165146492861e+28
2010,GHA,Ghana,Nkawkaw,4.08492416792722e+28
2010,GHA,Ghana,Dunkwa-on-Offin,2.525203803769126e+28
2010,GHA,Ghana,Yendi,4.948171257233992e+28
2010,KEN,Kenya,Nairobi,5.380257688004115e+28
2010,KEN,Kenya,Mombasa,3.6483980215405756e+28
2010,KEN,Kenya,Kisumu,3.113669828375313e+28
2010,KEN,Kenya,Nakuru,2.504506981950827e+28
2010,KEN,Kenya,Eldoret,1.146748064906976e+28
2010,KEN,Kenya,Thika,4.515348419603081e+28
2010,KEN,Kenya,Malindi,2.7943506719906247e+28
2010,KEN,Kenya,Kitale,2.1493877093232827e+28
2010,KEN,Kenya,Garissa,2.9452361379872007e+28
2010,KEN,Kenya,Nyeri,3.651324751799653e+28
2010,KEN,Kenya,Machakos,2.698429579665961e+28
2010,KEN,Kenya,Meru,3.063413952786339e+28
2010,KEN,Kenya,Kericho,3.6220056279941013e+28
2010,KEN,Kenya,Naivasha,3.8546107059085633e+28
2010,KEN,Kenya,Embu,4.291383702773372e+28
2010,KEN,Kenya,Lodwar,3.1666434155535777e+28
2010,KEN,Kenya,Isiolo,3.2714225032718267e+28
2010,KEN,Kenya,Wajir,1.9384200660257815e+28
2010,LSO,Lesotho,Maseru,5.980741982536353e+28
2010,LSO,Lesotho,Teyateyaneng,3.971863584335664e+28
2010,LSO,Lesotho,Mafeteng,5.452244382113008e+28
2010,LBR,Liberia,Monrovia,2.4754052348282273e+28
2010,LBR,Liberia,Gbarnga,1.7445398950441294e+28
2010,LBR,Liberia,Buchanan,2.0069534597957173e+28
2010,LBR,Liberia,Harper,3.2650460590413196e+28
2010,LBR,Liberia,Voinjama,2.6941529982349734e+28
2010,LBR,Liberia,Zwedru,2.2448048373294306e+28
2010,LBR,Liberia,Kakata,2.4789352391911844e+28
2010,LBR,Liberia,Greenville,2.019007124602896e+28
2010,LBR,Liberia,Tubmanburg,2.251564267104154e+28
2010,LBR,Liberia,Ganta,3.1582496922500526e+28
2010,LBR,Liberia,Robertsport,1.484790308334e+28
2010,LBR,Liberia,Fish Town,1.913808038699357e+28
2010,MDG,Madagascar,Antananarivo,2.8434161300824733e+28
2010,MDG,Madagascar,Toamasina,4.323059545988886e+28
2010,MDG,Madagascar,Antsirabe,4.689145850872247e+28
2010,MDG,Madagascar,Mahajanga,3.669915718538075e+28
2010,MDG,Madagascar,Fianarantsoa,4.801320345064714e+28
2010,MDG,Madagascar,Toliara,3.3669863818774104e+28
2010,MDG,Madagascar,Antsiranana,2.6016412010561584e+28
2010,MDG,Madagascar,Morondava,4.754099291589483e+28
2010,MDG,Madagascar,Sambava,2.9817745430612367e+28
2010,MDG,Madagascar,Ambatondrazaka,4.426787723451924e+28
2010,MDG,Madagascar,Farafangana,3.654561133726793e+28
2010,MDG,Madagascar,Mananjary,3.662223959515207e+28
2010,MDG,Madagascar,Manakara,3.5827713150200387e+28
2010,MDG,Madagascar,Antalaha,2.1582891759622843e+28
2010,MDG,Madagascar,Hell-Ville,2.813591641229875e+28
2010,MDG,Madagascar,Marovoay,5.105731596387125e+28
2010,MDG,Madagascar,Ambanja,3.1007831015090455e+28
2010,MWI,Malawi,Lilongwe,2.913301342359751e+28
2010,MWI,Malawi,Blantyre,4.298151546909619e+28
2010,MWI,Malawi,Mzuzu,4.051580534438389e+28
2010,MWI,Malawi,Zomba,5.36237318664263e+28
2010,MWI,Malawi,Karonga,4.982673490557536e+28
2010,MWI,Malawi,Mangochi,5.829996628444256e+28
2010,MWI,Malawi,Salima,4.5494325483839e+28
2010,MLI,Mali,Bamako,3.65647490513466e+28
2010,MLI,Mali,Sikasso,4.514746563074386e+28
2010,MLI,Mali,Mopti,2.482289643528117e+28
2010,MLI,Mali,Koutiala,4.009381725170482e+28
2010,MLI,Mali,Kayes,6.12857634375783e+28
2010,MLI,Mali,Segou,2.7815658740240766e+28
2010,MRT,Mauritania,Nouakchott,4.111371812292398e+28
2010,MRT,Mauritania,Nouadhibou,2.264347403596888e+28
2010,MRT,Mauritania,Rosso,2.644122074252263e+28
2010,MRT,Mauritania,Zouerate,1.7483722261765949e+28
2010,MRT,Mauritania,Atar,2.528511350230846e+28
2010,MRT,Mauritania,Kaedi,2.943210396022226e+28
2010,MOZ,Mozambique,Maputo,1.3663629658249686e+29
2010,MOZ,Mozambique,Matola,1.6091567175978538e+29
2010,MOZ,Mozambique,Beira,5.342191981558401e+28
2010,MOZ,Mozambique,Nampula,6.889526065108071e+28
2010,MOZ,Mozambique,Chimoio,7.653384208017563e+28
2010,MOZ,Mozambique,Nacala,4.200566869224563e+28
2010,MOZ,Mozambique,Quelimane,6.263509772305137e+28
2010,MOZ,Mozambique,Tete,6.232298606303429e+28
2010,MOZ,Mozambique,Pemba,3.3280822535067173e+28
2010,MOZ,Mozambique,Lichinga,3.779749194344523e+28
2010,MOZ,Mozambique,Xai-Xai,7.14592607926591e+28
2010,MOZ,Mozambique,Maxixe,3.7932899364435254e+28
2010,NGA,Nigeria,Lagos,6.881579005658047e+28
2010,NGA,Nigeria,Abuja,6.711974705179953e+28
2010,NGA,Nigeria,Kano,4.503636930833656e+28
2010,NGA,Nigeria,Ibadan,6.237734563740421e+28
2010,NGA,Nigeria,Port Harcourt,5.416462775851623e+28
2010,NGA,Nigeria,Benin City,5.428880419657286e+28
2010,NGA,Nigeria,Onitsha,6.512274808285394e+28
2010,NGA,Nigeria,Aba,5.07588053580012e+28
2010,NGA,Nigeria,Kaduna,6.286707682794458e+28
2010,NGA,Nigeria,Enugu,4.796519546378475e+28
2010,NGA,Nigeria,Ilorin,4.561132298778945e+28
2010,NGA,Nigeria,Warri,2.9537955736967466e+28
2010,NGA,Nigeria,Maiduguri,5.591914096051779e+28
2010,NGA,Nigeria,Zaria,5.8973003447475915e+28
2010,NGA,Nigeria,Sokoto,4.7456705935134745e+28
2010,NGA,Nigeria,Uyo,4.553809141561898e+28
2010,NGA,Nigeria,Jos,5.307792737643804e+28
2010,NGA,Nigeria,Calabar,4.275932548653577e+28
2010,ZAF,South Africa,Johannesburg,4.520239522012063e+29
2010,ZAF,South Africa,Cape Town,7.137465561489758e+28
2010,ZAF,South Africa,Durban,9.70077616022918e+28
2010,ZAF,South Africa,Pretoria,2.4313303801163685e+29
2010,ZAF,South Africa,Port Elizabeth,5.642905994107458e+28
2010,ZAF,South Africa,Bloemfontein,7.557523247876349e+28
2010,ZAF,South Africa,East London,5.539068772260975e+28
2010,ZAF,South Africa,Soweto,2.6685799832737785e+29
2010,ZAF,South Africa,Pietermaritzburg,1.2457568856662736e+29
2010,ZAF,South Africa,Polokwane,1.051152683828001e+29
2010,ZAF,South Africa,Rustenburg,1.1935511273642317e+29
2010,ZMB,Zambia,Lusaka,5.549807344380441e+28
2010,ZMB,Zambia,Kitwe,7.187253009325513e+28
2010,ZMB,Zambia,Ndola,6.62364423846482e+28
2010,ZMB,Zambia,Kabwe,5.9239238741462345e+28
2010,ZMB,Zambia,Chingola,7.194087612099758e+28
2010,ZMB,Zambia,Livingstone,6.017166686239061e+28
2010,ZMB,Zambia,Solwezi,7.740930785679576e+28
2010,ZMB,Zambia,Mufulira,4.517610674485905e+28
2010,ZMB,Zambia,Luanshya,6.866207209987923e+28
2010,ZWE,Zimbabwe,Harare,6.322895622562433e+28
2010,ZWE,Zimbabwe,Bulawayo,4.645460163075127e+28
2010,ZWE,Zimbabwe,Chitungwiza,4.197783979958814e+28
2010,ZWE,Zimbabwe,Mutare,5.237293421280086e+28
2010,ZWE,Zimbabwe,Gweru,5.428189579086576e+28
2010,ZWE,Zimbabwe,Kwekwe,5.707272587256203e+28
2010,ZWE,Zimbabwe,Masvingo,4.4085088148353135e+28
2010,ZWE,Zimbabwe,Chinhoyi,7.0008017939484375e+28
2010,ZWE,Zimbabwe,Kadoma,6.050673534654815e+28
2010,ZWE,Zimbabwe,Victoria Falls,6.017166686239061e+28
2010,ZWE,Zimbabwe,Redcliff,5.572870654063512e+28
2010,ZWE,Zimbabwe,Norton,7.189276960683236e+28
2010,ZWE,Zimbabwe,Hwange,3.428091290383176e+28
2010,ZWE,Zimbabwe,Chegutu,6.550818937349013e+28
2010,COM,Comoros,Moroni,1.3121532350746304e+28
2010,COM,Comoros,Mutsamudu,1.7129499507512234e+28
2010,COM,Comoros,Fomboni,1.145607054830106e+28
2010,ERI,Eritrea,Asmara,4.279406309822472e+28
2010,ERI,Eritrea,Keren,4.073524810069211e+28
2010,ERI,Eritrea,Massawa,4.307840906485925e+28
2010,GNQ,Equatorial Guinea,Malabo,2.394978918649476e+28
2010,GNQ,Equatorial Guinea,Bata,2.073016003991461e+28
2010,GNQ,Equatorial Guinea,Ebibeyin,2.5214248880956573e+28
2010,GMB,Gambia,Banjul,4.5588572531714145e+28
2010,GMB,Gambia,Serekunda,4.5588572531714145e+28
2010,GMB,Gambia,Brikama,4.5588572531714145e+28
2010,GIN,Guinea,Conakry,3.697761245989734e+28
2010,GIN,Guinea,Kankan,5.969422984243767e+28
2010,GIN,Guinea,Kindia,4.237451348762879e+28
2010,GIN,Guinea,Nzérékoré,2.334965020914634e+28
2010,GIN,Guinea,Labe,3.8090213553036776e+28
2010,GIN,Guinea,Fria,4.18835275109581e+28
2010,GNB,Guinea-Bissau,Bissau,3.4341342195959836e+28
2010,GNB,Guinea-Bissau,Bafatá,4.226621079727614e+28
2010,GNB,Guinea-Bissau,Gabú,4.995966234984179e+28
2010,NAM,Namibia,Windhoek,3.370310372385723e+28
2010,NAM,Namibia,Walvis Bay,2.5753743034070745e+28
2010,NAM,Namibia,Swakopmund,4.024495107777897e+28
2010,NAM,Namibia,Rundu,7.749431865882517e+28
2010,NAM,Namibia,Oshakati,5.104524441754813e+28
2010,NAM,Namibia,Otjiwarongo,3.5487315890067225e+28
2010,NER,Niger,Niamey,3.141857426254716e+28
2010,NER,Niger,Zinder,2.759902413151341e+28
2010,NER,Niger,Maradi,2.8403185771490673e+28
2010,NER,Niger,Agadez,1.6000850196037451e+28
2010,NER,Niger,Tahoua,3.4391656533532386e+28
2010,RWA,Rwanda,Kigali,4.324721142446289e+28
2010,RWA,Rwanda,Huye,2.3509675838284036e+28
2010,RWA,Rwanda,Rubavu,2.5320323277810714e+28
2010,RWA,Rwanda,Musanze,2.429617384289617e+28
2010,RWA,Rwanda,Rusizi,3.6058436357732094e+28
2010,STP,Sao Tome and Principe,São Tomé,2.0894111730748653e+28
2010,STP,Sao Tome and Principe,Santo António,2.0412726248103987e+28
2010,STP,Sao Tome and Principe,Neves,2.0894111730748653e+28
2010,SEN,Senegal,Ziguinchor,4.053644020395277e+28
2010,SEN,Senegal,Tambacounda,5.951057463880981e+28
2010,SEN,Senegal,Dakar,5.210603057873617e+28
2010,SEN,Senegal,Thiès,4.8207961125244565e+28
2010,SEN,Senegal,Saint-Louis,2.5924403566062814e+28
2010,SEN,Senegal,Kaolack,5.050297367940111e+28
2010,SLE,Sierra Leone,Freetown,2.944353673437044e+28
2010,SLE,Sierra Leone,Bo,1.7571563368555763e+28
2010,SLE,Sierra Leone,Kenema,2.8946267962712126e+28
2010,SLE,Sierra Leone,Makeni,4.150338544941397e+28
2010,SOM,Somalia,Mogadishu,2.569269893215679e+28
2010,SOM,Somalia,Hargeisa,3.3696114666064476e+28
2010,SOM,Somalia,Bosaso,2.427935822029244e+28
2010,SOM,Somalia,Kismayo,1.9490251522986428e+28
2010,SOM,Somalia,Baidoa,3.1356800584011714e+28
2010,SSD,South Sudan,Juba,8.333772584589731e+28
2010,SSD,South Sudan,Wau,4.022177775404805e+28
2010,SSD,South Sudan,Malakal,5.89569613842313e+28
2010,SSD,South Sudan,Bor,5.568419347905895e+28
2010,SDN,Sudan,Khartoum,4.941272247602724e+28
2010,SDN,Sudan,Omdurman,6.738604642317644e+28
2010,SDN,Sudan,Port Sudan,4.6238934151574935e+28
2010,SDN,Sudan,Nyala,4.189264817854337e+28
2010,SDN,Sudan,Ed Damer,5.558986490824849e+28
2010,SDN,Sudan,El Obeid,4.226525642235458e+28
2010,SDN,Sudan,Kassala,5.174253406512631e+28
2010,SDN,Sudan,Wad Madani,5.400736071188455e+28
2010,SDN,Sudan,Kosti,5.558071047470305e+28
2010,SDN,Sudan,Rabak,3.7822084602370316e+28
2010,SDN,Sudan,El Obeid,4.226525642235458e+28
2010,SDN,Sudan,Sennar,5.439987875866984e+28
2010,TZA,Tanzania,Dar es Salaam,4.909061661748641e+28
2010,TZA,Tanzania,Dodoma,2.769980269188881e+28
2010,TZA,Tanzania,Mwanza,3.98360289368461e+28
2010,TZA,Tanzania,Arusha,3.615590786081074e+28
2010,TZA,Tanzania,Zanzibar City,3.5398365516338615e+28
2010,TZA,Tanzania,Mbeya,4.105004419041221e+28
2010,TZA,Tanzania,Tabora,4.797567241681109e+28
2010,TGO,Togo,Lomé,4.620110633163138e+28
2010,TGO,Togo,Sokodé,7.150444294360299e+28
2010,TGO,Togo,Kara,7.0883380110689725e+28
2010,TGO,Togo,Atakpamé,6.364885476737577e+28
2010,UGA,Uganda,Kampala,6.1345146848869335e+28
2010,UGA,Uganda,Entebbe,6.2719572555350854e+28
2010,UGA,Uganda,Jinja,5.350555323197165e+28
2010,UGA,Uganda,Mbarara,4.8811842691418215e+28
2010,UGA,Uganda,Gulu,7.47404027477131e+28
2010,UGA,Uganda,Fort Portal,4.177403226647183e+28
2011,AGO,Angola,Luanda,5.099975316650783e+28
2011,AGO,Angola,Benguela,5.196628826684525e+28
2011,AGO,Angola,Lobito,5.589437542784335e+28
2011,AGO,Angola,Huambo,5.980414370502902e+28
2011,AGO,Angola,Lubango,2.122359644627511e+28
2011,AGO,Angola,Cabinda,5.580054580898657e+28
2011,AGO,Angola,Malanje,1.0369013381744187e+29
2011,AGO,Angola,Namibe,3.562096856562719e+28
2011,AGO,Angola,Sumbe,5.466789751346781e+28
2011,AGO,Angola,Uige,6.901594440612003e+28
2011,AGO,Angola,Soyo,4.4942032161782495e+28
2011,BEN,Benin,Bohicon,5.703328149677313e+28
2011,BEN,Benin,Abomey,3.8124477619578508e+28
2011,BEN,Benin,Ouidah,4.783557683937174e+28
2011,BEN,Benin,Kandi,6.654263507644835e+28
2011,BEN,Benin,Natitingou,6.8230343384288495e+28
2011,BEN,Benin,Save,4.143370201089178e+28
2011,BEN,Benin,Savalou,6.346974588776886e+28
2011,BEN,Benin,Comé,4.754883060098185e+28
2011,BEN,Benin,Allada,5.482391050456002e+28
2011,BEN,Benin,Dogbo,5.598024610997452e+28
2011,BEN,Benin,Lokossa,5.696437850948022e+28
2011,BEN,Benin,Tchaourou,5.660684060931044e+28
2011,BEN,Benin,Malanville,5.957481514408456e+28
2011,BEN,Benin,Tanguiéta,7.198190569208554e+28
2011,BEN,Benin,Bassila,3.872317377843701e+28
2011,BEN,Benin,Pobe,5.998954345056987e+28
2011,BEN,Benin,Ketou,5.897730138210604e+28
2011,BWA,Botswana,Gaborone,7.255733802026433e+28
2011,BWA,Botswana,Francistown,3.256552198099444e+28
2011,BWA,Botswana,Maun,4.675810814922553e+28
2011,BWA,Botswana,Serowe,5.8415118530206185e+28
2011,BWA,Botswana,Kanye,6.339771358516794e+28
2011,BWA,Botswana,Molepolole,4.289660497039149e+28
2011,BWA,Botswana,Mochudi,7.719760543850697e+28
2011,BWA,Botswana,Selebi-Phikwe,3.231066584494932e+28
2011,BWA,Botswana,Palapye,5.608086406462642e+28
2011,BWA,Botswana,Lobatse,6.627587483345115e+28
2011,BWA,Botswana,Ramotswa,7.242678123509935e+28
2011,BWA,Botswana,Letlhakane,5.63690226609675e+28
2011,BWA,Botswana,Orapa,5.49209592575675e+28
2011,BWA,Botswana,Kasane,6.217246580458645e+28
2011,BWA,Botswana,Ghanzi,4.484214266216045e+28
2011,BWA,Botswana,Jwaneng,5.434479467323761e+28
2011,BWA,Botswana,Tsabong,4.478889816290276e+28
2011,BWA,Botswana,Shoshong,4.044785240064252e+28
2011,BFA,Burkina Faso,Ouagadougou,5.185585820479048e+28
2011,BFA,Burkina Faso,Bobo-Dioulasso,4.987366982215174e+28
2011,BFA,Burkina Faso,Koudougou,3.403224320148978e+28
2011,BFA,Burkina Faso,Banfora,5.007672010133235e+28
2011,BFA,Burkina Faso,Ouahigouya,4.253825834899546e+28
2011,BFA,Burkina Faso,Kaya,4.465216856760235e+28
2011,BFA,Burkina Faso,Tenkodogo,5.012176651992696e+28
2011,BFA,Burkina Faso,Fada N'Gourma,5.158338560953284e+28
2011,BFA,Burkina Faso,Dedougou,5.166607607039497e+28
2011,BFA,Burkina Faso,Dori,4.4461019565454975e+28
2011,BFA,Burkina Faso,Gaoua,6.0266815068142825e+28
2011,BFA,Burkina Faso,Kongoussi,4.2752827612136375e+28
2011,BFA,Burkina Faso,Manga,5.1969971504836285e+28
2011,BFA,Burkina Faso,Reo,4.928929943343303e+28
2011,BFA,Burkina Faso,Ziniare,4.658264112083497e+28
2011,BFA,Burkina Faso,Hounde,3.5410205600289276e+28
2011,BFA,Burkina Faso,Po,5.913731591970393e+28
2011,BFA,Burkina Faso,Leo,6.491755629977483e+28
2011,BDI,Burundi,Bujumbura,4.236866264702945e+28
2011,BDI,Burundi,Gitega,3.8563257022346145e+28
2011,BDI,Burundi,Ngozi,3.305395580912194e+28
2011,BDI,Burundi,Rumonge,5.364601934275564e+28
2011,BDI,Burundi,Bururi,5.0719954620959265e+28
2011,BDI,Burundi,Muyinga,4.546399542177768e+28
2011,BDI,Burundi,Ruyigi,3.015323430230165e+28
2011,BDI,Burundi,Makamba,5.211378125871951e+28
2011,BDI,Burundi,Kayanza,3.38940528812715e+28
2011,BDI,Burundi,Muramvya,3.921752271754298e+28
2011,BDI,Burundi,Cibitoke,4.330835167405629e+28
2011,BDI,Burundi,Karuzi,3.9458478537329065e+28
2011,BDI,Burundi,Kirundo,3.4359170322606916e+28
2011,BDI,Burundi,Mwaro,2.6230488139635966e+28
2011,BDI,Burundi,Nyanza-Lac,5.189512282805509e+28
2011,CMR,Cameroon,Douala,3.020596370460987e+28
2011,CMR,Cameroon,Yaounde,1.7508848952914944e+28
2011,CMR,Cameroon,Garoua,5.625611977757784e+28
2011,CMR,Cameroon,Bamenda,4.179066262471342e+28
2011,CMR,Cameroon,Maroua,5.192731674240256e+28
2011,CMR,Cameroon,Ngaoundere,5.1566072067042465e+28
2011,CMR,Cameroon,Bafoussam,4.412629001378889e+28
2011,CMR,Cameroon,Bertoua,3.651046880061399e+28
2011,CMR,Cameroon,Ebolowa,2.851253815796607e+28
2011,CMR,Cameroon,Kribi,2.11857908768471e+28
2011,CMR,Cameroon,Limbe,3.881336815988104e+28
2011,CMR,Cameroon,Kumba,4.0439440973288906e+28
2011,CMR,Cameroon,Nkongsamba,3.9442489720564714e+28
2011,CMR,Cameroon,Edea,2.7835094430235166e+28
2011,CMR,Cameroon,Sangmelima,2.2242138205088348e+28
2011,CMR,Cameroon,Foumban,4.508346629185163e+28
2011,CMR,Cameroon,Dschang,4.3315877667660385e+28
2011,CMR,Cameroon,Kousseri,5.351369826502952e+28
2011,CAF,Central African Republic,Bangui,6.083968230607865e+28
2011,CAF,Central African Republic,Bimbo,3.5523735964733615e+28
2011,CAF,Central African Republic,Berberati,3.0743134573250418e+28
2011,CAF,Central African Republic,Bambari,4.744363718190109e+28
2011,CAF,Central African Republic,Bouar,5.8066673201386145e+28
2011,CAF,Central African Republic,Bossangoa,4.014369218106434e+28
2011,CAF,Central African Republic,Bria,5.698311512631422e+28
2011,CAF,Central African Republic,Bangassou,2.86431019141705e+28
2011,CAF,Central African Republic,Kaga-Bandoro,4.2178558194468435e+28
2011,CAF,Central African Republic,Mbaiki,2.5036559086476947e+28
2011,CAF,Central African Republic,Bozoum,5.306464784051603e+28
2011,CAF,Central African Republic,Carnot,7.972741915477184e+28
2011,CAF,Central African Republic,Sibut,5.574765197717979e+28
2011,CAF,Central African Republic,Alindao,7.037514770483878e+28
2011,CAF,Central African Republic,Mobaye,5.605878620484373e+28
2011,CAF,Central African Republic,Nola,2.446362875302068e+28
2011,TCD,Chad,N'Djamena,5.351369826502952e+28
2011,TCD,Chad,Moundou,5.937638640012393e+28
2011,TCD,Chad,Sarh,5.886642138559597e+28
2011,TCD,Chad,Abeche,3.757675190412066e+28
2011,TCD,Chad,Kelo,5.606747386624943e+28
2011,TCD,Chad,Koumra,5.963555050282084e+28
2011,TCD,Chad,Pala,5.894587811785651e+28
2011,TCD,Chad,Am Timan,4.650154497656731e+28
2011,TCD,Chad,Bongor,5.0910106563884956e+28
2011,TCD,Chad,Mongo,3.6434596172170577e+28
2011,TCD,Chad,Faya-Largeau,2.117497757281611e+28
2011,TCD,Chad,Doba,5.858437677669091e+28
2011,TCD,Chad,Ati,4.096371185362496e+28
2011,TCD,Chad,Biltine,3.312643690276153e+28
2011,TCD,Chad,Mao,3.892269950860424e+28
2011,TCD,Chad,Massakory,3.47059377486438e+28
2011,COD,DR Congo,Kinshasa,8.62154553938505e+28
2011,COD,DR Congo,Lubumbashi,7.347524173334605e+28
2011,COD,DR Congo,Mbuji-Mayi,8.959383936692046e+28
2011,COD,DR Congo,Kisangani,2.580623975278748e+28
2011,COD,DR Congo,Goma,3.88620016082487e+28
2011,COD,DR Congo,Bukavu,2.11807749322252e+28
2011,COD,DR Congo,Kananga,8.826746342196836e+28
2011,COD,DR Congo,Kolwezi,9.133093764906005e+28
2011,COD,DR Congo,Tshikapa,1.176893028840557e+29
2011,COD,DR Congo,Matadi,6.2841674917031565e+28
2011,COD,DR Congo,Boma,6.3809046819521524e+28
2011,COD,DR Congo,Uvira,4.18370161883324e+28
2011,COD,DR Congo,Kindu,4.586124757878958e+28
2011,COD,DR Congo,Kalemie,6.2216343733358375e+28
2011,COD,DR Congo,Likasi,7.548523264212492e+28
2011,COD,DR Congo,Kikwit,9.920654097480085e+28
2011,COD,DR Congo,Gemena,2.7775942085946176e+28
2011,COD,DR Congo,Isiro,3.4310762123387698e+28
2011,COG,Congo Republic,Brazzaville,3.813191698449322e+28
2011,COG,Congo Republic,Pointe-Noire,5.450519997424252e+28
2011,COG,Congo Republic,Dolisie,6.314746769455161e+28
2011,COG,Congo Republic,Nkayi,7.800298265211513e+28
2011,COG,Congo Republic,Owando,3.404196664318737e+28
2011,COG,Congo Republic,Ouesso,2.1129580985153806e+28
2011,COG,Congo Republic,Impfondo,2.094661533726452e+28
2011,COG,Congo Republic,Sibiti,6.166692778631186e+28
2011,COG,Congo Republic,Madingou,8.044930927498008e+28
2011,COG,Congo Republic,Kinkala,5.2516557589309325e+28
2011,COG,Congo Republic,Mossendjo,4.31209313854443e+28
2011,COG,Congo Republic,Gamboma,6.729451668256878e+28
2011,COG,Congo Republic,Djambala,3.792139314999587e+28
2011,CIV,Cote d'Ivoire,Abidjan,2.7065127904351133e+28
2011,CIV,Cote d'Ivoire,Yamoussoukro,3.648659139169801e+28
2011,CIV,Cote d'Ivoire,Bouake,4.32660886619741e+28
2011,CIV,Cote d'Ivoire,Daloa,2.7023078337655594e+28
2011,CIV,Cote d'Ivoire,San-Pedro,2.5642339513140072e+28
2011,CIV,Cote d'Ivoire,Korhogo,4.307139009371243e+28
2011,CIV,Cote d'Ivoire,Man,3.2027574959458213e+28
2011,CIV,Cote d'Ivoire,Gagnoa,2.897001337242441e+28
2011,CIV,Cote d'Ivoire,Abengourou,2.140454800717271e+28
2011,CIV,Cote d'Ivoire,Bondoukou,5.036206868675854e+28
2011,CIV,Cote d'Ivoire,Divo,3.022837764032451e+28
2011,CIV,Cote d'Ivoire,Odienne,3.64139641750863e+28
2011,CIV,Cote d'Ivoire,Ferkessedougou,4.780198783618237e+28
2011,CIV,Cote d'Ivoire,Soubre,2.396453911333219e+28
2011,CIV,Cote d'Ivoire,Sassandra,3.169552615441472e+28
2011,CIV,Cote d'Ivoire,Agboville,2.9734786737619187e+28
2011,CIV,Cote d'Ivoire,Grand-Bassam,3.3706432056635394e+28
2011,CIV,Cote d'Ivoire,Dabou,4.205526712892043e+28
2011,ETH,Ethiopia,Addis Ababa,3.0422538261404416e+28
2011,ETH,Ethiopia,Dire Dawa,3.6542706000633064e+28
2011,ETH,Ethiopia,Mekelle,2.558987780486569e+28
2011,ETH,Ethiopia,Bahir Dar,3.5450691393189616e+28
2011,ETH,Ethiopia,Hawassa,2.594742445132588e+28
2011,ETH,Ethiopia,Adama,3.165504555635113e+28
2011,ETH,Ethiopia,Gondar,4.62368412913843e+28
2011,ETH,Ethiopia,Jimma,3.694109835982769e+28
2011,ETH,Ethiopia,Dessie,3.091419815929198e+28
2011,ETH,Ethiopia,Shashamane,2.5519229040898563e+28
2011,ETH,Ethiopia,Harar,3.564031084050445e+28
2011,ETH,Ethiopia,Arba Minch,3.3826717478450935e+28
2011,ETH,Ethiopia,Debre Markos,5.994629482389986e+28
2011,ETH,Ethiopia,Debre Birhan,3.1985841373525408e+28
2011,ETH,Ethiopia,Nekemte,5.033774942329726e+28
2011,ETH,Ethiopia,Asella,2.386207913746756e+28
2011,ETH,Ethiopia,Wolaita Sodo,2.6673236834292318e+28
2011,ETH,Ethiopia,Jijiga,3.2349303888243705e+28
2011,GAB,Gabon,Libreville,2.679560322591433e+28
2011,GAB,Gabon,Port-Gentil,2.267256908510588e+28
2011,GAB,Gabon,Franceville,4.023644009750862e+28
2011,GAB,Gabon,Oyem,2.48718811376015e+28
2011,GAB,Gabon,Moanda,3.1780145364061054e+28
2011,GAB,Gabon,Lambarene,3.6717216415243007e+28
2011,GAB,Gabon,Mouila,3.788794251879731e+28
2011,GAB,Gabon,Koulamoutou,2.6357547688538912e+28
2011,GAB,Gabon,Tchibanga,3.2854934251938708e+28
2011,GAB,Gabon,Makokou,2.779565136368242e+28
2011,GAB,Gabon,Bitam,1.5976902140339528e+28
2011,GAB,Gabon,Ndende,3.0936567755518027e+28
2011,GHA,Ghana,Accra,5.164271733639169e+28
2011,GHA,Ghana,Kumasi,3.834109443255967e+28
2011,GHA,Ghana,Tamale,7.475278555060257e+28
2011,GHA,Ghana,Sekondi-Takoradi,2.3165679412952723e+28
2011,GHA,Ghana,Sunyani,3.8880599919775144e+28
2011,GHA,Ghana,Cape Coast,2.5526683450496833e+28
2011,GHA,Ghana,Koforidua,2.946191227443263e+28
2011,GHA,Ghana,Ho,5.210174255049947e+28
2011,GHA,Ghana,Tema,5.164271733639169e+28
2011,GHA,Ghana,Obuasi,2.840951964688781e+28
2011,GHA,Ghana,Bolgatanga,6.384722936107785e+28
2011,GHA,Ghana,Wa,4.631514001619971e+28
2011,GHA,Ghana,Techiman,5.617837130957404e+28
2011,GHA,Ghana,Tarkwa,2.012151099078037e+28
2011,GHA,Ghana,Sefwi Wiawso,1.769855283882873e+28
2011,GHA,Ghana,Nkawkaw,4.942474741562583e+28
2011,GHA,Ghana,Dunkwa-on-Offin,2.5274411017514054e+28
2011,GHA,Ghana,Yendi,4.896087765123546e+28
2011,KEN,Kenya,Nairobi,5.391987853266296e+28
2011,KEN,Kenya,Mombasa,4.386916313935138e+28
2011,KEN,Kenya,Kisumu,3.172816950771907e+28
2011,KEN,Kenya,Nakuru,2.792406437636744e+28
2011,KEN,Kenya,Eldoret,1.4845938440369573e+28
2011,KEN,Kenya,Thika,4.86907033415323e+28
2011,KEN,Kenya,Malindi,3.112120371671804e+28
2011,KEN,Kenya,Kitale,2.2783652707284248e+28
2011,KEN,Kenya,Garissa,2.948408108224937e+28
2011,KEN,Kenya,Nyeri,3.663353434484249e+28
2011,KEN,Kenya,Machakos,2.499060011739581e+28
2011,KEN,Kenya,Meru,3.416781666633433e+28
2011,KEN,Kenya,Kericho,2.9673005686686027e+28
2011,KEN,Kenya,Naivasha,4.675145647502917e+28
2011,KEN,Kenya,Embu,5.0040614337466285e+28
2011,KEN,Kenya,Lodwar,3.384912412037559e+28
2011,KEN,Kenya,Isiolo,3.234049914891604e+28
2011,KEN,Kenya,Wajir,1.9392633754722203e+28
2011,LSO,Lesotho,Maseru,5.771081153786889e+28
2011,LSO,Lesotho,Teyateyaneng,3.6172672304059826e+28
2011,LSO,Lesotho,Mafeteng,4.867046710146565e+28
2011,LBR,Liberia,Monrovia,2.568545642365639e+28
2011,LBR,Liberia,Gbarnga,2.2341650629405476e+28
2011,LBR,Liberia,Buchanan,2.2701784093307097e+28
2011,LBR,Liberia,Harper,3.4470841306919167e+28
2011,LBR,Liberia,Voinjama,2.520942579550789e+28
2011,LBR,Liberia,Zwedru,2.2592029783897274e+28
2011,LBR,Liberia,Kakata,2.7119543674859268e+28
2011,LBR,Liberia,Greenville,1.818098969116194e+28
2011,LBR,Liberia,Tubmanburg,2.2700001713187885e+28
2011,LBR,Liberia,Ganta,3.211638701577853e+28
2011,LBR,Liberia,Robertsport,1.4956694903536523e+28
2011,LBR,Liberia,Fish Town,1.8778809724859421e+28
2011,MDG,Madagascar,Antananarivo,3.263428758154378e+28
2011,MDG,Madagascar,Toamasina,4.351051131325185e+28
2011,MDG,Madagascar,Antsirabe,4.893844869596625e+28
2011,MDG,Madagascar,Mahajanga,3.95472559262694e+28
2011,MDG,Madagascar,Fianarantsoa,5.062325808155594e+28
2011,MDG,Madagascar,Toliara,3.4916131403089514e+28
2011,MDG,Madagascar,Antsiranana,2.466177350214196e+28
2011,MDG,Madagascar,Morondava,5.2624291240005805e+28
2011,MDG,Madagascar,Sambava,2.6834344631694123e+28
2011,MDG,Madagascar,Ambatondrazaka,4.6918440996457504e+28
2011,MDG,Madagascar,Farafangana,4.0140938469639245e+28
2011,MDG,Madagascar,Mananjary,3.984618960152942e+28
2011,MDG,Madagascar,Manakara,4.455962441059483e+28
2011,MDG,Madagascar,Antalaha,2.168711965295154e+28
2011,MDG,Madagascar,Hell-Ville,2.5212431369966207e+28
2011,MDG,Madagascar,Marovoay,5.332787160664277e+28
2011,MDG,Madagascar,Ambanja,2.8584802680720523e+28
2011,MWI,Malawi,Lilongwe,3.0755265098804105e+28
2011,MWI,Malawi,Blantyre,4.126981680544649e+28
2011,MWI,Malawi,Mzuzu,4.146614335617887e+28
2011,MWI,Malawi,Zomba,5.729213763483571e+28
2011,MWI,Malawi,Karonga,4.7695939080004555e+28
2011,MWI,Malawi,Mangochi,5.602872233559195e+28
2011,MWI,Malawi,Salima,4.6261977093681784e+28
2011,MLI,Mali,Bamako,4.373940142849315e+28
2011,MLI,Mali,Sikasso,5.299259222961108e+28
2011,MLI,Mali,Mopti,2.5880376340537107e+28
2011,MLI,Mali,Koutiala,4.806354179609375e+28
2011,MLI,Mali,Kayes,6.2345636324948e+28
2011,MLI,Mali,Segou,2.910872519597775e+28
2011,MRT,Mauritania,Nouakchott,3.8096934103183658e+28
2011,MRT,Mauritania,Nouadhibou,2.118853626879176e+28
2011,MRT,Mauritania,Rosso,2.681785640319749e+28
2011,MRT,Mauritania,Zouerate,1.7834331312006074e+28
2011,MRT,Mauritania,Atar,2.4075040932507134e+28
2011,MRT,Mauritania,Kaedi,3.0609969058571483e+28
2011,MOZ,Mozambique,Maputo,1.5324241568584186e+29
2011,MOZ,Mozambique,Matola,1.778024492726782e+29
2011,MOZ,Mozambique,Beira,6.599842701900187e+28
2011,MOZ,Mozambique,Nampula,6.9108901252938245e+28
2011,MOZ,Mozambique,Chimoio,6.756695798742729e+28
2011,MOZ,Mozambique,Nacala,3.82735520026613e+28
2011,MOZ,Mozambique,Quelimane,6.892430973036671e+28
2011,MOZ,Mozambique,Tete,5.7055229738739285e+28
2011,MOZ,Mozambique,Pemba,3.179124354407952e+28
2011,MOZ,Mozambique,Lichinga,3.380620131882e+28
2011,MOZ,Mozambique,Xai-Xai,8.33900043417997e+28
2011,MOZ,Mozambique,Maxixe,4.455441001068388e+28
2011,NGA,Nigeria,Lagos,7.473100377297478e+28
2011,NGA,Nigeria,Abuja,7.0225264127789946e+28
2011,NGA,Nigeria,Kano,4.314909106261028e+28
2011,NGA,Nigeria,Ibadan,6.412209123729337e+28
2011,NGA,Nigeria,Port Harcourt,5.821969643537952e+28
2011,NGA,Nigeria,Benin City,5.704252126882255e+28
2011,NGA,Nigeria,Onitsha,6.402700683118218e+28
2011,NGA,Nigeria,Aba,5.06436358316865e+28
2011,NGA,Nigeria,Kaduna,6.93665869823666e+28
2011,NGA,Nigeria,Enugu,4.838285068565628e+28
2011,NGA,Nigeria,Ilorin,4.627757261426285e+28
2011,NGA,Nigeria,Warri,3.238554433028587e+28
2011,NGA,Nigeria,Maiduguri,5.593700526111827e+28
2011,NGA,Nigeria,Zaria,6.18957592865036e+28
2011,NGA,Nigeria,Sokoto,5.242752463473087e+28
2011,NGA,Nigeria,Uyo,4.377201806461236e+28
2011,NGA,Nigeria,Jos,5.2825829580728414e+28
2011,NGA,Nigeria,Calabar,4.3347971769876355e+28
2011,ZAF,South Africa,Johannesburg,4.221916046181964e+29
2011,ZAF,South Africa,Cape Town,7.958263825509738e+28
2011,ZAF,South Africa,Durban,8.528758589007303e+28
2011,ZAF,South Africa,Pretoria,2.2024017554556926e+29
2011,ZAF,South Africa,Port Elizabeth,5.0823396364175e+28
2011,ZAF,South Africa,Bloemfontein,6.995943566590266e+28
2011,ZAF,South Africa,East London,4.336151916034648e+28
2011,ZAF,South Africa,Soweto,2.4354038474484284e+29
2011,ZAF,South Africa,Pietermaritzburg,1.1313173205819691e+29
2011,ZAF,South Africa,Polokwane,8.760571956311792e+28
2011,ZAF,South Africa,Rustenburg,1.0062522813906361e+29
2011,ZMB,Zambia,Lusaka,6.065929153502457e+28
2011,ZMB,Zambia,Kitwe,7.3407772272191545e+28
2011,ZMB,Zambia,Ndola,6.971115192943621e+28
2011,ZMB,Zambia,Kabwe,6.106728247982756e+28
2011,ZMB,Zambia,Chingola,7.138472096862381e+28
2011,ZMB,Zambia,Livingstone,6.1189188242335645e+28
2011,ZMB,Zambia,Solwezi,7.790555826012869e+28
2011,ZMB,Zambia,Mufulira,4.568001194957021e+28
2011,ZMB,Zambia,Luanshya,7.205764075857031e+28
2011,ZWE,Zimbabwe,Harare,6.667152381198036e+28
2011,ZWE,Zimbabwe,Bulawayo,4.891283819549223e+28
2011,ZWE,Zimbabwe,Chitungwiza,4.4315047212613045e+28
2011,ZWE,Zimbabwe,Mutare,5.098648033985826e+28
2011,ZWE,Zimbabwe,Gweru,5.637142884632588e+28
2011,ZWE,Zimbabwe,Kwekwe,6.016107121538736e+28
2011,ZWE,Zimbabwe,Masvingo,4.558128095611512e+28
2011,ZWE,Zimbabwe,Chinhoyi,6.835942158285651e+28
2011,ZWE,Zimbabwe,Kadoma,6.336428011189266e+28
2011,ZWE,Zimbabwe,Victoria Falls,6.1189188242335645e+28
2011,ZWE,Zimbabwe,Redcliff,5.777590523770475e+28
2011,ZWE,Zimbabwe,Norton,7.056701135667496e+28
2011,ZWE,Zimbabwe,Hwange,4.0443552070212425e+28
2011,ZWE,Zimbabwe,Chegutu,6.412209481389594e+28
2011,COM,Comoros,Moroni,1.1769076612988808e+28
2011,COM,Comoros,Mutsamudu,1.8993949349847871e+28
2011,COM,Comoros,Fomboni,1.330783981371079e+28
2011,ERI,Eritrea,Asmara,4.440881603408253e+28
2011,ERI,Eritrea,Keren,4.132055158841745e+28
2011,ERI,Eritrea,Massawa,4.44155546030698e+28
2011,GNQ,Equatorial Guinea,Malabo,2.447648462494045e+28
2011,GNQ,Equatorial Guinea,Bata,1.6346073692816165e+28
2011,GNQ,Equatorial Guinea,Ebibeyin,2.3745278849687872e+28
2011,GMB,Gambia,Banjul,4.421062757434279e+28
2011,GMB,Gambia,Serekunda,4.421062757434279e+28
2011,GMB,Gambia,Brikama,4.421062757434279e+28
2011,GIN,Guinea,Conakry,4.077721457411904e+28
2011,GIN,Guinea,Kankan,6.165985177691996e+28
2011,GIN,Guinea,Kindia,4.943228890906792e+28
2011,GIN,Guinea,Nzérékoré,2.2490043853556537e+28
2011,GIN,Guinea,Labe,4.146878618444241e+28
2011,GIN,Guinea,Fria,5.152942608930868e+28
2011,GNB,Guinea-Bissau,Bissau,3.780324296587911e+28
2011,GNB,Guinea-Bissau,Bafatá,4.894887511843799e+28
2011,GNB,Guinea-Bissau,Gabú,5.661094058825822e+28
2011,NAM,Namibia,Windhoek,2.9682469716228243e+28
2011,NAM,Namibia,Walvis Bay,2.4375717446319358e+28
2011,NAM,Namibia,Swakopmund,3.7551535496283312e+28
2011,NAM,Namibia,Rundu,8.11058588761514e+28
2011,NAM,Namibia,Oshakati,4.4074498941307735e+28
2011,NAM,Namibia,Otjiwarongo,3.68776120089982e+28
2011,NER,Niger,Niamey,3.3942036535352275e+28
2011,NER,Niger,Zinder,2.73112765928367e+28
2011,NER,Niger,Maradi,2.9769439773751614e+28
2011,NER,Niger,Agadez,1.7680738234869135e+28
2011,NER,Niger,Tahoua,3.569637400172112e+28
2011,RWA,Rwanda,Kigali,4.185391011207194e+28
2011,RWA,Rwanda,Huye,1.82622492594068e+28
2011,RWA,Rwanda,Rubavu,2.6625146492231423e+28
2011,RWA,Rwanda,Musanze,2.2449773228434447e+28
2011,RWA,Rwanda,Rusizi,3.002066935538213e+28
2011,STP,Sao Tome and Principe,São Tomé,2.0996137943667852e+28
2011,STP,Sao Tome and Principe,Santo António,1.859289902874994e+28
2011,STP,Sao Tome and Principe,Neves,2.0996137943667852e+28
2011,SEN,Senegal,Ziguinchor,4.291854483864382e+28
2011,SEN,Senegal,Tambacounda,5.971020782545758e+28
2011,SEN,Senegal,Dakar,5.719048319816123e+28
2011,SEN,Senegal,Thiès,5.127850198357633e+28
2011,SEN,Senegal,Saint-Louis,2.662660032458006e+28
2011,SEN,Senegal,Kaolack,5.293346683810495e+28
2011,SLE,Sierra Leone,Freetown,3.1047507906275668e+28
2011,SLE,Sierra Leone,Bo,1.9594792998109463e+28
2011,SLE,Sierra Leone,Kenema,2.627257556111726e+28
2011,SLE,Sierra Leone,Makeni,4.587436873669605e+28
2011,SOM,Somalia,Mogadishu,2.674523025566952e+28
2011,SOM,Somalia,Hargeisa,3.5043448007845756e+28
2011,SOM,Somalia,Bosaso,2.57205547719153e+28
2011,SOM,Somalia,Kismayo,2.0535097318624443e+28
2011,SOM,Somalia,Baidoa,2.858655556683421e+28
2011,SSD,South Sudan,Juba,8.53733779969741e+28
2011,SSD,South Sudan,Wau,3.3260916095382694e+28
2011,SSD,South Sudan,Malakal,6.019329064772463e+28
2011,SSD,South Sudan,Bor,7.971158575439253e+28
2011,SDN,Sudan,Khartoum,4.8053643401562e+28
2011,SDN,Sudan,Omdurman,6.483077339652482e+28
2011,SDN,Sudan,Port Sudan,4.386328853427137e+28
2011,SDN,Sudan,Nyala,3.983939208801826e+28
2011,SDN,Sudan,Ed Damer,5.66615947827592e+28
2011,SDN,Sudan,El Obeid,4.138380657031595e+28
2011,SDN,Sudan,Kassala,5.205196571678319e+28
2011,SDN,Sudan,Wad Madani,5.453708351068711e+28
2011,SDN,Sudan,Kosti,5.773158039198747e+28
2011,SDN,Sudan,Rabak,3.925127749149821e+28
2011,SDN,Sudan,El Obeid,4.138380657031595e+28
2011,SDN,Sudan,Sennar,5.032345351162228e+28
2011,TZA,Tanzania,Dar es Salaam,5.128544084394907e+28
2011,TZA,Tanzania,Dodoma,2.491326438231384e+28
2011,TZA,Tanzania,Mwanza,3.7830775867252607e+28
2011,TZA,Tanzania,Arusha,4.225333352382808e+28
2011,TZA,Tanzania,Zanzibar City,3.713960476190595e+28
2011,TZA,Tanzania,Mbeya,3.934209685450543e+28
2011,TZA,Tanzania,Tabora,4.1325420631690545e+28
2011,TGO,Togo,Lomé,5.389659232451364e+28
2011,TGO,Togo,Sokodé,6.552333946274793e+28
2011,TGO,Togo,Kara,6.674574400392087e+28
2011,TGO,Togo,Atakpamé,6.380958070675543e+28
2011,UGA,Uganda,Kampala,6.186266924768923e+28
2011,UGA,Uganda,Entebbe,5.784266970512607e+28
2011,UGA,Uganda,Jinja,5.170436395623491e+28
2011,UGA,Uganda,Mbarara,4.0066413714217035e+28
2011,UGA,Uganda,Gulu,6.223482902420012e+28
2011,UGA,Uganda,Fort Portal,4.313958898416639e+28
2012,AGO,Angola,Luanda,5.046178502248505e+28
2012,AGO,Angola,Benguela,4.6323460610046406e+28
2012,AGO,Angola,Lobito,4.843630571803264e+28
2012,AGO,Angola,Huambo,5.347523017751471e+28
2012,AGO,Angola,Lubango,2.108888140689203e+28
2012,AGO,Angola,Cabinda,5.0931381210491e+28
2012,AGO,Angola,Malanje,9.697986111270975e+28
2012,AGO,Angola,Namibe,3.0862022561764273e+28
2012,AGO,Angola,Sumbe,4.4212527356717265e+28
2012,AGO,Angola,Uige,6.922839088673635e+28
2012,AGO,Angola,Soyo,4.441238558498579e+28
2012,BEN,Benin,Bohicon,5.6122897585683384e+28
2012,BEN,Benin,Abomey,3.679275574276768e+28
2012,BEN,Benin,Ouidah,4.999815120849772e+28
2012,BEN,Benin,Kandi,6.475793569944922e+28
2012,BEN,Benin,Natitingou,7.389909173213393e+28
2012,BEN,Benin,Save,4.657699868507027e+28
2012,BEN,Benin,Savalou,6.449671683934185e+28
2012,BEN,Benin,Comé,5.129021469576774e+28
2012,BEN,Benin,Allada,5.705514710344758e+28
2012,BEN,Benin,Dogbo,5.700373913880869e+28
2012,BEN,Benin,Lokossa,5.817111760295891e+28
2012,BEN,Benin,Tchaourou,6.011215599308979e+28
2012,BEN,Benin,Malanville,5.493571493672533e+28
2012,BEN,Benin,Tanguiéta,7.651744900859373e+28
2012,BEN,Benin,Bassila,4.1838153730845055e+28
2012,BEN,Benin,Pobe,6.257997949098121e+28
2012,BEN,Benin,Ketou,6.43954240655496e+28
2012,BWA,Botswana,Gaborone,6.914784217789218e+28
2012,BWA,Botswana,Francistown,3.2892443592094707e+28
2012,BWA,Botswana,Maun,4.663362238904823e+28
2012,BWA,Botswana,Serowe,5.478519630171764e+28
2012,BWA,Botswana,Kanye,6.235848985329957e+28
2012,BWA,Botswana,Molepolole,4.1389498235184876e+28
2012,BWA,Botswana,Mochudi,7.29334243964094e+28
2012,BWA,Botswana,Selebi-Phikwe,3.5185177198692063e+28
2012,BWA,Botswana,Palapye,5.5785827209343065e+28
2012,BWA,Botswana,Lobatse,6.505209804426532e+28
2012,BWA,Botswana,Ramotswa,6.868943260261182e+28
2012,BWA,Botswana,Letlhakane,5.515299178006115e+28
2012,BWA,Botswana,Orapa,5.451810989702286e+28
2012,BWA,Botswana,Kasane,5.488857102449439e+28
2012,BWA,Botswana,Ghanzi,4.476004537224206e+28
2012,BWA,Botswana,Jwaneng,5.668679324375311e+28
2012,BWA,Botswana,Tsabong,4.635039104837005e+28
2012,BWA,Botswana,Shoshong,3.9136671122433653e+28
2012,BFA,Burkina Faso,Ouagadougou,5.246631027799665e+28
2012,BFA,Burkina Faso,Bobo-Dioulasso,4.8083822670005735e+28
2012,BFA,Burkina Faso,Koudougou,3.14906333307484e+28
2012,BFA,Burkina Faso,Banfora,4.617201708537104e+28
2012,BFA,Burkina Faso,Ouahigouya,4.129153518903847e+28
2012,BFA,Burkina Faso,Kaya,3.965670208911545e+28
2012,BFA,Burkina Faso,Tenkodogo,4.641944562635148e+28
2012,BFA,Burkina Faso,Fada N'Gourma,4.85762890962925e+28
2012,BFA,Burkina Faso,Dedougou,4.540798792850305e+28
2012,BFA,Burkina Faso,Dori,4.278145665173593e+28
2012,BFA,Burkina Faso,Gaoua,5.706647140041722e+28
2012,BFA,Burkina Faso,Kongoussi,4.144287335849248e+28
2012,BFA,Burkina Faso,Manga,5.210331332288531e+28
2012,BFA,Burkina Faso,Reo,4.492633017620295e+28
2012,BFA,Burkina Faso,Ziniare,4.718625614436041e+28
2012,BFA,Burkina Faso,Hounde,2.9826437544358236e+28
2012,BFA,Burkina Faso,Po,6.172181884293061e+28
2012,BFA,Burkina Faso,Leo,5.954126395836799e+28
2012,BDI,Burundi,Bujumbura,4.375396291946362e+28
2012,BDI,Burundi,Gitega,4.283532534616922e+28
2012,BDI,Burundi,Ngozi,3.9403424625634647e+28
2012,BDI,Burundi,Rumonge,5.414837858365136e+28
2012,BDI,Burundi,Bururi,5.175049746227636e+28
2012,BDI,Burundi,Muyinga,4.889723546202163e+28
2012,BDI,Burundi,Ruyigi,3.454343832214879e+28
2012,BDI,Burundi,Makamba,5.702644487736508e+28
2012,BDI,Burundi,Kayanza,4.022687416402378e+28
2012,BDI,Burundi,Muramvya,4.135026081705755e+28
2012,BDI,Burundi,Cibitoke,4.76736821557267e+28
2012,BDI,Burundi,Karuzi,4.670843877379252e+28
2012,BDI,Burundi,Kirundo,4.066583538117167e+28
2012,BDI,Burundi,Mwaro,2.686690375925833e+28
2012,BDI,Burundi,Nyanza-Lac,5.836902766767481e+28
2012,CMR,Cameroon,Douala,3.4941710078839505e+28
2012,CMR,Cameroon,Yaounde,1.9167739560722253e+28
2012,CMR,Cameroon,Garoua,6.186575492864723e+28
2012,CMR,Cameroon,Bamenda,4.5891360594379625e+28
2012,CMR,Cameroon,Maroua,5.614512858709897e+28
2012,CMR,Cameroon,Ngaoundere,4.861958168997786e+28
2012,CMR,Cameroon,Bafoussam,4.325484475655228e+28
2012,CMR,Cameroon,Bertoua,3.7516541758478887e+28
2012,CMR,Cameroon,Ebolowa,2.497313549669815e+28
2012,CMR,Cameroon,Kribi,2.1075465287444275e+28
2012,CMR,Cameroon,Limbe,4.280888313914975e+28
2012,CMR,Cameroon,Kumba,3.98527890880921e+28
2012,CMR,Cameroon,Nkongsamba,4.250450372619719e+28
2012,CMR,Cameroon,Edea,3.0587564675786635e+28
2012,CMR,Cameroon,Sangmelima,2.3028698923582206e+28
2012,CMR,Cameroon,Foumban,4.418463697221146e+28
2012,CMR,Cameroon,Dschang,4.05325778063556e+28
2012,CMR,Cameroon,Kousseri,6.028391478711767e+28
2012,CAF,Central African Republic,Bangui,6.011090984476043e+28
2012,CAF,Central African Republic,Bimbo,3.490505727654642e+28
2012,CAF,Central African Republic,Berberati,3.497483080731323e+28
2012,CAF,Central African Republic,Bambari,4.559365288614511e+28
2012,CAF,Central African Republic,Bouar,6.690858039022569e+28
2012,CAF,Central African Republic,Bossangoa,4.821164678503115e+28
2012,CAF,Central African Republic,Bria,5.960999606233671e+28
2012,CAF,Central African Republic,Bangassou,2.6540285970457435e+28
2012,CAF,Central African Republic,Kaga-Bandoro,4.976900704280497e+28
2012,CAF,Central African Republic,Mbaiki,2.3578416311446173e+28
2012,CAF,Central African Republic,Bozoum,6.221360228640884e+28
2012,CAF,Central African Republic,Carnot,8.682770201300918e+28
2012,CAF,Central African Republic,Sibut,6.129687786757242e+28
2012,CAF,Central African Republic,Alindao,6.573114634462574e+28
2012,CAF,Central African Republic,Mobaye,5.146382282227735e+28
2012,CAF,Central African Republic,Nola,2.7314040844494234e+28
2012,TCD,Chad,N'Djamena,6.028391478711767e+28
2012,TCD,Chad,Moundou,6.349276321448582e+28
2012,TCD,Chad,Sarh,6.086703170416119e+28
2012,TCD,Chad,Abeche,3.889891544937832e+28
2012,TCD,Chad,Kelo,5.999474729520984e+28
2012,TCD,Chad,Koumra,6.80332593470651e+28
2012,TCD,Chad,Pala,5.916113466547413e+28
2012,TCD,Chad,Am Timan,4.654563521533022e+28
2012,TCD,Chad,Bongor,5.490014478748609e+28
2012,TCD,Chad,Mongo,3.996805215628451e+28
2012,TCD,Chad,Faya-Largeau,2.301632031563488e+28
2012,TCD,Chad,Doba,6.213248292733112e+28
2012,TCD,Chad,Ati,4.635200994689521e+28
2012,TCD,Chad,Biltine,3.3759035524289886e+28
2012,TCD,Chad,Mao,4.111634715771835e+28
2012,TCD,Chad,Massakory,3.513601185040396e+28
2012,COD,DR Congo,Kinshasa,9.059064318108551e+28
2012,COD,DR Congo,Lubumbashi,7.282064481931629e+28
2012,COD,DR Congo,Mbuji-Mayi,9.39831988488767e+28
2012,COD,DR Congo,Kisangani,3.0698206234209175e+28
2012,COD,DR Congo,Goma,4.717407565689076e+28
2012,COD,DR Congo,Bukavu,2.404996318614994e+28
2012,COD,DR Congo,Kananga,8.574436078311246e+28
2012,COD,DR Congo,Kolwezi,8.16734593228944e+28
2012,COD,DR Congo,Tshikapa,1.2559957524081207e+29
2012,COD,DR Congo,Matadi,5.870150956238086e+28
2012,COD,DR Congo,Boma,6.013153086759476e+28
2012,COD,DR Congo,Uvira,4.681490527282322e+28
2012,COD,DR Congo,Kindu,5.114646263625718e+28
2012,COD,DR Congo,Kalemie,6.496541127208873e+28
2012,COD,DR Congo,Likasi,7.464609057955294e+28
2012,COD,DR Congo,Kikwit,9.637194282422296e+28
2012,COD,DR Congo,Gemena,2.6007991644255217e+28
2012,COD,DR Congo,Isiro,3.1985856161368844e+28
2012,COG,Congo Republic,Brazzaville,4.148225863136526e+28
2012,COG,Congo Republic,Pointe-Noire,5.414892579799946e+28
2012,COG,Congo Republic,Dolisie,6.493222012390307e+28
2012,COG,Congo Republic,Nkayi,7.989385451875195e+28
2012,COG,Congo Republic,Owando,3.9555275568815197e+28
2012,COG,Congo Republic,Ouesso,2.2037446284481615e+28
2012,COG,Congo Republic,Impfondo,2.263606429203826e+28
2012,COG,Congo Republic,Sibiti,6.767228772954773e+28
2012,COG,Congo Republic,Madingou,8.09356666263612e+28
2012,COG,Congo Republic,Kinkala,5.497278421490777e+28
2012,COG,Congo Republic,Mossendjo,4.352602200669841e+28
2012,COG,Congo Republic,Gamboma,7.60565538987554e+28
2012,COG,Congo Republic,Djambala,4.583992629263066e+28
2012,CIV,Cote d'Ivoire,Abidjan,2.925417935114827e+28
2012,CIV,Cote d'Ivoire,Yamoussoukro,3.574502369742976e+28
2012,CIV,Cote d'Ivoire,Bouake,3.9821661466533006e+28
2012,CIV,Cote d'Ivoire,Daloa,3.01251844189002e+28
2012,CIV,Cote d'Ivoire,San-Pedro,2.8016427468329503e+28
2012,CIV,Cote d'Ivoire,Korhogo,4.071393644470347e+28
2012,CIV,Cote d'Ivoire,Man,3.358706857434511e+28
2012,CIV,Cote d'Ivoire,Gagnoa,2.9714152511583797e+28
2012,CIV,Cote d'Ivoire,Abengourou,2.122019013456566e+28
2012,CIV,Cote d'Ivoire,Bondoukou,4.119170698082923e+28
2012,CIV,Cote d'Ivoire,Divo,3.183279848678752e+28
2012,CIV,Cote d'Ivoire,Odienne,3.5133161150716584e+28
2012,CIV,Cote d'Ivoire,Ferkessedougou,4.665146048732065e+28
2012,CIV,Cote d'Ivoire,Soubre,2.5238230327204933e+28
2012,CIV,Cote d'Ivoire,Sassandra,3.5301085112931232e+28
2012,CIV,Cote d'Ivoire,Agboville,2.939812898201286e+28
2012,CIV,Cote d'Ivoire,Grand-Bassam,3.748485013378411e+28
2012,CIV,Cote d'Ivoire,Dabou,4.265320458071794e+28
2012,ETH,Ethiopia,Addis Ababa,2.793235521044801e+28
2012,ETH,Ethiopia,Dire Dawa,3.6148172959421084e+28
2012,ETH,Ethiopia,Mekelle,2.511811325041951e+28
2012,ETH,Ethiopia,Bahir Dar,4.073223004635349e+28
2012,ETH,Ethiopia,Hawassa,2.828082859513725e+28
2012,ETH,Ethiopia,Adama,3.0271598712934934e+28
2012,ETH,Ethiopia,Gondar,4.969028506292784e+28
2012,ETH,Ethiopia,Jimma,3.7214151382528237e+28
2012,ETH,Ethiopia,Dessie,2.947001200841705e+28
2012,ETH,Ethiopia,Shashamane,2.504593699631749e+28
2012,ETH,Ethiopia,Harar,3.66101860308408e+28
2012,ETH,Ethiopia,Arba Minch,3.471552640558988e+28
2012,ETH,Ethiopia,Debre Markos,5.699280842146395e+28
2012,ETH,Ethiopia,Debre Birhan,3.17826078017755e+28
2012,ETH,Ethiopia,Nekemte,4.80838504465274e+28
2012,ETH,Ethiopia,Asella,2.395410135750366e+28
2012,ETH,Ethiopia,Wolaita Sodo,2.831479191290233e+28
2012,ETH,Ethiopia,Jijiga,3.55760676598133e+28
2012,GAB,Gabon,Libreville,2.5067807631270814e+28
2012,GAB,Gabon,Port-Gentil,2.497094591923909e+28
2012,GAB,Gabon,Franceville,4.1373579734886385e+28
2012,GAB,Gabon,Oyem,2.7571581106089605e+28
2012,GAB,Gabon,Moanda,3.3247084366510856e+28
2012,GAB,Gabon,Lambarene,3.6834005673373924e+28
2012,GAB,Gabon,Mouila,3.973983528435916e+28
2012,GAB,Gabon,Koulamoutou,3.0813163833643336e+28
2012,GAB,Gabon,Tchibanga,3.0067873353988242e+28
2012,GAB,Gabon,Makokou,2.8385985741018704e+28
2012,GAB,Gabon,Bitam,1.701638866412827e+28
2012,GAB,Gabon,Ndende,2.8510942032806847e+28
2012,GHA,Ghana,Accra,5.19309276010284e+28
2012,GHA,Ghana,Kumasi,4.2850371966492416e+28
2012,GHA,Ghana,Tamale,7.219846678117576e+28
2012,GHA,Ghana,Sekondi-Takoradi,2.4054876005381625e+28
2012,GHA,Ghana,Sunyani,4.136635855652754e+28
2012,GHA,Ghana,Cape Coast,2.6675674602149615e+28
2012,GHA,Ghana,Koforidua,3.5379079650258767e+28
2012,GHA,Ghana,Ho,5.439130877046795e+28
2012,GHA,Ghana,Tema,5.19309276010284e+28
2012,GHA,Ghana,Obuasi,3.3955749409448777e+28
2012,GHA,Ghana,Bolgatanga,6.487810069851465e+28
2012,GHA,Ghana,Wa,4.567685321660691e+28
2012,GHA,Ghana,Techiman,5.1737856107855395e+28
2012,GHA,Ghana,Tarkwa,2.196934113385118e+28
2012,GHA,Ghana,Sefwi Wiawso,1.888773311080268e+28
2012,GHA,Ghana,Nkawkaw,4.965687870798913e+28
2012,GHA,Ghana,Dunkwa-on-Offin,3.032425604922021e+28
2012,GHA,Ghana,Yendi,4.846149585920467e+28
2012,KEN,Kenya,Nairobi,5.5805139631005195e+28
2012,KEN,Kenya,Mombasa,4.101031188298195e+28
2012,KEN,Kenya,Kisumu,3.519523490432136e+28
2012,KEN,Kenya,Nakuru,3.3659898066476856e+28
2012,KEN,Kenya,Eldoret,1.723143930534539e+28
2012,KEN,Kenya,Thika,4.357222568678849e+28
2012,KEN,Kenya,Malindi,2.806438889937437e+28
2012,KEN,Kenya,Kitale,2.3606020545554185e+28
2012,KEN,Kenya,Garissa,3.3113157239831177e+28
2012,KEN,Kenya,Nyeri,3.8359544764323645e+28
2012,KEN,Kenya,Machakos,2.480785359860529e+28
2012,KEN,Kenya,Meru,3.4047507150702302e+28
2012,KEN,Kenya,Kericho,4.047773025696523e+28
2012,KEN,Kenya,Naivasha,4.6626665557330175e+28
2012,KEN,Kenya,Embu,4.3410455615199905e+28
2012,KEN,Kenya,Lodwar,3.2419872019288576e+28
2012,KEN,Kenya,Isiolo,3.449312274974095e+28
2012,KEN,Kenya,Wajir,2.2516242624345995e+28
2012,LSO,Lesotho,Maseru,6.449352354884355e+28
2012,LSO,Lesotho,Teyateyaneng,4.146513059967052e+28
2012,LSO,Lesotho,Mafeteng,5.520040329704963e+28
2012,LBR,Liberia,Monrovia,2.789881730135742e+28
2012,LBR,Liberia,Gbarnga,1.974253996037983e+28
2012,LBR,Liberia,Buchanan,2.0965034545605957e+28
2012,LBR,Liberia,Harper,3.4825236134849916e+28
2012,LBR,Liberia,Voinjama,3.0877396704757804e+28
2012,LBR,Liberia,Zwedru,2.1521830621150433e+28
2012,LBR,Liberia,Kakata,2.789198609403349e+28
2012,LBR,Liberia,Greenville,1.8215939749295267e+28
2012,LBR,Liberia,Tubmanburg,2.6588904571762114e+28
2012,LBR,Liberia,Ganta,3.0196595946306575e+28
2012,LBR,Liberia,Robertsport,1.6653891602868575e+28
2012,LBR,Liberia,Fish Town,1.987557055453427e+28
2012,MDG,Madagascar,Antananarivo,3.0079815201297844e+28
2012,MDG,Madagascar,Toamasina,3.997320256269363e+28
2012,MDG,Madagascar,Antsirabe,5.298848817440615e+28
2012,MDG,Madagascar,Mahajanga,3.6621728789460507e+28
2012,MDG,Madagascar,Fianarantsoa,5.428969407690048e+28
2012,MDG,Madagascar,Toliara,4.088997552327137e+28
2012,MDG,Madagascar,Antsiranana,2.665164122543275e+28
2012,MDG,Madagascar,Morondava,4.845510650303703e+28
2012,MDG,Madagascar,Sambava,2.9572895530159055e+28
2012,MDG,Madagascar,Ambatondrazaka,4.366201035736103e+28
2012,MDG,Madagascar,Farafangana,3.8391443512104233e+28
2012,MDG,Madagascar,Mananjary,3.842096762933882e+28
2012,MDG,Madagascar,Manakara,3.538942875976348e+28
2012,MDG,Madagascar,Antalaha,2.115626000889514e+28
2012,MDG,Madagascar,Hell-Ville,2.259391648479176e+28
2012,MDG,Madagascar,Marovoay,5.163714175818024e+28
2012,MDG,Madagascar,Ambanja,2.678451870266242e+28
2012,MWI,Malawi,Lilongwe,2.3786669665522266e+28
2012,MWI,Malawi,Blantyre,3.9498233823357623e+28
2012,MWI,Malawi,Mzuzu,4.1800891555748275e+28
2012,MWI,Malawi,Zomba,5.377252088892866e+28
2012,MWI,Malawi,Karonga,4.607139284124444e+28
2012,MWI,Malawi,Mangochi,4.97997853485775e+28
2012,MWI,Malawi,Salima,3.5483682030394216e+28
2012,MLI,Mali,Bamako,3.6085914283781422e+28
2012,MLI,Mali,Sikasso,4.879520170677984e+28
2012,MLI,Mali,Mopti,2.69940895372411e+28
2012,MLI,Mali,Koutiala,3.8963674542695144e+28
2012,MLI,Mali,Kayes,5.741843917142131e+28
2012,MLI,Mali,Segou,2.8528617569971986e+28
2012,MRT,Mauritania,Nouakchott,3.726716607362929e+28
2012,MRT,Mauritania,Nouadhibou,2.456173768678998e+28
2012,MRT,Mauritania,Rosso,2.562980324241586e+28
2012,MRT,Mauritania,Zouerate,1.9498207373481292e+28
2012,MRT,Mauritania,Atar,2.503722961702165e+28
2012,MRT,Mauritania,Kaedi,2.779132335616758e+28
2012,MOZ,Mozambique,Maputo,1.355959148207817e+29
2012,MOZ,Mozambique,Matola,1.5171803839097337e+29
2012,MOZ,Mozambique,Beira,6.389820513751047e+28
2012,MOZ,Mozambique,Nampula,5.836696487793902e+28
2012,MOZ,Mozambique,Chimoio,7.3817516968381955e+28
2012,MOZ,Mozambique,Nacala,3.369321530287567e+28
2012,MOZ,Mozambique,Quelimane,6.401664553887922e+28
2012,MOZ,Mozambique,Tete,5.1646818962894e+28
2012,MOZ,Mozambique,Pemba,3.1105354620270867e+28
2012,MOZ,Mozambique,Lichinga,3.2533411281095444e+28
2012,MOZ,Mozambique,Xai-Xai,8.037838415241783e+28
2012,MOZ,Mozambique,Maxixe,4.171277500410853e+28
2012,NGA,Nigeria,Lagos,7.6499398735513045e+28
2012,NGA,Nigeria,Abuja,6.958405332166687e+28
2012,NGA,Nigeria,Kano,4.604945709884958e+28
2012,NGA,Nigeria,Ibadan,6.832450225868952e+28
2012,NGA,Nigeria,Port Harcourt,5.804671058841993e+28
2012,NGA,Nigeria,Benin City,5.579922930324393e+28
2012,NGA,Nigeria,Onitsha,6.8677277432083045e+28
2012,NGA,Nigeria,Aba,5.41510430402965e+28
2012,NGA,Nigeria,Kaduna,6.9957932368414055e+28
2012,NGA,Nigeria,Enugu,5.011894628261239e+28
2012,NGA,Nigeria,Ilorin,5.331355394795047e+28
2012,NGA,Nigeria,Warri,3.2047664038094383e+28
2012,NGA,Nigeria,Maiduguri,5.691952020840108e+28
2012,NGA,Nigeria,Zaria,6.256099274039652e+28
2012,NGA,Nigeria,Sokoto,5.226668689045307e+28
2012,NGA,Nigeria,Uyo,5.000531735091549e+28
2012,NGA,Nigeria,Jos,5.936973010051154e+28
2012,NGA,Nigeria,Calabar,4.812564068723296e+28
2012,ZAF,South Africa,Johannesburg,3.566703137764171e+29
2012,ZAF,South Africa,Cape Town,6.817690572807895e+28
2012,ZAF,South Africa,Durban,8.735209456878488e+28
2012,ZAF,South Africa,Pretoria,1.865293104846908e+29
2012,ZAF,South Africa,Port Elizabeth,5.445623185455354e+28
2012,ZAF,South Africa,Bloemfontein,6.994275208007594e+28
2012,ZAF,South Africa,East London,5.252310887916213e+28
2012,ZAF,South Africa,Soweto,1.9936180300932734e+29
2012,ZAF,South Africa,Pietermaritzburg,1.0726786592246024e+29
2012,ZAF,South Africa,Polokwane,9.51255329761134e+28
2012,ZAF,South Africa,Rustenburg,7.8545794789750685e+28
2012,ZMB,Zambia,Lusaka,5.2993253318291325e+28
2012,ZMB,Zambia,Kitwe,6.931586619082497e+28
2012,ZMB,Zambia,Ndola,6.534750970977066e+28
2012,ZMB,Zambia,Kabwe,5.214377611072966e+28
2012,ZMB,Zambia,Chingola,6.6300386309763895e+28
2012,ZMB,Zambia,Livingstone,5.572360287367522e+28
2012,ZMB,Zambia,Solwezi,7.4500186383437005e+28
2012,ZMB,Zambia,Mufulira,4.358929686994422e+28
2012,ZMB,Zambia,Luanshya,6.725869467982356e+28
2012,ZWE,Zimbabwe,Harare,6.539305100540933e+28
2012,ZWE,Zimbabwe,Bulawayo,4.774177569577665e+28
2012,ZWE,Zimbabwe,Chitungwiza,4.25642354212936e+28
2012,ZWE,Zimbabwe,Mutare,5.561464228331713e+28
2012,ZWE,Zimbabwe,Gweru,5.073322831083249e+28
2012,ZWE,Zimbabwe,Kwekwe,5.732720604973042e+28
2012,ZWE,Zimbabwe,Masvingo,4.505927990695206e+28
2012,ZWE,Zimbabwe,Chinhoyi,6.66768448911928e+28
2012,ZWE,Zimbabwe,Kadoma,6.088636413050291e+28
2012,ZWE,Zimbabwe,Victoria Falls,5.572360287367522e+28
2012,ZWE,Zimbabwe,Redcliff,5.402078069175839e+28
2012,ZWE,Zimbabwe,Norton,7.28293334579574e+28
2012,ZWE,Zimbabwe,Hwange,3.3478823153546528e+28
2012,ZWE,Zimbabwe,Chegutu,6.53152987950213e+28
2012,COM,Comoros,Moroni,1.4681723277805036e+28
2012,COM,Comoros,Mutsamudu,2.0458000303916003e+28
2012,COM,Comoros,Fomboni,1.3406345428619744e+28
2012,ERI,Eritrea,Asmara,4.129937829408762e+28
2012,ERI,Eritrea,Keren,3.8634916749791805e+28
2012,ERI,Eritrea,Massawa,4.160673302885634e+28
2012,GNQ,Equatorial Guinea,Malabo,2.5198800892768697e+28
2012,GNQ,Equatorial Guinea,Bata,2.052708722079967e+28
2012,GNQ,Equatorial Guinea,Ebibeyin,2.527395581594332e+28
2012,GMB,Gambia,Banjul,4.091036540610836e+28
2012,GMB,Gambia,Serekunda,4.091036540610836e+28
2012,GMB,Gambia,Brikama,4.091036540610836e+28
2012,GIN,Guinea,Conakry,4.004475673704149e+28
2012,GIN,Guinea,Kankan,5.947897906777671e+28
2012,GIN,Guinea,Kindia,4.82035884659862e+28
2012,GIN,Guinea,Nzérékoré,2.4559581076830707e+28
2012,GIN,Guinea,Labe,3.293414364332316e+28
2012,GIN,Guinea,Fria,4.488801420636682e+28
2012,GNB,Guinea-Bissau,Bissau,3.7313490877544243e+28
2012,GNB,Guinea-Bissau,Bafatá,4.379514561312281e+28
2012,GNB,Guinea-Bissau,Gabú,4.688668660072287e+28
2012,NAM,Namibia,Windhoek,3.388727327989625e+28
2012,NAM,Namibia,Walvis Bay,2.4843164880383047e+28
2012,NAM,Namibia,Swakopmund,3.779687084596445e+28
2012,NAM,Namibia,Rundu,7.443337944965621e+28
2012,NAM,Namibia,Oshakati,4.70786006075693e+28
2012,NAM,Namibia,Otjiwarongo,3.7051495310976838e+28
2012,NER,Niger,Niamey,3.0947759547283844e+28
2012,NER,Niger,Zinder,2.9323106951604643e+28
2012,NER,Niger,Maradi,3.1821075035400023e+28
2012,NER,Niger,Agadez,1.9172912882974889e+28
2012,NER,Niger,Tahoua,3.8220422472960405e+28
2012,RWA,Rwanda,Kigali,4.569280548027338e+28
2012,RWA,Rwanda,Huye,2.2979120608137605e+28
2012,RWA,Rwanda,Rubavu,3.303433027747636e+28
2012,RWA,Rwanda,Musanze,2.5328578787392388e+28
2012,RWA,Rwanda,Rusizi,3.637553566382768e+28
2012,STP,Sao Tome and Principe,São Tomé,2.130126479665705e+28
2012,STP,Sao Tome and Principe,Santo António,2.4185736606708038e+28
2012,STP,Sao Tome and Principe,Neves,2.130126479665705e+28
2012,SEN,Senegal,Ziguinchor,3.973894393637647e+28
2012,SEN,Senegal,Tambacounda,4.848261913802953e+28
2012,SEN,Senegal,Dakar,5.932346919891673e+28
2012,SEN,Senegal,Thiès,4.859167529741449e+28
2012,SEN,Senegal,Saint-Louis,2.3285345715474847e+28
2012,SEN,Senegal,Kaolack,4.715098803962685e+28
2012,SLE,Sierra Leone,Freetown,3.443699594007967e+28
2012,SLE,Sierra Leone,Bo,2.5743663108128508e+28
2012,SLE,Sierra Leone,Kenema,3.137005358003932e+28
2012,SLE,Sierra Leone,Makeni,5.197402489012558e+28
2012,SOM,Somalia,Mogadishu,2.8554241574954945e+28
2012,SOM,Somalia,Hargeisa,3.806859917951991e+28
2012,SOM,Somalia,Bosaso,2.4765167510514864e+28
2012,SOM,Somalia,Kismayo,2.0548257455638435e+28
2012,SOM,Somalia,Baidoa,2.861031428045417e+28
2012,SSD,South Sudan,Juba,8.116472748084586e+28
2012,SSD,South Sudan,Wau,4.072114032768172e+28
2012,SSD,South Sudan,Malakal,6.594927220842821e+28
2012,SSD,South Sudan,Bor,7.877806197697384e+28
2012,SDN,Sudan,Khartoum,4.829782780341748e+28
2012,SDN,Sudan,Omdurman,6.598341678971367e+28
2012,SDN,Sudan,Port Sudan,4.3346754493780165e+28
2012,SDN,Sudan,Nyala,4.185266942141243e+28
2012,SDN,Sudan,Ed Damer,5.338679506239901e+28
2012,SDN,Sudan,El Obeid,4.066142853986302e+28
2012,SDN,Sudan,Kassala,4.778583487220083e+28
2012,SDN,Sudan,Wad Madani,5.2115276873976746e+28
2012,SDN,Sudan,Kosti,5.717609790830824e+28
2012,SDN,Sudan,Rabak,3.854801940010619e+28
2012,SDN,Sudan,El Obeid,4.066142853986302e+28
2012,SDN,Sudan,Sennar,5.075247249113927e+28
2012,TZA,Tanzania,Dar es Salaam,6.003023094234488e+28
2012,TZA,Tanzania,Dodoma,2.9292870568534755e+28
2012,TZA,Tanzania,Mwanza,3.980926352466811e+28
2012,TZA,Tanzania,Arusha,4.291956197400009e+28
2012,TZA,Tanzania,Zanzibar City,4.045831733589231e+28
2012,TZA,Tanzania,Mbeya,4.412331910000779e+28
2012,TZA,Tanzania,Tabora,5.001231338849567e+28
2012,TGO,Togo,Lomé,5.078707734090417e+28
2012,TGO,Togo,Sokodé,7.089534453176145e+28
2012,TGO,Togo,Kara,7.34643867073565e+28
2012,TGO,Togo,Atakpamé,6.709836541562823e+28
2012,UGA,Uganda,Kampala,6.052889966026217e+28
2012,UGA,Uganda,Entebbe,6.145038656189573e+28
2012,UGA,Uganda,Jinja,5.373633324442065e+28
2012,UGA,Uganda,Mbarara,4.7938631468884785e+28
2012,UGA,Uganda,Gulu,7.029319825081835e+28
2012,UGA,Uganda,Fort Portal,4.890753294578099e+28
2013,AGO,Angola,Luanda,5.992210684316778e+28
2013,AGO,Angola,Benguela,5.510272150439729e+28
2013,AGO,Angola,Lobito,6.086726797548645e+28
2013,AGO,Angola,Huambo,6.359483508770191e+28
2013,AGO,Angola,Lubango,2.890110587070703e+28
2013,AGO,Angola,Cabinda,5.446693326388641e+28
2013,AGO,Angola,Malanje,1.0856473795297808e+29
2013,AGO,Angola,Namibe,4.2079591197937765e+28
2013,AGO,Angola,Sumbe,5.539735012626599e+28
2013,AGO,Angola,Uige,7.277879890577308e+28
2013,AGO,Angola,Soyo,4.628181706883994e+28
2013,BEN,Benin,Bohicon,5.852604947671289e+28
2013,BEN,Benin,Abomey,3.976457945898931e+28
2013,BEN,Benin,Ouidah,5.143456274796405e+28
2013,BEN,Benin,Kandi,6.708666246761432e+28
2013,BEN,Benin,Natitingou,7.68979680098216e+28
2013,BEN,Benin,Save,4.525583498670834e+28
2013,BEN,Benin,Savalou,6.702094486575185e+28
2013,BEN,Benin,Comé,5.349767963498032e+28
2013,BEN,Benin,Allada,5.919509954471485e+28
2013,BEN,Benin,Dogbo,6.308923457920574e+28
2013,BEN,Benin,Lokossa,6.645175625240672e+28
2013,BEN,Benin,Tchaourou,6.1608050130594815e+28
2013,BEN,Benin,Malanville,6.12903075344597e+28
2013,BEN,Benin,Tanguiéta,7.951635516226371e+28
2013,BEN,Benin,Bassila,4.104865749480731e+28
2013,BEN,Benin,Pobe,6.3607198795929275e+28
2013,BEN,Benin,Ketou,6.700676306392795e+28
2013,BWA,Botswana,Gaborone,6.622675671260614e+28
2013,BWA,Botswana,Francistown,3.203553931568089e+28
2013,BWA,Botswana,Maun,4.949679516477557e+28
2013,BWA,Botswana,Serowe,5.0154562169427416e+28
2013,BWA,Botswana,Kanye,5.985531373918164e+28
2013,BWA,Botswana,Molepolole,4.039309732617652e+28
2013,BWA,Botswana,Mochudi,7.22745801240557e+28
2013,BWA,Botswana,Selebi-Phikwe,3.4378992623051544e+28
2013,BWA,Botswana,Palapye,4.919641649749861e+28
2013,BWA,Botswana,Lobatse,6.140257780158009e+28
2013,BWA,Botswana,Ramotswa,6.70617449466413e+28
2013,BWA,Botswana,Letlhakane,5.124350944428098e+28
2013,BWA,Botswana,Orapa,4.925258604939692e+28
2013,BWA,Botswana,Kasane,6.494461285556962e+28
2013,BWA,Botswana,Ghanzi,4.526341013413565e+28
2013,BWA,Botswana,Jwaneng,5.2164879577827e+28
2013,BWA,Botswana,Tsabong,4.503251768464643e+28
2013,BWA,Botswana,Shoshong,3.8454603126155277e+28
2013,BFA,Burkina Faso,Ouagadougou,5.576659589326154e+28
2013,BFA,Burkina Faso,Bobo-Dioulasso,4.590975221015524e+28
2013,BFA,Burkina Faso,Koudougou,3.273636062174266e+28
2013,BFA,Burkina Faso,Banfora,4.518965036773119e+28
2013,BFA,Burkina Faso,Ouahigouya,4.3704615130901295e+28
2013,BFA,Burkina Faso,Kaya,4.345306685140015e+28
2013,BFA,Burkina Faso,Tenkodogo,4.634029149418379e+28
2013,BFA,Burkina Faso,Fada N'Gourma,4.806605793863995e+28
2013,BFA,Burkina Faso,Dedougou,4.762281459293578e+28
2013,BFA,Burkina Faso,Dori,4.554952425130886e+28
2013,BFA,Burkina Faso,Gaoua,5.539661140989305e+28
2013,BFA,Burkina Faso,Kongoussi,4.542640012822684e+28
2013,BFA,Burkina Faso,Manga,5.367624628258507e+28
2013,BFA,Burkina Faso,Reo,4.705554173432191e+28
2013,BFA,Burkina Faso,Ziniare,5.09839682468268e+28
2013,BFA,Burkina Faso,Hounde,3.226860363049992e+28
2013,BFA,Burkina Faso,Po,6.179973932741593e+28
2013,BFA,Burkina Faso,Leo,5.65251359086183e+28
2013,BDI,Burundi,Bujumbura,3.745505880270127e+28
2013,BDI,Burundi,Gitega,3.2921310562598963e+28
2013,BDI,Burundi,Ngozi,2.9798124178622895e+28
2013,BDI,Burundi,Rumonge,5.134151527903852e+28
2013,BDI,Burundi,Bururi,4.619241765166368e+28
2013,BDI,Burundi,Muyinga,4.3400705386153265e+28
2013,BDI,Burundi,Ruyigi,2.828699769611444e+28
2013,BDI,Burundi,Makamba,4.935105612800083e+28
2013,BDI,Burundi,Kayanza,3.035132999319603e+28
2013,BDI,Burundi,Muramvya,3.3014728913005376e+28
2013,BDI,Burundi,Cibitoke,3.875343065300923e+28
2013,BDI,Burundi,Karuzi,3.7780238391001734e+28
2013,BDI,Burundi,Kirundo,3.368939263853574e+28
2013,BDI,Burundi,Mwaro,2.176487280358945e+28
2013,BDI,Burundi,Nyanza-Lac,5.143819846594704e+28
2013,CMR,Cameroon,Douala,3.1233602848764545e+28
2013,CMR,Cameroon,Yaounde,1.6899905722757494e+28
2013,CMR,Cameroon,Garoua,6.849164644535477e+28
2013,CMR,Cameroon,Bamenda,3.8592642796704365e+28
2013,CMR,Cameroon,Maroua,5.964414130240194e+28
2013,CMR,Cameroon,Ngaoundere,4.9910080888637245e+28
2013,CMR,Cameroon,Bafoussam,3.529022528206716e+28
2013,CMR,Cameroon,Bertoua,3.220993261494278e+28
2013,CMR,Cameroon,Ebolowa,2.1603561437518072e+28
2013,CMR,Cameroon,Kribi,1.9833848658881493e+28
2013,CMR,Cameroon,Limbe,3.4957922141721306e+28
2013,CMR,Cameroon,Kumba,3.5712400144700156e+28
2013,CMR,Cameroon,Nkongsamba,3.5655539980709194e+28
2013,CMR,Cameroon,Edea,2.8534733683856305e+28
2013,CMR,Cameroon,Sangmelima,2.2114689153768403e+28
2013,CMR,Cameroon,Foumban,3.8128621130077463e+28
2013,CMR,Cameroon,Dschang,3.46207070382012e+28
2013,CMR,Cameroon,Kousseri,6.400788334055104e+28
2013,CAF,Central African Republic,Bangui,5.353109419942459e+28
2013,CAF,Central African Republic,Bimbo,2.899449289561592e+28
2013,CAF,Central African Republic,Berberati,3.0328223130346867e+28
2013,CAF,Central African Republic,Bambari,4.691814680819186e+28
2013,CAF,Central African Republic,Bouar,6.033185831906528e+28
2013,CAF,Central African Republic,Bossangoa,5.082788809416027e+28
2013,CAF,Central African Republic,Bria,5.813814839301192e+28
2013,CAF,Central African Republic,Bangassou,2.701735962594153e+28
2013,CAF,Central African Republic,Kaga-Bandoro,5.077477458387135e+28
2013,CAF,Central African Republic,Mbaiki,1.982725042234645e+28
2013,CAF,Central African Republic,Bozoum,6.39447518680271e+28
2013,CAF,Central African Republic,Carnot,7.956387490284764e+28
2013,CAF,Central African Republic,Sibut,6.369467083337455e+28
2013,CAF,Central African Republic,Alindao,6.376104480712485e+28
2013,CAF,Central African Republic,Mobaye,4.877197071774377e+28
2013,CAF,Central African Republic,Nola,2.2894345836885734e+28
2013,TCD,Chad,N'Djamena,6.400788334055104e+28
2013,TCD,Chad,Moundou,6.504072149155484e+28
2013,TCD,Chad,Sarh,7.176206892256923e+28
2013,TCD,Chad,Abeche,3.805674511509124e+28
2013,TCD,Chad,Kelo,6.318274364567104e+28
2013,TCD,Chad,Koumra,6.991410544072991e+28
2013,TCD,Chad,Pala,6.252058427224565e+28
2013,TCD,Chad,Am Timan,5.0501423026705885e+28
2013,TCD,Chad,Bongor,6.111264234313603e+28
2013,TCD,Chad,Mongo,4.272440268610116e+28
2013,TCD,Chad,Faya-Largeau,2.0353423749954484e+28
2013,TCD,Chad,Doba,6.567945611428067e+28
2013,TCD,Chad,Ati,4.425042115045629e+28
2013,TCD,Chad,Biltine,3.172806570175906e+28
2013,TCD,Chad,Mao,3.8429014946501276e+28
2013,TCD,Chad,Massakory,3.745255085997464e+28
2013,COD,DR Congo,Kinshasa,8.03756884714435e+28
2013,COD,DR Congo,Lubumbashi,7.989141037666302e+28
2013,COD,DR Congo,Mbuji-Mayi,9.308975103594775e+28
2013,COD,DR Congo,Kisangani,2.558389831030028e+28
2013,COD,DR Congo,Goma,3.9024349448180653e+28
2013,COD,DR Congo,Bukavu,1.9570751101961263e+28
2013,COD,DR Congo,Kananga,9.062206354794561e+28
2013,COD,DR Congo,Kolwezi,8.872570345705129e+28
2013,COD,DR Congo,Tshikapa,1.2853826379686354e+29
2013,COD,DR Congo,Matadi,6.12429335322254e+28
2013,COD,DR Congo,Boma,6.09296146723069e+28
2013,COD,DR Congo,Uvira,4.131829650072204e+28
2013,COD,DR Congo,Kindu,4.936708747477634e+28
2013,COD,DR Congo,Kalemie,6.087064305262466e+28
2013,COD,DR Congo,Likasi,7.872401747801712e+28
2013,COD,DR Congo,Kikwit,9.472724645399399e+28
2013,COD,DR Congo,Gemena,2.5891793542329815e+28
2013,COD,DR Congo,Isiro,2.997065010578116e+28
2013,COG,Congo Republic,Brazzaville,3.645493314643548e+28
2013,COG,Congo Republic,Pointe-Noire,5.3260089250675325e+28
2013,COG,Congo Republic,Dolisie,5.60972434298291e+28
2013,COG,Congo Republic,Nkayi,6.691897881588731e+28
2013,COG,Congo Republic,Owando,3.1921902670566143e+28
2013,COG,Congo Republic,Ouesso,1.8178465780088624e+28
2013,COG,Congo Republic,Impfondo,1.9556425550842767e+28
2013,COG,Congo Republic,Sibiti,5.73757703268538e+28
2013,COG,Congo Republic,Madingou,6.786039618239951e+28
2013,COG,Congo Republic,Kinkala,4.5825323273113335e+28
2013,COG,Congo Republic,Mossendjo,3.411218674203934e+28
2013,COG,Congo Republic,Gamboma,6.097440184934423e+28
2013,COG,Congo Republic,Djambala,3.4130847899067247e+28
2013,CIV,Cote d'Ivoire,Abidjan,3.43282047842381e+28
2013,CIV,Cote d'Ivoire,Yamoussoukro,4.06573445286069e+28
2013,CIV,Cote d'Ivoire,Bouake,4.356814479958937e+28
2013,CIV,Cote d'Ivoire,Daloa,2.9897965398601985e+28
2013,CIV,Cote d'Ivoire,San-Pedro,2.586537962517316e+28
2013,CIV,Cote d'Ivoire,Korhogo,3.8738115257165102e+28
2013,CIV,Cote d'Ivoire,Man,3.1283820728951325e+28
2013,CIV,Cote d'Ivoire,Gagnoa,3.2306248783240698e+28
2013,CIV,Cote d'Ivoire,Abengourou,2.206588072256275e+28
2013,CIV,Cote d'Ivoire,Bondoukou,4.407884890852669e+28
2013,CIV,Cote d'Ivoire,Divo,3.0916714778113556e+28
2013,CIV,Cote d'Ivoire,Odienne,3.3435164992591614e+28
2013,CIV,Cote d'Ivoire,Ferkessedougou,4.21613275179591e+28
2013,CIV,Cote d'Ivoire,Soubre,2.3497626729242396e+28
2013,CIV,Cote d'Ivoire,Sassandra,3.3852755634454707e+28
2013,CIV,Cote d'Ivoire,Agboville,3.4996087307486468e+28
2013,CIV,Cote d'Ivoire,Grand-Bassam,3.574775172579703e+28
2013,CIV,Cote d'Ivoire,Dabou,4.608768461379087e+28
2013,ETH,Ethiopia,Addis Ababa,3.5580760783652154e+28
2013,ETH,Ethiopia,Dire Dawa,3.63714384203286e+28
2013,ETH,Ethiopia,Mekelle,2.7179536183342677e+28
2013,ETH,Ethiopia,Bahir Dar,4.196805993185498e+28
2013,ETH,Ethiopia,Hawassa,2.8700434379329464e+28
2013,ETH,Ethiopia,Adama,3.5945970177375523e+28
2013,ETH,Ethiopia,Gondar,4.837535454309311e+28
2013,ETH,Ethiopia,Jimma,4.073162229309481e+28
2013,ETH,Ethiopia,Dessie,3.723593407157585e+28
2013,ETH,Ethiopia,Shashamane,2.8461718319627345e+28
2013,ETH,Ethiopia,Harar,3.9341549825231746e+28
2013,ETH,Ethiopia,Arba Minch,3.1238148358787094e+28
2013,ETH,Ethiopia,Debre Markos,5.991409641054048e+28
2013,ETH,Ethiopia,Debre Birhan,3.4228853298857156e+28
2013,ETH,Ethiopia,Nekemte,5.090252028978984e+28
2013,ETH,Ethiopia,Asella,2.432940628011702e+28
2013,ETH,Ethiopia,Wolaita Sodo,2.9693538709558807e+28
2013,ETH,Ethiopia,Jijiga,3.629042503786129e+28
2013,GAB,Gabon,Libreville,2.211777487949148e+28
2013,GAB,Gabon,Port-Gentil,1.8583890079707517e+28
2013,GAB,Gabon,Franceville,3.161615797569705e+28
2013,GAB,Gabon,Oyem,1.9872873533174073e+28
2013,GAB,Gabon,Moanda,2.7027507026591295e+28
2013,GAB,Gabon,Lambarene,2.790459922589205e+28
2013,GAB,Gabon,Mouila,3.1601640126225074e+28
2013,GAB,Gabon,Koulamoutou,2.0449157095034397e+28
2013,GAB,Gabon,Tchibanga,2.9392350414404755e+28
2013,GAB,Gabon,Makokou,2.4998645827124177e+28
2013,GAB,Gabon,Bitam,1.3607649835870827e+28
2013,GAB,Gabon,Ndende,2.533422381215386e+28
2013,GHA,Ghana,Accra,5.46816191556688e+28
2013,GHA,Ghana,Kumasi,4.426559953007848e+28
2013,GHA,Ghana,Tamale,7.109351439413427e+28
2013,GHA,Ghana,Sekondi-Takoradi,2.3486652842560703e+28
2013,GHA,Ghana,Sunyani,4.443846130331111e+28
2013,GHA,Ghana,Cape Coast,2.7593829323570093e+28
2013,GHA,Ghana,Koforidua,3.526898059240661e+28
2013,GHA,Ghana,Ho,5.884048153504784e+28
2013,GHA,Ghana,Tema,5.46816191556688e+28
2013,GHA,Ghana,Obuasi,3.373217571710703e+28
2013,GHA,Ghana,Bolgatanga,6.520503979464826e+28
2013,GHA,Ghana,Wa,4.231723436859346e+28
2013,GHA,Ghana,Techiman,5.360503520643095e+28
2013,GHA,Ghana,Tarkwa,2.2251410880973483e+28
2013,GHA,Ghana,Sefwi Wiawso,1.9325625703602366e+28
2013,GHA,Ghana,Nkawkaw,5.566927707781027e+28
2013,GHA,Ghana,Dunkwa-on-Offin,2.8826555332538063e+28
2013,GHA,Ghana,Yendi,4.83767431577615e+28
2013,KEN,Kenya,Nairobi,4.750066517176987e+28
2013,KEN,Kenya,Mombasa,3.5058948154713158e+28
2013,KEN,Kenya,Kisumu,2.8004726171123185e+28
2013,KEN,Kenya,Nakuru,1.86302990841739e+28
2013,KEN,Kenya,Eldoret,1.2391191797746932e+28
2013,KEN,Kenya,Thika,4.364315763159231e+28
2013,KEN,Kenya,Malindi,2.328365535927713e+28
2013,KEN,Kenya,Kitale,1.7259623468759101e+28
2013,KEN,Kenya,Garissa,2.997874323636591e+28
2013,KEN,Kenya,Nyeri,3.8183136933812793e+28
2013,KEN,Kenya,Machakos,1.906611428252299e+28
2013,KEN,Kenya,Meru,2.9706093684918792e+28
2013,KEN,Kenya,Kericho,3.457855792946128e+28
2013,KEN,Kenya,Naivasha,3.6233724012204966e+28
2013,KEN,Kenya,Embu,4.454604119603299e+28
2013,KEN,Kenya,Lodwar,3.2034203553410363e+28
2013,KEN,Kenya,Isiolo,2.94707037976449e+28
2013,KEN,Kenya,Wajir,1.8568763400544563e+28
2013,LSO,Lesotho,Maseru,6.010714837822645e+28
2013,LSO,Lesotho,Teyateyaneng,3.890102737160492e+28
2013,LSO,Lesotho,Mafeteng,5.208399991223358e+28
2013,LBR,Liberia,Monrovia,2.751900152100709e+28
2013,LBR,Liberia,Gbarnga,1.7090634223238321e+28
2013,LBR,Liberia,Buchanan,2.1714382231076767e+28
2013,LBR,Liberia,Harper,3.072120052465374e+28
2013,LBR,Liberia,Voinjama,2.7732786599345526e+28
2013,LBR,Liberia,Zwedru,2.0776043629428505e+28
2013,LBR,Liberia,Kakata,2.55501002857033e+28
2013,LBR,Liberia,Greenville,1.7521737468460061e+28
2013,LBR,Liberia,Tubmanburg,2.6359487832897304e+28
2013,LBR,Liberia,Ganta,2.819527961090379e+28
2013,LBR,Liberia,Robertsport,1.70757890169293e+28
2013,LBR,Liberia,Fish Town,2.0109281561625666e+28
2013,MDG,Madagascar,Antananarivo,3.427213717181929e+28
2013,MDG,Madagascar,Toamasina,4.437754765563021e+28
2013,MDG,Madagascar,Antsirabe,4.583707451261496e+28
2013,MDG,Madagascar,Mahajanga,4.492032400197423e+28
2013,MDG,Madagascar,Fianarantsoa,4.836007501403944e+28
2013,MDG,Madagascar,Toliara,3.8162904654080395e+28
2013,MDG,Madagascar,Antsiranana,2.8026421494617697e+28
2013,MDG,Madagascar,Morondava,5.254857808389052e+28
2013,MDG,Madagascar,Sambava,3.293918840495143e+28
2013,MDG,Madagascar,Ambatondrazaka,5.368677180522504e+28
2013,MDG,Madagascar,Farafangana,3.7207568259426527e+28
2013,MDG,Madagascar,Mananjary,3.374990940208188e+28
2013,MDG,Madagascar,Manakara,3.5624568683204267e+28
2013,MDG,Madagascar,Antalaha,2.494558837419022e+28
2013,MDG,Madagascar,Hell-Ville,3.2315506354929376e+28
2013,MDG,Madagascar,Marovoay,6.014888328811786e+28
2013,MDG,Madagascar,Ambanja,3.7302700141448703e+28
2013,MWI,Malawi,Lilongwe,4.00436457192742e+28
2013,MWI,Malawi,Blantyre,5.427618191336737e+28
2013,MWI,Malawi,Mzuzu,4.145390018008107e+28
2013,MWI,Malawi,Zomba,6.993288523648948e+28
2013,MWI,Malawi,Karonga,4.625611519504723e+28
2013,MWI,Malawi,Mangochi,6.963027373544089e+28
2013,MWI,Malawi,Salima,5.613667770900222e+28
2013,MLI,Mali,Bamako,3.9198843808216904e+28
2013,MLI,Mali,Sikasso,5.394850170555422e+28
2013,MLI,Mali,Mopti,2.6447094603363845e+28
2013,MLI,Mali,Koutiala,4.450515478009192e+28
2013,MLI,Mali,Kayes,6.0324981763538845e+28
2013,MLI,Mali,Segou,2.906706640616324e+28
2013,MRT,Mauritania,Nouakchott,3.688803570836623e+28
2013,MRT,Mauritania,Nouadhibou,2.3713423105406233e+28
2013,MRT,Mauritania,Rosso,2.603208655926267e+28
2013,MRT,Mauritania,Zouerate,1.9043733758837718e+28
2013,MRT,Mauritania,Atar,2.277843221713328e+28
2013,MRT,Mauritania,Kaedi,2.8048556602163793e+28
2013,MOZ,Mozambique,Maputo,1.4782785763116897e+29
2013,MOZ,Mozambique,Matola,1.7925270430311107e+29
2013,MOZ,Mozambique,Beira,6.5657535990295645e+28
2013,MOZ,Mozambique,Nampula,8.520694668947916e+28
2013,MOZ,Mozambique,Chimoio,7.979721047596242e+28
2013,MOZ,Mozambique,Nacala,4.812937855847335e+28
2013,MOZ,Mozambique,Quelimane,7.839461206487958e+28
2013,MOZ,Mozambique,Tete,7.51856624423341e+28
2013,MOZ,Mozambique,Pemba,3.5983976010370916e+28
2013,MOZ,Mozambique,Lichinga,4.428805618300958e+28
2013,MOZ,Mozambique,Xai-Xai,8.17758828300324e+28
2013,MOZ,Mozambique,Maxixe,4.047514080671254e+28
2013,NGA,Nigeria,Lagos,8.061575945082708e+28
2013,NGA,Nigeria,Abuja,7.658499657020043e+28
2013,NGA,Nigeria,Kano,5.324908075532773e+28
2013,NGA,Nigeria,Ibadan,6.744422415593771e+28
2013,NGA,Nigeria,Port Harcourt,5.770178865079747e+28
2013,NGA,Nigeria,Benin City,5.718754266862663e+28
2013,NGA,Nigeria,Onitsha,6.797760609941342e+28
2013,NGA,Nigeria,Aba,5.479888980531948e+28
2013,NGA,Nigeria,Kaduna,8.08452257621261e+28
2013,NGA,Nigeria,Enugu,5.09907035618964e+28
2013,NGA,Nigeria,Ilorin,4.918996467981202e+28
2013,NGA,Nigeria,Warri,3.203691012544148e+28
2013,NGA,Nigeria,Maiduguri,6.155630694780558e+28
2013,NGA,Nigeria,Zaria,7.257828783320278e+28
2013,NGA,Nigeria,Sokoto,5.611695473509065e+28
2013,NGA,Nigeria,Uyo,4.993510383646685e+28
2013,NGA,Nigeria,Jos,6.6546072455760155e+28
2013,NGA,Nigeria,Calabar,4.805318527212107e+28
2013,ZAF,South Africa,Johannesburg,3.977541039969176e+29
2013,ZAF,South Africa,Cape Town,7.098002183866942e+28
2013,ZAF,South Africa,Durban,8.963753886839558e+28
2013,ZAF,South Africa,Pretoria,2.0410564966702268e+29
2013,ZAF,South Africa,Port Elizabeth,5.261277072633727e+28
2013,ZAF,South Africa,Bloemfontein,7.0309295862350125e+28
2013,ZAF,South Africa,East London,4.7879808862513955e+28
2013,ZAF,South Africa,Soweto,2.2585496261503585e+29
2013,ZAF,South Africa,Pietermaritzburg,1.1462537443733294e+29
2013,ZAF,South Africa,Polokwane,9.047445091306562e+28
2013,ZAF,South Africa,Rustenburg,8.780163721699381e+28
2013,ZMB,Zambia,Lusaka,7.119308136485983e+28
2013,ZMB,Zambia,Kitwe,8.500179248632117e+28
2013,ZMB,Zambia,Ndola,8.30983661388068e+28
2013,ZMB,Zambia,Kabwe,6.87986645678018e+28
2013,ZMB,Zambia,Chingola,8.129401693054437e+28
2013,ZMB,Zambia,Livingstone,6.173746528950273e+28
2013,ZMB,Zambia,Solwezi,8.91026960773642e+28
2013,ZMB,Zambia,Mufulira,5.2537697321508755e+28
2013,ZMB,Zambia,Luanshya,8.697110638832469e+28
2013,ZWE,Zimbabwe,Harare,7.218979876830659e+28
2013,ZWE,Zimbabwe,Bulawayo,4.3942442530428295e+28
2013,ZWE,Zimbabwe,Chitungwiza,4.727539686972893e+28
2013,ZWE,Zimbabwe,Mutare,5.5853529615684344e+28
2013,ZWE,Zimbabwe,Gweru,5.35301581874692e+28
2013,ZWE,Zimbabwe,Kwekwe,5.967040200688265e+28
2013,ZWE,Zimbabwe,Masvingo,4.63550680622278e+28
2013,ZWE,Zimbabwe,Chinhoyi,8.06793648846597e+28
2013,ZWE,Zimbabwe,Kadoma,6.26924808867081e+28
2013,ZWE,Zimbabwe,Victoria Falls,6.173746528950273e+28
2013,ZWE,Zimbabwe,Redcliff,5.786699354415928e+28
2013,ZWE,Zimbabwe,Norton,8.043245310413626e+28
2013,ZWE,Zimbabwe,Hwange,4.005485493495268e+28
2013,ZWE,Zimbabwe,Chegutu,7.006715442739219e+28
2013,COM,Comoros,Moroni,1.5578175981908543e+28
2013,COM,Comoros,Mutsamudu,2.1626778531602044e+28
2013,COM,Comoros,Fomboni,1.3709817734614595e+28
2013,ERI,Eritrea,Asmara,4.306816088466777e+28
2013,ERI,Eritrea,Keren,4.0575713463189065e+28
2013,ERI,Eritrea,Massawa,4.2757768262516935e+28
2013,GNQ,Equatorial Guinea,Malabo,2.23365486042305e+28
2013,GNQ,Equatorial Guinea,Bata,1.8377778772880459e+28
2013,GNQ,Equatorial Guinea,Ebibeyin,2.0307948493004307e+28
2013,GMB,Gambia,Banjul,4.649642116985214e+28
2013,GMB,Gambia,Serekunda,4.649642116985214e+28
2013,GMB,Gambia,Brikama,4.649642116985214e+28
2013,GIN,Guinea,Conakry,4.331548757771048e+28
2013,GIN,Guinea,Kankan,6.17487843481158e+28
2013,GIN,Guinea,Kindia,5.371187834731152e+28
2013,GIN,Guinea,Nzérékoré,2.289909127539221e+28
2013,GIN,Guinea,Labe,4.3830461985156875e+28
2013,GIN,Guinea,Fria,5.0694091415088635e+28
2013,GNB,Guinea-Bissau,Bissau,3.9031199421132535e+28
2013,GNB,Guinea-Bissau,Bafatá,4.464698607161417e+28
2013,GNB,Guinea-Bissau,Gabú,5.134792666293444e+28
2013,NAM,Namibia,Windhoek,3.0375324016598762e+28
2013,NAM,Namibia,Walvis Bay,2.372231201612812e+28
2013,NAM,Namibia,Swakopmund,3.5237140988889666e+28
2013,NAM,Namibia,Rundu,7.420045138821045e+28
2013,NAM,Namibia,Oshakati,5.3749802576920096e+28
2013,NAM,Namibia,Otjiwarongo,3.2135249770890377e+28
2013,NER,Niger,Niamey,3.3208769525640955e+28
2013,NER,Niger,Zinder,3.316720981541488e+28
2013,NER,Niger,Maradi,3.59074920013601e+28
2013,NER,Niger,Agadez,1.6576971145077221e+28
2013,NER,Niger,Tahoua,3.7179394941545354e+28
2013,RWA,Rwanda,Kigali,4.6103653092706765e+28
2013,RWA,Rwanda,Huye,1.8695436909736826e+28
2013,RWA,Rwanda,Rubavu,2.652385112007598e+28
2013,RWA,Rwanda,Musanze,2.628286184355175e+28
2013,RWA,Rwanda,Rusizi,3.010786011149814e+28
2013,STP,Sao Tome and Principe,São Tomé,1.8868220119641522e+28
2013,STP,Sao Tome and Principe,Santo António,1.7984290529598432e+28
2013,STP,Sao Tome and Principe,Neves,1.8868220119641522e+28
2013,SEN,Senegal,Ziguinchor,4.45597777932628e+28
2013,SEN,Senegal,Tambacounda,5.5842779663402475e+28
2013,SEN,Senegal,Dakar,5.948716157914168e+28
2013,SEN,Senegal,Thiès,5.481259339817639e+28
2013,SEN,Senegal,Saint-Louis,2.469143511568795e+28
2013,SEN,Senegal,Kaolack,5.058335334493478e+28
2013,SLE,Sierra Leone,Freetown,3.1557277696475055e+28
2013,SLE,Sierra Leone,Bo,2.5748814764427323e+28
2013,SLE,Sierra Leone,Kenema,3.4119678364203915e+28
2013,SLE,Sierra Leone,Makeni,4.7290901975286665e+28
2013,SOM,Somalia,Mogadishu,2.582259179732359e+28
2013,SOM,Somalia,Hargeisa,3.904429339010808e+28
2013,SOM,Somalia,Bosaso,2.6867484679484428e+28
2013,SOM,Somalia,Kismayo,1.8190422986908435e+28
2013,SOM,Somalia,Baidoa,2.843544136855661e+28
2013,SSD,South Sudan,Juba,8.637332938778072e+28
2013,SSD,South Sudan,Wau,4.216372048173557e+28
2013,SSD,South Sudan,Malakal,5.968085981216557e+28
2013,SSD,South Sudan,Bor,6.398957761025807e+28
2013,SDN,Sudan,Khartoum,4.9061656254157e+28
2013,SDN,Sudan,Omdurman,6.460198085819108e+28
2013,SDN,Sudan,Port Sudan,4.311093454193152e+28
2013,SDN,Sudan,Nyala,4.277344553713026e+28
2013,SDN,Sudan,Ed Damer,5.2753527864357205e+28
2013,SDN,Sudan,El Obeid,4.542429321146728e+28
2013,SDN,Sudan,Kassala,4.88359501876318e+28
2013,SDN,Sudan,Wad Madani,5.3901754746813175e+28
2013,SDN,Sudan,Kosti,5.928994874935933e+28
2013,SDN,Sudan,Rabak,4.007964296517972e+28
2013,SDN,Sudan,El Obeid,4.542429321146728e+28
2013,SDN,Sudan,Sennar,5.548299314758771e+28
2013,TZA,Tanzania,Dar es Salaam,5.514873504099541e+28
2013,TZA,Tanzania,Dodoma,2.298656275843057e+28
2013,TZA,Tanzania,Mwanza,3.053479196542959e+28
2013,TZA,Tanzania,Arusha,3.5507548175135034e+28
2013,TZA,Tanzania,Zanzibar City,3.8070444046041762e+28
2013,TZA,Tanzania,Mbeya,4.074052289640437e+28
2013,TZA,Tanzania,Tabora,3.845310945575694e+28
2013,TGO,Togo,Lomé,5.349100589742244e+28
2013,TGO,Togo,Sokodé,7.421787351852106e+28
2013,TGO,Togo,Kara,7.20835721676618e+28
2013,TGO,Togo,Atakpamé,7.0906671295378025e+28
2013,UGA,Uganda,Kampala,5.3532445281178545e+28
2013,UGA,Uganda,Entebbe,5.393942869740869e+28
2013,UGA,Uganda,Jinja,4.491573255240662e+28
2013,UGA,Uganda,Mbarara,4.545259659247463e+28
2013,UGA,Uganda,Gulu,7.1377864414975525e+28
2013,UGA,Uganda,Fort Portal,4.680701945340956e+28
2014,AGO,Angola,Luanda,5.694183125531184e+28
2014,AGO,Angola,Benguela,4.426540272495904e+28
2014,AGO,Angola,Lobito,4.615722544513446e+28
2014,AGO,Angola,Huambo,5.18603218154705e+28
2014,AGO,Angola,Lubango,2.0681403073607053e+28
2014,AGO,Angola,Cabinda,4.821963600474919e+28
2014,AGO,Angola,Malanje,1.0324126097443847e+29
2014,AGO,Angola,Namibe,3.069182797687956e+28
2014,AGO,Angola,Sumbe,4.264021097656883e+28
2014,AGO,Angola,Uige,6.411100833699451e+28
2014,AGO,Angola,Soyo,4.296736591536113e+28
2014,BEN,Benin,Bohicon,4.942869565486086e+28
2014,BEN,Benin,Abomey,3.309689326720285e+28
2014,BEN,Benin,Ouidah,4.314055313854626e+28
2014,BEN,Benin,Kandi,6.288397118022192e+28
2014,BEN,Benin,Natitingou,6.9777678443659566e+28
2014,BEN,Benin,Save,3.598439866334614e+28
2014,BEN,Benin,Savalou,5.312140949599348e+28
2014,BEN,Benin,Comé,4.406710620218261e+28
2014,BEN,Benin,Allada,4.890755886854734e+28
2014,BEN,Benin,Dogbo,4.983860226071182e+28
2014,BEN,Benin,Lokossa,5.191330982746535e+28
2014,BEN,Benin,Tchaourou,5.205279032788964e+28
2014,BEN,Benin,Malanville,6.113734916534021e+28
2014,BEN,Benin,Tanguiéta,7.3148650632714605e+28
2014,BEN,Benin,Bassila,3.5830536350926494e+28
2014,BEN,Benin,Pobe,5.719304932654973e+28
2014,BEN,Benin,Ketou,5.638131736656913e+28
2014,BWA,Botswana,Gaborone,7.302793338519856e+28
2014,BWA,Botswana,Francistown,3.5949564774450008e+28
2014,BWA,Botswana,Maun,4.861076199394241e+28
2014,BWA,Botswana,Serowe,5.106480300974821e+28
2014,BWA,Botswana,Kanye,6.92500701616478e+28
2014,BWA,Botswana,Molepolole,4.337165396262264e+28
2014,BWA,Botswana,Mochudi,7.41760353958212e+28
2014,BWA,Botswana,Selebi-Phikwe,3.761013555364099e+28
2014,BWA,Botswana,Palapye,5.528993093383447e+28
2014,BWA,Botswana,Lobatse,7.013243648361532e+28
2014,BWA,Botswana,Ramotswa,7.397944790525563e+28
2014,BWA,Botswana,Letlhakane,5.249357063051809e+28
2014,BWA,Botswana,Orapa,5.131445664548085e+28
2014,BWA,Botswana,Kasane,5.269938033184789e+28
2014,BWA,Botswana,Ghanzi,4.737204611639899e+28
2014,BWA,Botswana,Jwaneng,6.0881762916573015e+28
2014,BWA,Botswana,Tsabong,5.051884007574307e+28
2014,BWA,Botswana,Shoshong,3.8175075126715627e+28
2014,BFA,Burkina Faso,Ouagadougou,5.95844873033069e+28
2014,BFA,Burkina Faso,Bobo-Dioulasso,5.160067989594852e+28
2014,BFA,Burkina Faso,Koudougou,3.4787399613508447e+28
2014,BFA,Burkina Faso,Banfora,4.7765981330111825e+28
2014,BFA,Burkina Faso,Ouahigouya,4.40267540939249e+28
2014,BFA,Burkina Faso,Kaya,4.682294879828889e+28
2014,BFA,Burkina Faso,Tenkodogo,4.849209257909381e+28
2014,BFA,Burkina Faso,Fada N'Gourma,5.036836893310266e+28
2014,BFA,Burkina Faso,Dedougou,5.182178533850747e+28
2014,BFA,Burkina Faso,Dori,4.763810896015712e+28
2014,BFA,Burkina Faso,Gaoua,5.676768691645201e+28
2014,BFA,Burkina Faso,Kongoussi,4.69326112213026e+28
2014,BFA,Burkina Faso,Manga,5.03889641260378e+28
2014,BFA,Burkina Faso,Reo,4.979417781618214e+28
2014,BFA,Burkina Faso,Ziniare,5.337191085073562e+28
2014,BFA,Burkina Faso,Hounde,3.35990956509986e+28
2014,BFA,Burkina Faso,Po,6.006507703846136e+28
2014,BFA,Burkina Faso,Leo,6.24823884068962e+28
2014,BDI,Burundi,Bujumbura,3.8040515647595246e+28
2014,BDI,Burundi,Gitega,3.2339951596487934e+28
2014,BDI,Burundi,Ngozi,2.8354261232620185e+28
2014,BDI,Burundi,Rumonge,4.4835662362253005e+28
2014,BDI,Burundi,Bururi,4.08526364581893e+28
2014,BDI,Burundi,Muyinga,4.170335765165169e+28
2014,BDI,Burundi,Ruyigi,2.8935323553267162e+28
2014,BDI,Burundi,Makamba,4.553210662978568e+28
2014,BDI,Burundi,Kayanza,3.0529380393971144e+28
2014,BDI,Burundi,Muramvya,3.354529636951955e+28
2014,BDI,Burundi,Cibitoke,4.250323255217912e+28
2014,BDI,Burundi,Karuzi,3.708957808570113e+28
2014,BDI,Burundi,Kirundo,3.3051602886857047e+28
2014,BDI,Burundi,Mwaro,2.2530193673343085e+28
2014,BDI,Burundi,Nyanza-Lac,4.69612114310458e+28
2014,CMR,Cameroon,Douala,3.1375394705896046e+28
2014,CMR,Cameroon,Yaounde,1.889320414524763e+28
2014,CMR,Cameroon,Garoua,5.657247852649978e+28
2014,CMR,Cameroon,Bamenda,4.071608543155231e+28
2014,CMR,Cameroon,Maroua,5.428583045128488e+28
2014,CMR,Cameroon,Ngaoundere,4.299001045534661e+28
2014,CMR,Cameroon,Bafoussam,3.743618435065502e+28
2014,CMR,Cameroon,Bertoua,3.0013210819191517e+28
2014,CMR,Cameroon,Ebolowa,2.2633938514777574e+28
2014,CMR,Cameroon,Kribi,1.8584464891719769e+28
2014,CMR,Cameroon,Limbe,3.9393261465231446e+28
2014,CMR,Cameroon,Kumba,3.575813115766085e+28
2014,CMR,Cameroon,Nkongsamba,3.583798550872361e+28
2014,CMR,Cameroon,Edea,2.7943869863030547e+28
2014,CMR,Cameroon,Sangmelima,2.1555740179639863e+28
2014,CMR,Cameroon,Foumban,3.875547132535894e+28
2014,CMR,Cameroon,Dschang,3.713986924616046e+28
2014,CMR,Cameroon,Kousseri,6.578483963790414e+28
2014,CAF,Central African Republic,Bangui,5.577009132643458e+28
2014,CAF,Central African Republic,Bimbo,3.122168931604121e+28
2014,CAF,Central African Republic,Berberati,2.8402488574340264e+28
2014,CAF,Central African Republic,Bambari,4.268302037568075e+28
2014,CAF,Central African Republic,Bouar,6.274590465349704e+28
2014,CAF,Central African Republic,Bossangoa,4.694116723761554e+28
2014,CAF,Central African Republic,Bria,6.4419793306484615e+28
2014,CAF,Central African Republic,Bangassou,2.3622554842615106e+28
2014,CAF,Central African Republic,Kaga-Bandoro,4.7025074423930455e+28
2014,CAF,Central African Republic,Mbaiki,2.088074902419461e+28
2014,CAF,Central African Republic,Bozoum,5.714892590077997e+28
2014,CAF,Central African Republic,Carnot,7.154143732553235e+28
2014,CAF,Central African Republic,Sibut,5.168074989199026e+28
2014,CAF,Central African Republic,Alindao,6.375900415174609e+28
2014,CAF,Central African Republic,Mobaye,5.13418084245121e+28
2014,CAF,Central African Republic,Nola,2.221400108396007e+28
2014,TCD,Chad,N'Djamena,6.578483963790414e+28
2014,TCD,Chad,Moundou,5.110133877642191e+28
2014,TCD,Chad,Sarh,5.862580686640659e+28
2014,TCD,Chad,Abeche,4.183532634204995e+28
2014,TCD,Chad,Kelo,5.213151941325506e+28
2014,TCD,Chad,Koumra,5.533691976499251e+28
2014,TCD,Chad,Pala,5.325374786249419e+28
2014,TCD,Chad,Am Timan,4.303305019692216e+28
2014,TCD,Chad,Bongor,5.625473801215591e+28
2014,TCD,Chad,Mongo,4.19440494679213e+28
2014,TCD,Chad,Faya-Largeau,2.2669217549906365e+28
2014,TCD,Chad,Doba,5.228355959467252e+28
2014,TCD,Chad,Ati,4.368633793363458e+28
2014,TCD,Chad,Biltine,3.7723008001146933e+28
2014,TCD,Chad,Mao,4.154425346625916e+28
2014,TCD,Chad,Massakory,3.629917232160807e+28
2014,COD,DR Congo,Kinshasa,7.729155311262358e+28
2014,COD,DR Congo,Lubumbashi,6.804175160316195e+28
2014,COD,DR Congo,Mbuji-Mayi,8.592909150449463e+28
2014,COD,DR Congo,Kisangani,2.6347726832023165e+28
2014,COD,DR Congo,Goma,3.7388359563288236e+28
2014,COD,DR Congo,Bukavu,2.325269124684391e+28
2014,COD,DR Congo,Kananga,7.94539713692573e+28
2014,COD,DR Congo,Kolwezi,7.583695567601345e+28
2014,COD,DR Congo,Tshikapa,1.0364729656245565e+29
2014,COD,DR Congo,Matadi,6.004416399475712e+28
2014,COD,DR Congo,Boma,6.0213075984964505e+28
2014,COD,DR Congo,Uvira,4.149538043441986e+28
2014,COD,DR Congo,Kindu,4.346265865625666e+28
2014,COD,DR Congo,Kalemie,5.580124875031558e+28
2014,COD,DR Congo,Likasi,6.799557829659281e+28
2014,COD,DR Congo,Kikwit,8.828095532248068e+28
2014,COD,DR Congo,Gemena,2.6013071620439462e+28
2014,COD,DR Congo,Isiro,3.124702365651603e+28
2014,COG,Congo Republic,Brazzaville,3.452174567763999e+28
2014,COG,Congo Republic,Pointe-Noire,5.19043200493574e+28
2014,COG,Congo Republic,Dolisie,5.859223551023824e+28
2014,COG,Congo Republic,Nkayi,7.96951621911054e+28
2014,COG,Congo Republic,Owando,3.02602272338012e+28
2014,COG,Congo Republic,Ouesso,2.1541305560867676e+28
2014,COG,Congo Republic,Impfondo,1.9669210666147498e+28
2014,COG,Congo Republic,Sibiti,6.706418674543411e+28
2014,COG,Congo Republic,Madingou,7.578089472233756e+28
2014,COG,Congo Republic,Kinkala,4.782815081668531e+28
2014,COG,Congo Republic,Mossendjo,3.235892726078491e+28
2014,COG,Congo Republic,Gamboma,5.937823321569517e+28
2014,COG,Congo Republic,Djambala,3.682030849364184e+28
2014,CIV,Cote d'Ivoire,Abidjan,3.066464816886439e+28
2014,CIV,Cote d'Ivoire,Yamoussoukro,2.988019554486541e+28
2014,CIV,Cote d'Ivoire,Bouake,3.525323102548994e+28
2014,CIV,Cote d'Ivoire,Daloa,2.6541955999119965e+28
2014,CIV,Cote d'Ivoire,San-Pedro,2.203957351515729e+28
2014,CIV,Cote d'Ivoire,Korhogo,3.7698127090304546e+28
2014,CIV,Cote d'Ivoire,Man,2.5295557082270545e+28
2014,CIV,Cote d'Ivoire,Gagnoa,2.4786919461112667e+28
2014,CIV,Cote d'Ivoire,Abengourou,1.7631565468355736e+28
2014,CIV,Cote d'Ivoire,Bondoukou,3.998567090847071e+28
2014,CIV,Cote d'Ivoire,Divo,2.2202299570552123e+28
2014,CIV,Cote d'Ivoire,Odienne,3.354554053360694e+28
2014,CIV,Cote d'Ivoire,Ferkessedougou,4.223696013306311e+28
2014,CIV,Cote d'Ivoire,Soubre,1.8779885614867883e+28
2014,CIV,Cote d'Ivoire,Sassandra,3.4376626393371023e+28
2014,CIV,Cote d'Ivoire,Agboville,2.8173198547224186e+28
2014,CIV,Cote d'Ivoire,Grand-Bassam,3.574837631242454e+28
2014,CIV,Cote d'Ivoire,Dabou,4.0359766976915095e+28
2014,ETH,Ethiopia,Addis Ababa,3.0571953550506676e+28
2014,ETH,Ethiopia,Dire Dawa,3.8155812830175373e+28
2014,ETH,Ethiopia,Mekelle,2.8678130855129016e+28
2014,ETH,Ethiopia,Bahir Dar,4.503629670370117e+28
2014,ETH,Ethiopia,Hawassa,2.85816213533581e+28
2014,ETH,Ethiopia,Adama,3.376558290021393e+28
2014,ETH,Ethiopia,Gondar,5.122824711165929e+28
2014,ETH,Ethiopia,Jimma,3.5231459109061217e+28
2014,ETH,Ethiopia,Dessie,3.4123012268671142e+28
2014,ETH,Ethiopia,Shashamane,2.9097889105422907e+28
2014,ETH,Ethiopia,Harar,3.8486979541895304e+28
2014,ETH,Ethiopia,Arba Minch,3.0826735182581865e+28
2014,ETH,Ethiopia,Debre Markos,5.981268890645265e+28
2014,ETH,Ethiopia,Debre Birhan,3.256964966193762e+28
2014,ETH,Ethiopia,Nekemte,4.795944649174036e+28
2014,ETH,Ethiopia,Asella,2.4212045179808662e+28
2014,ETH,Ethiopia,Wolaita Sodo,2.4803774843729965e+28
2014,ETH,Ethiopia,Jijiga,3.6499624722493746e+28
2014,GAB,Gabon,Libreville,2.2539948954073184e+28
2014,GAB,Gabon,Port-Gentil,2.503827779333195e+28
2014,GAB,Gabon,Franceville,3.2057390078613797e+28
2014,GAB,Gabon,Oyem,2.4040428266446656e+28
2014,GAB,Gabon,Moanda,2.739560788157332e+28
2014,GAB,Gabon,Lambarene,3.574482793240761e+28
2014,GAB,Gabon,Mouila,3.477727858500034e+28
2014,GAB,Gabon,Koulamoutou,2.41116715902702e+28
2014,GAB,Gabon,Tchibanga,2.8469415812051686e+28
2014,GAB,Gabon,Makokou,2.2758232184861673e+28
2014,GAB,Gabon,Bitam,1.4977656450415915e+28
2014,GAB,Gabon,Ndende,2.435711212942487e+28
2014,GHA,Ghana,Accra,4.8315119649736066e+28
2014,GHA,Ghana,Kumasi,3.5365119905183663e+28
2014,GHA,Ghana,Tamale,6.987611689010712e+28
2014,GHA,Ghana,Sekondi-Takoradi,2.0498134978822964e+28
2014,GHA,Ghana,Sunyani,3.3939884822189314e+28
2014,GHA,Ghana,Cape Coast,2.4213383815285116e+28
2014,GHA,Ghana,Koforidua,2.8217461203409047e+28
2014,GHA,Ghana,Ho,4.673994710737466e+28
2014,GHA,Ghana,Tema,4.8315119649736066e+28
2014,GHA,Ghana,Obuasi,2.7170079103147947e+28
2014,GHA,Ghana,Bolgatanga,6.321928874343679e+28
2014,GHA,Ghana,Wa,4.472788268748429e+28
2014,GHA,Ghana,Techiman,5.115658351939149e+28
2014,GHA,Ghana,Tarkwa,1.862500844105382e+28
2014,GHA,Ghana,Sefwi Wiawso,1.5554569758418566e+28
2014,GHA,Ghana,Nkawkaw,3.8321362881808523e+28
2014,GHA,Ghana,Dunkwa-on-Offin,2.323315264629789e+28
2014,GHA,Ghana,Yendi,4.878483073537847e+28
2014,KEN,Kenya,Nairobi,5.13254993299532e+28
2014,KEN,Kenya,Mombasa,3.924789722746159e+28
2014,KEN,Kenya,Kisumu,3.274517093482524e+28
2014,KEN,Kenya,Nakuru,2.6760733325606454e+28
2014,KEN,Kenya,Eldoret,1.7268856369789147e+28
2014,KEN,Kenya,Thika,4.712711766656081e+28
2014,KEN,Kenya,Malindi,2.6606885697152677e+28
2014,KEN,Kenya,Kitale,1.6611109116633948e+28
2014,KEN,Kenya,Garissa,2.7212621695564544e+28
2014,KEN,Kenya,Nyeri,4.416271755368013e+28
2014,KEN,Kenya,Machakos,2.374922210980001e+28
2014,KEN,Kenya,Meru,3.040011486328513e+28
2014,KEN,Kenya,Kericho,3.179545886269882e+28
2014,KEN,Kenya,Naivasha,4.522354105749244e+28
2014,KEN,Kenya,Embu,4.40143642692274e+28
2014,KEN,Kenya,Lodwar,2.9498015820701744e+28
2014,KEN,Kenya,Isiolo,3.0695762593027777e+28
2014,KEN,Kenya,Wajir,1.8683029030502038e+28
2014,LSO,Lesotho,Maseru,6.2898527901567655e+28
2014,LSO,Lesotho,Teyateyaneng,4.103885662496803e+28
2014,LSO,Lesotho,Mafeteng,5.382800757674411e+28
2014,LBR,Liberia,Monrovia,2.4987437593835696e+28
2014,LBR,Liberia,Gbarnga,1.5897873841004336e+28
2014,LBR,Liberia,Buchanan,2.1420008033868154e+28
2014,LBR,Liberia,Harper,3.235469165449418e+28
2014,LBR,Liberia,Voinjama,2.9927797788236833e+28
2014,LBR,Liberia,Zwedru,1.7042948917477908e+28
2014,LBR,Liberia,Kakata,2.595302088883427e+28
2014,LBR,Liberia,Greenville,1.7444658991775072e+28
2014,LBR,Liberia,Tubmanburg,2.1322852177357393e+28
2014,LBR,Liberia,Ganta,2.4300108790836643e+28
2014,LBR,Liberia,Robertsport,1.3641774754447698e+28
2014,LBR,Liberia,Fish Town,1.6377362561392342e+28
2014,MDG,Madagascar,Antananarivo,3.4016011044194335e+28
2014,MDG,Madagascar,Toamasina,4.646303325014787e+28
2014,MDG,Madagascar,Antsirabe,4.76119415254494e+28
2014,MDG,Madagascar,Mahajanga,3.476660248248251e+28
2014,MDG,Madagascar,Fianarantsoa,5.696460019577546e+28
2014,MDG,Madagascar,Toliara,3.962385272077934e+28
2014,MDG,Madagascar,Antsiranana,2.3243201210468116e+28
2014,MDG,Madagascar,Morondava,5.553547762157284e+28
2014,MDG,Madagascar,Sambava,2.7067278826782583e+28
2014,MDG,Madagascar,Ambatondrazaka,4.620398717346711e+28
2014,MDG,Madagascar,Farafangana,4.458414744237715e+28
2014,MDG,Madagascar,Mananjary,4.0037839886304445e+28
2014,MDG,Madagascar,Manakara,4.3738579590444405e+28
2014,MDG,Madagascar,Antalaha,2.024426315030034e+28
2014,MDG,Madagascar,Hell-Ville,2.541368492544884e+28
2014,MDG,Madagascar,Marovoay,4.856492106643422e+28
2014,MDG,Madagascar,Ambanja,2.6896655911714994e+28
2014,MWI,Malawi,Lilongwe,2.461053678183373e+28
2014,MWI,Malawi,Blantyre,4.08845013181502e+28
2014,MWI,Malawi,Mzuzu,3.8150010044212205e+28
2014,MWI,Malawi,Zomba,4.995383324470142e+28
2014,MWI,Malawi,Karonga,4.561641286271899e+28
2014,MWI,Malawi,Mangochi,4.9091981928217045e+28
2014,MWI,Malawi,Salima,3.7481882862398076e+28
2014,MLI,Mali,Bamako,4.075546969824563e+28
2014,MLI,Mali,Sikasso,5.1824073485312e+28
2014,MLI,Mali,Mopti,2.932418552210297e+28
2014,MLI,Mali,Koutiala,4.9064927088160805e+28
2014,MLI,Mali,Kayes,5.831403706220831e+28
2014,MLI,Mali,Segou,3.2696863317088867e+28
2014,MRT,Mauritania,Nouakchott,4.022759929263978e+28
2014,MRT,Mauritania,Nouadhibou,2.324675851545022e+28
2014,MRT,Mauritania,Rosso,2.770932748957731e+28
2014,MRT,Mauritania,Zouerate,1.9563702329476523e+28
2014,MRT,Mauritania,Atar,2.4336904666792436e+28
2014,MRT,Mauritania,Kaedi,2.9449293512010056e+28
2014,MOZ,Mozambique,Maputo,1.8033054355565847e+29
2014,MOZ,Mozambique,Matola,2.1624659383389322e+29
2014,MOZ,Mozambique,Beira,6.4443352572749735e+28
2014,MOZ,Mozambique,Nampula,6.209371561612931e+28
2014,MOZ,Mozambique,Chimoio,7.660175837085885e+28
2014,MOZ,Mozambique,Nacala,3.6921292200556725e+28
2014,MOZ,Mozambique,Quelimane,6.23578745350475e+28
2014,MOZ,Mozambique,Tete,5.127687054068599e+28
2014,MOZ,Mozambique,Pemba,2.906123388095019e+28
2014,MOZ,Mozambique,Lichinga,3.240363220257393e+28
2014,MOZ,Mozambique,Xai-Xai,8.965296467167477e+28
2014,MOZ,Mozambique,Maxixe,4.246258186026441e+28
2014,NGA,Nigeria,Lagos,7.759379348786531e+28
2014,NGA,Nigeria,Abuja,7.272901570379477e+28
2014,NGA,Nigeria,Kano,5.403183894543425e+28
2014,NGA,Nigeria,Ibadan,6.45523892861728e+28
2014,NGA,Nigeria,Port Harcourt,5.5864019088226804e+28
2014,NGA,Nigeria,Benin City,5.806886124478033e+28
2014,NGA,Nigeria,Onitsha,6.512711179313938e+28
2014,NGA,Nigeria,Aba,5.311892095278451e+28
2014,NGA,Nigeria,Kaduna,7.442384021336304e+28
2014,NGA,Nigeria,Enugu,4.707704298586839e+28
2014,NGA,Nigeria,Ilorin,4.5596246781571585e+28
2014,NGA,Nigeria,Warri,3.1952658919277274e+28
2014,NGA,Nigeria,Maiduguri,6.52151383984016e+28
2014,NGA,Nigeria,Zaria,6.999939135933452e+28
2014,NGA,Nigeria,Sokoto,5.812972683486456e+28
2014,NGA,Nigeria,Uyo,4.845816095501042e+28
2014,NGA,Nigeria,Jos,5.665341676915548e+28
2014,NGA,Nigeria,Calabar,4.300498239842022e+28
2014,ZAF,South Africa,Johannesburg,4.142286146319489e+29
2014,ZAF,South Africa,Cape Town,7.257179252035994e+28
2014,ZAF,South Africa,Durban,8.431721641746463e+28
2014,ZAF,South Africa,Pretoria,2.1013590774993682e+29
2014,ZAF,South Africa,Port Elizabeth,5.120039781044274e+28
2014,ZAF,South Africa,Bloemfontein,6.781435005582092e+28
2014,ZAF,South Africa,East London,4.860455481621603e+28
2014,ZAF,South Africa,Soweto,2.365191157241978e+29
2014,ZAF,South Africa,Pietermaritzburg,1.030722482218785e+29
2014,ZAF,South Africa,Polokwane,9.57319951657827e+28
2014,ZAF,South Africa,Rustenburg,8.989279777828522e+28
2014,ZMB,Zambia,Lusaka,5.838024908595784e+28
2014,ZMB,Zambia,Kitwe,6.854928960421919e+28
2014,ZMB,Zambia,Ndola,6.649008077828256e+28
2014,ZMB,Zambia,Kabwe,5.525958044882382e+28
2014,ZMB,Zambia,Chingola,6.545334356123412e+28
2014,ZMB,Zambia,Livingstone,5.551601236334414e+28
2014,ZMB,Zambia,Solwezi,6.979951016198024e+28
2014,ZMB,Zambia,Mufulira,4.1606846914965735e+28
2014,ZMB,Zambia,Luanshya,6.9033425085639535e+28
2014,ZWE,Zimbabwe,Harare,6.254280338959824e+28
2014,ZWE,Zimbabwe,Bulawayo,5.0898063772565555e+28
2014,ZWE,Zimbabwe,Chitungwiza,4.247834832561705e+28
2014,ZWE,Zimbabwe,Mutare,5.34475443374124e+28
2014,ZWE,Zimbabwe,Gweru,5.613395658591197e+28
2014,ZWE,Zimbabwe,Kwekwe,5.716706891420574e+28
2014,ZWE,Zimbabwe,Masvingo,5.17765445441147e+28
2014,ZWE,Zimbabwe,Chinhoyi,6.437670996404362e+28
2014,ZWE,Zimbabwe,Kadoma,5.870542621455959e+28
2014,ZWE,Zimbabwe,Victoria Falls,5.551601236334414e+28
2014,ZWE,Zimbabwe,Redcliff,5.679739781704041e+28
2014,ZWE,Zimbabwe,Norton,6.8408452770704835e+28
2014,ZWE,Zimbabwe,Hwange,3.874360128137594e+28
2014,ZWE,Zimbabwe,Chegutu,6.319623786259457e+28
2014,COM,Comoros,Moroni,1.3466158743630984e+28
2014,COM,Comoros,Mutsamudu,1.85144714892824e+28
2014,COM,Comoros,Fomboni,1.2727361288383061e+28
2014,ERI,Eritrea,Asmara,4.867035445434898e+28
2014,ERI,Eritrea,Keren,4.733560948265424e+28
2014,ERI,Eritrea,Massawa,4.513161272731271e+28
2014,GNQ,Equatorial Guinea,Malabo,2.352479639201933e+28
2014,GNQ,Equatorial Guinea,Bata,1.8799608774124943e+28
2014,GNQ,Equatorial Guinea,Ebibeyin,2.228154639986272e+28
2014,GMB,Gambia,Banjul,4.695513574751369e+28
2014,GMB,Gambia,Serekunda,4.695513574751369e+28
2014,GMB,Gambia,Brikama,4.695513574751369e+28
2014,GIN,Guinea,Conakry,3.5333735234595816e+28
2014,GIN,Guinea,Kankan,5.78473675352779e+28
2014,GIN,Guinea,Kindia,4.429328119509586e+28
2014,GIN,Guinea,Nzérékoré,1.9302824508133109e+28
2014,GIN,Guinea,Labe,3.72617935241559e+28
2014,GIN,Guinea,Fria,4.467990949379672e+28
2014,GNB,Guinea-Bissau,Bissau,3.8170652949755797e+28
2014,GNB,Guinea-Bissau,Bafatá,4.657830950871144e+28
2014,GNB,Guinea-Bissau,Gabú,5.299725966239772e+28
2014,NAM,Namibia,Windhoek,3.278202799445242e+28
2014,NAM,Namibia,Walvis Bay,2.787218030728987e+28
2014,NAM,Namibia,Swakopmund,4.181463987243677e+28
2014,NAM,Namibia,Rundu,6.732170214490118e+28
2014,NAM,Namibia,Oshakati,4.733311159180595e+28
2014,NAM,Namibia,Otjiwarongo,3.8324176163825445e+28
2014,NER,Niger,Niamey,3.4389056649147227e+28
2014,NER,Niger,Zinder,3.4002267990976003e+28
2014,NER,Niger,Maradi,3.4582114143254593e+28
2014,NER,Niger,Agadez,1.9164064294694598e+28
2014,NER,Niger,Tahoua,4.346619238279091e+28
2014,RWA,Rwanda,Kigali,4.525864024674569e+28
2014,RWA,Rwanda,Huye,1.657652842695295e+28
2014,RWA,Rwanda,Rubavu,2.4699642292898273e+28
2014,RWA,Rwanda,Musanze,2.337659853090086e+28
2014,RWA,Rwanda,Rusizi,3.4471976656998497e+28
2014,STP,Sao Tome and Principe,São Tomé,1.93083258280905e+28
2014,STP,Sao Tome and Principe,Santo António,1.770700653360265e+28
2014,STP,Sao Tome and Principe,Neves,1.93083258280905e+28
2014,SEN,Senegal,Ziguinchor,4.745672149690324e+28
2014,SEN,Senegal,Tambacounda,5.4323454400613675e+28
2014,SEN,Senegal,Dakar,5.936128857222456e+28
2014,SEN,Senegal,Thiès,5.290103099746605e+28
2014,SEN,Senegal,Saint-Louis,2.4423921214968677e+28
2014,SEN,Senegal,Kaolack,5.337146014535397e+28
2014,SLE,Sierra Leone,Freetown,2.8347886035555387e+28
2014,SLE,Sierra Leone,Bo,2.0892789791326563e+28
2014,SLE,Sierra Leone,Kenema,2.8737173869958887e+28
2014,SLE,Sierra Leone,Makeni,5.0058805331266756e+28
2014,SOM,Somalia,Mogadishu,2.7422039674952357e+28
2014,SOM,Somalia,Hargeisa,3.606438158263021e+28
2014,SOM,Somalia,Bosaso,2.3296432797666538e+28
2014,SOM,Somalia,Kismayo,1.8470750269548308e+28
2014,SOM,Somalia,Baidoa,3.2481335425708776e+28
2014,SSD,South Sudan,Juba,7.886311083783666e+28
2014,SSD,South Sudan,Wau,3.5685950305134773e+28
2014,SSD,South Sudan,Malakal,6.264442890326872e+28
2014,SSD,South Sudan,Bor,6.8208378543111694e+28
2014,SDN,Sudan,Khartoum,5.165529549500181e+28
2014,SDN,Sudan,Omdurman,7.183313121495406e+28
2014,SDN,Sudan,Port Sudan,4.787032470321285e+28
2014,SDN,Sudan,Nyala,4.581315951125478e+28
2014,SDN,Sudan,Ed Damer,6.050715846879266e+28
2014,SDN,Sudan,El Obeid,4.882733180366159e+28
2014,SDN,Sudan,Kassala,5.504245806712303e+28
2014,SDN,Sudan,Wad Madani,6.179044957685863e+28
2014,SDN,Sudan,Kosti,6.04695472784762e+28
2014,SDN,Sudan,Rabak,4.146108691583362e+28
2014,SDN,Sudan,El Obeid,4.882733180366159e+28
2014,SDN,Sudan,Sennar,5.86656856754649e+28
2014,TZA,Tanzania,Dar es Salaam,5.390086053871988e+28
2014,TZA,Tanzania,Dodoma,2.567354799792344e+28
2014,TZA,Tanzania,Mwanza,3.494019243666854e+28
2014,TZA,Tanzania,Arusha,4.085658475789225e+28
2014,TZA,Tanzania,Zanzibar City,3.478565159707455e+28
2014,TZA,Tanzania,Mbeya,4.281898400772682e+28
2014,TZA,Tanzania,Tabora,4.330862069733882e+28
2014,TGO,Togo,Lomé,4.589981524568524e+28
2014,TGO,Togo,Sokodé,6.474186980755173e+28
2014,TGO,Togo,Kara,6.531049510698029e+28
2014,TGO,Togo,Atakpamé,5.585634843861655e+28
2014,UGA,Uganda,Kampala,5.131889954073071e+28
2014,UGA,Uganda,Entebbe,5.512365673528782e+28
2014,UGA,Uganda,Jinja,4.658457609373222e+28
2014,UGA,Uganda,Mbarara,3.963139337316331e+28
2014,UGA,Uganda,Gulu,5.6380163672764395e+28
2014,UGA,Uganda,Fort Portal,4.1598186160186434e+28
2015,AGO,Angola,Luanda,6.403996004259979e+28
2015,AGO,Angola,Benguela,5.3582067762990495e+28
2015,AGO,Angola,Lobito,5.69027228672289e+28
2015,AGO,Angola,Huambo,6.106585827957371e+28
2015,AGO,Angola,Lubango,2.5866282150775786e+28
2015,AGO,Angola,Cabinda,5.474101658147759e+28
2015,AGO,Angola,Malanje,1.0821809698107664e+29
2015,AGO,Angola,Namibe,3.7786309862348546e+28
2015,AGO,Angola,Sumbe,5.428647552463502e+28
2015,AGO,Angola,Uige,6.961202443321493e+28
2015,AGO,Angola,Soyo,4.611840724291355e+28
2015,BEN,Benin,Bohicon,5.9925163635487425e+28
2015,BEN,Benin,Abomey,3.9122211097105665e+28
2015,BEN,Benin,Ouidah,5.589343643359394e+28
2015,BEN,Benin,Kandi,6.2546993005609754e+28
2015,BEN,Benin,Natitingou,6.921267340572327e+28
2015,BEN,Benin,Save,4.891950388065538e+28
2015,BEN,Benin,Savalou,6.834298927972466e+28
2015,BEN,Benin,Comé,5.646065420679398e+28
2015,BEN,Benin,Allada,6.309585118240883e+28
2015,BEN,Benin,Dogbo,6.26640521765007e+28
2015,BEN,Benin,Lokossa,6.630409531790561e+28
2015,BEN,Benin,Tchaourou,5.6166033230862735e+28
2015,BEN,Benin,Malanville,5.916428697451643e+28
2015,BEN,Benin,Tanguiéta,7.281369607687681e+28
2015,BEN,Benin,Bassila,3.767331881543568e+28
2015,BEN,Benin,Pobe,7.120916664390857e+28
2015,BEN,Benin,Ketou,7.040456265882851e+28
2015,BWA,Botswana,Gaborone,6.867042296034489e+28
2015,BWA,Botswana,Francistown,2.9967737480305695e+28
2015,BWA,Botswana,Maun,4.517127505054901e+28
2015,BWA,Botswana,Serowe,4.6837898608707115e+28
2015,BWA,Botswana,Kanye,6.122079241368796e+28
2015,BWA,Botswana,Molepolole,4.245425130359895e+28
2015,BWA,Botswana,Mochudi,7.289414449398807e+28
2015,BWA,Botswana,Selebi-Phikwe,3.1987034023868766e+28
2015,BWA,Botswana,Palapye,5.14066800468057e+28
2015,BWA,Botswana,Lobatse,6.256190261459066e+28
2015,BWA,Botswana,Ramotswa,6.7934560838918106e+28
2015,BWA,Botswana,Letlhakane,4.595198148854777e+28
2015,BWA,Botswana,Orapa,4.592981531649652e+28
2015,BWA,Botswana,Kasane,5.468356031660839e+28
2015,BWA,Botswana,Ghanzi,4.023085554783996e+28
2015,BWA,Botswana,Jwaneng,5.368503684385477e+28
2015,BWA,Botswana,Tsabong,4.506676513057246e+28
2015,BWA,Botswana,Shoshong,3.824474501507881e+28
2015,BFA,Burkina Faso,Ouagadougou,5.6642644389676475e+28
2015,BFA,Burkina Faso,Bobo-Dioulasso,5.133110986170962e+28
2015,BFA,Burkina Faso,Koudougou,3.3370619900970934e+28
2015,BFA,Burkina Faso,Banfora,4.855775201891888e+28
2015,BFA,Burkina Faso,Ouahigouya,4.382339175828055e+28
2015,BFA,Burkina Faso,Kaya,4.305076712943049e+28
2015,BFA,Burkina Faso,Tenkodogo,4.851040783886575e+28
2015,BFA,Burkina Faso,Fada N'Gourma,4.954082984646975e+28
2015,BFA,Burkina Faso,Dedougou,4.761517396761201e+28
2015,BFA,Burkina Faso,Dori,4.427546433036042e+28
2015,BFA,Burkina Faso,Gaoua,6.114123625555734e+28
2015,BFA,Burkina Faso,Kongoussi,4.433490981991614e+28
2015,BFA,Burkina Faso,Manga,5.368140810689357e+28
2015,BFA,Burkina Faso,Reo,4.838773028820235e+28
2015,BFA,Burkina Faso,Ziniare,4.999885994189492e+28
2015,BFA,Burkina Faso,Hounde,3.28192566709166e+28
2015,BFA,Burkina Faso,Po,6.107959299802826e+28
2015,BFA,Burkina Faso,Leo,5.694771738727325e+28
2015,BDI,Burundi,Bujumbura,4.219214623984682e+28
2015,BDI,Burundi,Gitega,4.1373619522377845e+28
2015,BDI,Burundi,Ngozi,3.2480868753863083e+28
2015,BDI,Burundi,Rumonge,5.450136240470867e+28
2015,BDI,Burundi,Bururi,5.068523613874053e+28
2015,BDI,Burundi,Muyinga,4.217955232917704e+28
2015,BDI,Burundi,Ruyigi,3.1966886668441124e+28
2015,BDI,Burundi,Makamba,5.357782607288125e+28
2015,BDI,Burundi,Kayanza,3.470144666527889e+28
2015,BDI,Burundi,Muramvya,4.144312177856585e+28
2015,BDI,Burundi,Cibitoke,4.10579504683112e+28
2015,BDI,Burundi,Karuzi,4.274306543967104e+28
2015,BDI,Burundi,Kirundo,3.249417423877432e+28
2015,BDI,Burundi,Mwaro,2.7395245741196173e+28
2015,BDI,Burundi,Nyanza-Lac,5.472868188885183e+28
2015,CMR,Cameroon,Douala,3.571896268902825e+28
2015,CMR,Cameroon,Yaounde,1.6765074109419856e+28
2015,CMR,Cameroon,Garoua,6.109339558632249e+28
2015,CMR,Cameroon,Bamenda,4.548611903866141e+28
2015,CMR,Cameroon,Maroua,5.089258106717683e+28
2015,CMR,Cameroon,Ngaoundere,4.2787885060823024e+28
2015,CMR,Cameroon,Bafoussam,3.8842909399481507e+28
2015,CMR,Cameroon,Bertoua,3.316997440067945e+28
2015,CMR,Cameroon,Ebolowa,2.5602528000179066e+28
2015,CMR,Cameroon,Kribi,2.143393316069216e+28
2015,CMR,Cameroon,Limbe,4.350232996555421e+28
2015,CMR,Cameroon,Kumba,3.7756195648138825e+28
2015,CMR,Cameroon,Nkongsamba,3.6555428604321926e+28
2015,CMR,Cameroon,Edea,3.280881536425856e+28
2015,CMR,Cameroon,Sangmelima,2.061089214155842e+28
2015,CMR,Cameroon,Foumban,4.339975848992133e+28
2015,CMR,Cameroon,Dschang,3.8495023148979655e+28
2015,CMR,Cameroon,Kousseri,6.348066782090014e+28
2015,CAF,Central African Republic,Bangui,7.113871046638758e+28
2015,CAF,Central African Republic,Bimbo,4.074268056908888e+28
2015,CAF,Central African Republic,Berberati,4.3349746237484435e+28
2015,CAF,Central African Republic,Bambari,4.8929337943443175e+28
2015,CAF,Central African Republic,Bouar,6.692561446162707e+28
2015,CAF,Central African Republic,Bossangoa,5.048685347480222e+28
2015,CAF,Central African Republic,Bria,5.1243415637860625e+28
2015,CAF,Central African Republic,Bangassou,2.8760580393648217e+28
2015,CAF,Central African Republic,Kaga-Bandoro,4.642512845719578e+28
2015,CAF,Central African Republic,Mbaiki,2.6083851894454583e+28
2015,CAF,Central African Republic,Bozoum,6.944406461735902e+28
2015,CAF,Central African Republic,Carnot,9.886186243589118e+28
2015,CAF,Central African Republic,Sibut,6.642374669778984e+28
2015,CAF,Central African Republic,Alindao,6.96498996058657e+28
2015,CAF,Central African Republic,Mobaye,6.014944373658733e+28
2015,CAF,Central African Republic,Nola,2.9872916392017632e+28
2015,TCD,Chad,N'Djamena,6.348066782090014e+28
2015,TCD,Chad,Moundou,6.086298547197689e+28
2015,TCD,Chad,Sarh,5.506563301224416e+28
2015,TCD,Chad,Abeche,4.196963499921434e+28
2015,TCD,Chad,Kelo,5.756465096236847e+28
2015,TCD,Chad,Koumra,5.4942904443172515e+28
2015,TCD,Chad,Pala,5.467675698677959e+28
2015,TCD,Chad,Am Timan,4.4829198665973825e+28
2015,TCD,Chad,Bongor,5.4407912046233e+28
2015,TCD,Chad,Mongo,3.9119678056728817e+28
2015,TCD,Chad,Faya-Largeau,2.274960715656314e+28
2015,TCD,Chad,Doba,5.736297500592626e+28
2015,TCD,Chad,Ati,4.204413130183374e+28
2015,TCD,Chad,Biltine,3.660187614480923e+28
2015,TCD,Chad,Mao,3.8035391798962624e+28
2015,TCD,Chad,Massakory,3.397695867668835e+28
2015,COD,DR Congo,Kinshasa,8.40722227382531e+28
2015,COD,DR Congo,Lubumbashi,8.265277853180327e+28
2015,COD,DR Congo,Mbuji-Mayi,9.401350072771576e+28
2015,COD,DR Congo,Kisangani,3.1168194745681825e+28
2015,COD,DR Congo,Goma,3.7709756587681177e+28
2015,COD,DR Congo,Bukavu,1.8016003724947033e+28
2015,COD,DR Congo,Kananga,8.3218965791016e+28
2015,COD,DR Congo,Kolwezi,9.055394852575588e+28
2015,COD,DR Congo,Tshikapa,1.1322776508654037e+29
2015,COD,DR Congo,Matadi,6.599268142692469e+28
2015,COD,DR Congo,Boma,6.57811522595684e+28
2015,COD,DR Congo,Uvira,4.194228906989395e+28
2015,COD,DR Congo,Kindu,4.913770320574832e+28
2015,COD,DR Congo,Kalemie,6.9109123346152315e+28
2015,COD,DR Congo,Likasi,8.039357103836871e+28
2015,COD,DR Congo,Kikwit,9.737580133442338e+28
2015,COD,DR Congo,Gemena,3.1091959148157973e+28
2015,COD,DR Congo,Isiro,3.3412230607685512e+28
2015,COG,Congo Republic,Brazzaville,3.8174464212240707e+28
2015,COG,Congo Republic,Pointe-Noire,5.511465303864763e+28
2015,COG,Congo Republic,Dolisie,6.016908319936175e+28
2015,COG,Congo Republic,Nkayi,7.340457414533857e+28
2015,COG,Congo Republic,Owando,3.199708160482898e+28
2015,COG,Congo Republic,Ouesso,2.454327895793417e+28
2015,COG,Congo Republic,Impfondo,2.428803762275957e+28
2015,COG,Congo Republic,Sibiti,6.4640079243872065e+28
2015,COG,Congo Republic,Madingou,7.586080755228856e+28
2015,COG,Congo Republic,Kinkala,5.199974549420602e+28
2015,COG,Congo Republic,Mossendjo,3.4401335104124197e+28
2015,COG,Congo Republic,Gamboma,6.474549156390176e+28
2015,COG,Congo Republic,Djambala,3.975989912281754e+28
2015,CIV,Cote d'Ivoire,Abidjan,3.411635146841265e+28
2015,CIV,Cote d'Ivoire,Yamoussoukro,4.24539452223289e+28
2015,CIV,Cote d'Ivoire,Bouake,4.708435458261035e+28
2015,CIV,Cote d'Ivoire,Daloa,3.038275022089179e+28
2015,CIV,Cote d'Ivoire,San-Pedro,2.5973098451041494e+28
2015,CIV,Cote d'Ivoire,Korhogo,3.997634415558639e+28
2015,CIV,Cote d'Ivoire,Man,3.1147374121511434e+28
2015,CIV,Cote d'Ivoire,Gagnoa,2.7395339682117115e+28
2015,CIV,Cote d'Ivoire,Abengourou,2.0942744560373276e+28
2015,CIV,Cote d'Ivoire,Bondoukou,4.926575640765939e+28
2015,CIV,Cote d'Ivoire,Divo,2.7343370690477794e+28
2015,CIV,Cote d'Ivoire,Odienne,3.4663630341614014e+28
2015,CIV,Cote d'Ivoire,Ferkessedougou,4.562319264205167e+28
2015,CIV,Cote d'Ivoire,Soubre,2.372278748977164e+28
2015,CIV,Cote d'Ivoire,Sassandra,3.6332091322138063e+28
2015,CIV,Cote d'Ivoire,Agboville,3.1310257188034755e+28
2015,CIV,Cote d'Ivoire,Grand-Bassam,3.9099300463041496e+28
2015,CIV,Cote d'Ivoire,Dabou,4.630610961505287e+28
2015,ETH,Ethiopia,Addis Ababa,3.5510293486401126e+28
2015,ETH,Ethiopia,Dire Dawa,3.9574268344030537e+28
2015,ETH,Ethiopia,Mekelle,2.6244524682040954e+28
2015,ETH,Ethiopia,Bahir Dar,3.8034693657905386e+28
2015,ETH,Ethiopia,Hawassa,3.229351033700948e+28
2015,ETH,Ethiopia,Adama,3.5529080350637366e+28
2015,ETH,Ethiopia,Gondar,5.0812854743752045e+28
2015,ETH,Ethiopia,Jimma,3.9554594255050404e+28
2015,ETH,Ethiopia,Dessie,2.966802707683435e+28
2015,ETH,Ethiopia,Shashamane,3.231423924505642e+28
2015,ETH,Ethiopia,Harar,3.8159232634049094e+28
2015,ETH,Ethiopia,Arba Minch,3.3516779591009627e+28
2015,ETH,Ethiopia,Debre Markos,6.251988462770744e+28
2015,ETH,Ethiopia,Debre Birhan,3.217453529912934e+28
2015,ETH,Ethiopia,Nekemte,5.141219286526372e+28
2015,ETH,Ethiopia,Asella,2.576465898985837e+28
2015,ETH,Ethiopia,Wolaita Sodo,2.702447336792986e+28
2015,ETH,Ethiopia,Jijiga,3.688236967703248e+28
2015,GAB,Gabon,Libreville,2.0428717017796294e+28
2015,GAB,Gabon,Port-Gentil,2.4180771802406544e+28
2015,GAB,Gabon,Franceville,3.5500052540348752e+28
2015,GAB,Gabon,Oyem,2.1479984727287194e+28
2015,GAB,Gabon,Moanda,2.8554357836622015e+28
2015,GAB,Gabon,Lambarene,3.0257791363463887e+28
2015,GAB,Gabon,Mouila,3.471601928224667e+28
2015,GAB,Gabon,Koulamoutou,2.1308132494657715e+28
2015,GAB,Gabon,Tchibanga,2.5242743177286966e+28
2015,GAB,Gabon,Makokou,2.2002676748204656e+28
2015,GAB,Gabon,Bitam,1.747918540913344e+28
2015,GAB,Gabon,Ndende,2.570124538783543e+28
2015,GHA,Ghana,Accra,5.613256778717101e+28
2015,GHA,Ghana,Kumasi,4.5953810654195345e+28
2015,GHA,Ghana,Tamale,7.559790607695731e+28
2015,GHA,Ghana,Sekondi-Takoradi,2.3201939993237464e+28
2015,GHA,Ghana,Sunyani,4.688107633300548e+28
2015,GHA,Ghana,Cape Coast,2.5397028942658694e+28
2015,GHA,Ghana,Koforidua,3.491783966979972e+28
2015,GHA,Ghana,Ho,6.059633581924389e+28
2015,GHA,Ghana,Tema,5.613256778717101e+28
2015,GHA,Ghana,Obuasi,3.342846793413721e+28
2015,GHA,Ghana,Bolgatanga,6.607321079776891e+28
2015,GHA,Ghana,Wa,4.4945164541845085e+28
2015,GHA,Ghana,Techiman,6.091293877978069e+28
2015,GHA,Ghana,Tarkwa,2.322456843822947e+28
2015,GHA,Ghana,Sefwi Wiawso,2.105136827178903e+28
2015,GHA,Ghana,Nkawkaw,5.389345819352308e+28
2015,GHA,Ghana,Dunkwa-on-Offin,3.0447418347262167e+28
2015,GHA,Ghana,Yendi,4.880810117480483e+28
2015,KEN,Kenya,Nairobi,4.610238639072752e+28
2015,KEN,Kenya,Mombasa,3.470289712554721e+28
2015,KEN,Kenya,Kisumu,3.367430133817546e+28
2015,KEN,Kenya,Nakuru,2.364313671939241e+28
2015,KEN,Kenya,Eldoret,1.05008298175048e+28
2015,KEN,Kenya,Thika,4.062821761698603e+28
2015,KEN,Kenya,Malindi,2.7163837593679287e+28
2015,KEN,Kenya,Kitale,1.9633472330786524e+28
2015,KEN,Kenya,Garissa,2.9158581595831544e+28
2015,KEN,Kenya,Nyeri,3.675813269569072e+28
2015,KEN,Kenya,Machakos,2.253284570689195e+28
2015,KEN,Kenya,Meru,2.7551926011441268e+28
2015,KEN,Kenya,Kericho,3.5516527961585395e+28
2015,KEN,Kenya,Naivasha,4.1990034558298e+28
2015,KEN,Kenya,Embu,4.153679240945629e+28
2015,KEN,Kenya,Lodwar,3.313926649604304e+28
2015,KEN,Kenya,Isiolo,2.801201360762377e+28
2015,KEN,Kenya,Wajir,2.090858706776173e+28
2015,LSO,Lesotho,Maseru,6.072198005726236e+28
2015,LSO,Lesotho,Teyateyaneng,4.376622053197069e+28
2015,LSO,Lesotho,Mafeteng,5.39905203395746e+28
2015,LBR,Liberia,Monrovia,2.7466267232051854e+28
2015,LBR,Liberia,Gbarnga,2.2583732886173466e+28
2015,LBR,Liberia,Buchanan,2.0442856845084553e+28
2015,LBR,Liberia,Harper,3.000676790679638e+28
2015,LBR,Liberia,Voinjama,3.1796410649768287e+28
2015,LBR,Liberia,Zwedru,2.4395565833040426e+28
2015,LBR,Liberia,Kakata,3.0768899074423253e+28
2015,LBR,Liberia,Greenville,1.7305206713451518e+28
2015,LBR,Liberia,Tubmanburg,2.877645930930072e+28
2015,LBR,Liberia,Ganta,3.0229127938490326e+28
2015,LBR,Liberia,Robertsport,1.7030289711766138e+28
2015,LBR,Liberia,Fish Town,2.026492918437078e+28
2015,MDG,Madagascar,Antananarivo,3.344404625235436e+28
2015,MDG,Madagascar,Toamasina,4.41956526427311e+28
2015,MDG,Madagascar,Antsirabe,4.817717134742256e+28
2015,MDG,Madagascar,Mahajanga,4.18816130595887e+28
2015,MDG,Madagascar,Fianarantsoa,5.213207220852977e+28
2015,MDG,Madagascar,Toliara,3.7632299046605864e+28
2015,MDG,Madagascar,Antsiranana,2.8994756279836184e+28
2015,MDG,Madagascar,Morondava,4.786439858108294e+28
2015,MDG,Madagascar,Sambava,2.89784732245946e+28
2015,MDG,Madagascar,Ambatondrazaka,5.064802233102892e+28
2015,MDG,Madagascar,Farafangana,3.5553813636965515e+28
2015,MDG,Madagascar,Mananjary,3.6723584460578235e+28
2015,MDG,Madagascar,Manakara,3.6316009799854747e+28
2015,MDG,Madagascar,Antalaha,2.2494886192745432e+28
2015,MDG,Madagascar,Hell-Ville,2.905839143862596e+28
2015,MDG,Madagascar,Marovoay,5.645103265956269e+28
2015,MDG,Madagascar,Ambanja,3.2976536766792953e+28
2015,MWI,Malawi,Lilongwe,3.2267429161560237e+28
2015,MWI,Malawi,Blantyre,4.274892821219348e+28
2015,MWI,Malawi,Mzuzu,4.8354485991618245e+28
2015,MWI,Malawi,Zomba,5.2248917062996765e+28
2015,MWI,Malawi,Karonga,5.359846848044839e+28
2015,MWI,Malawi,Mangochi,5.7689534799463995e+28
2015,MWI,Malawi,Salima,4.739432498277236e+28
2015,MLI,Mali,Bamako,4.023408538469136e+28
2015,MLI,Mali,Sikasso,5.1789871982206e+28
2015,MLI,Mali,Mopti,2.6436067422989295e+28
2015,MLI,Mali,Koutiala,4.942488717701398e+28
2015,MLI,Mali,Kayes,6.347585458203066e+28
2015,MLI,Mali,Segou,2.884416198559969e+28
2015,MRT,Mauritania,Nouakchott,3.896343656581527e+28
2015,MRT,Mauritania,Nouadhibou,2.2844075017496003e+28
2015,MRT,Mauritania,Rosso,2.621311962586011e+28
2015,MRT,Mauritania,Zouerate,1.8289819038086513e+28
2015,MRT,Mauritania,Atar,2.5731588131844683e+28
2015,MRT,Mauritania,Kaedi,2.614003769643523e+28
2015,MOZ,Mozambique,Maputo,1.7356526997033184e+29
2015,MOZ,Mozambique,Matola,1.99855970917708e+29
2015,MOZ,Mozambique,Beira,5.808793472977366e+28
2015,MOZ,Mozambique,Nampula,7.816212869010131e+28
2015,MOZ,Mozambique,Chimoio,6.890377461864476e+28
2015,MOZ,Mozambique,Nacala,4.807978030603578e+28
2015,MOZ,Mozambique,Quelimane,6.734422069033198e+28
2015,MOZ,Mozambique,Tete,6.128036128194659e+28
2015,MOZ,Mozambique,Pemba,3.487616771847219e+28
2015,MOZ,Mozambique,Lichinga,3.7489714943631537e+28
2015,MOZ,Mozambique,Xai-Xai,8.0937784345188e+28
2015,MOZ,Mozambique,Maxixe,3.760118918604333e+28
2015,NGA,Nigeria,Lagos,8.451873163746356e+28
2015,NGA,Nigeria,Abuja,7.352135983480441e+28
2015,NGA,Nigeria,Kano,4.845959539974301e+28
2015,NGA,Nigeria,Ibadan,7.374801156426927e+28
2015,NGA,Nigeria,Port Harcourt,6.895338446521003e+28
2015,NGA,Nigeria,Benin City,6.293199329111173e+28
2015,NGA,Nigeria,Onitsha,7.791432513872349e+28
2015,NGA,Nigeria,Aba,6.774628966594411e+28
2015,NGA,Nigeria,Kaduna,7.493975429448076e+28
2015,NGA,Nigeria,Enugu,5.51085302211995e+28
2015,NGA,Nigeria,Ilorin,4.821682027666444e+28
2015,NGA,Nigeria,Warri,3.921587788571734e+28
2015,NGA,Nigeria,Maiduguri,5.5496395297516805e+28
2015,NGA,Nigeria,Zaria,6.976902952693083e+28
2015,NGA,Nigeria,Sokoto,5.466894858086696e+28
2015,NGA,Nigeria,Uyo,5.587265734772566e+28
2015,NGA,Nigeria,Jos,5.570182599877013e+28
2015,NGA,Nigeria,Calabar,4.872721692139192e+28
2015,ZAF,South Africa,Johannesburg,3.962851011832279e+29
2015,ZAF,South Africa,Cape Town,7.690616694909991e+28
2015,ZAF,South Africa,Durban,9.535906316666973e+28
2015,ZAF,South Africa,Pretoria,1.972548969669379e+29
2015,ZAF,South Africa,Port Elizabeth,5.1511824254152395e+28
2015,ZAF,South Africa,Bloemfontein,7.342697168060332e+28
2015,ZAF,South Africa,East London,5.008561673517167e+28
2015,ZAF,South Africa,Soweto,2.1976457917491955e+29
2015,ZAF,South Africa,Pietermaritzburg,1.1704974344083147e+29
2015,ZAF,South Africa,Polokwane,9.866271060064648e+28
2015,ZAF,South Africa,Rustenburg,9.112558515307417e+28
2015,ZMB,Zambia,Lusaka,6.434616168484338e+28
2015,ZMB,Zambia,Kitwe,8.277341492794235e+28
2015,ZMB,Zambia,Ndola,8.282022049406414e+28
2015,ZMB,Zambia,Kabwe,5.878589604380444e+28
2015,ZMB,Zambia,Chingola,7.867226297269123e+28
2015,ZMB,Zambia,Livingstone,5.316427798841978e+28
2015,ZMB,Zambia,Solwezi,8.505380618965876e+28
2015,ZMB,Zambia,Mufulira,5.238440099052236e+28
2015,ZMB,Zambia,Luanshya,8.149176263546396e+28
2015,ZWE,Zimbabwe,Harare,6.1427750363535725e+28
2015,ZWE,Zimbabwe,Bulawayo,4.364898090921947e+28
2015,ZWE,Zimbabwe,Chitungwiza,4.122272475196313e+28
2015,ZWE,Zimbabwe,Mutare,4.594170169114186e+28
2015,ZWE,Zimbabwe,Gweru,4.5311603582935e+28
2015,ZWE,Zimbabwe,Kwekwe,4.814404434286961e+28
2015,ZWE,Zimbabwe,Masvingo,4.305365489512543e+28
2015,ZWE,Zimbabwe,Chinhoyi,6.630252523541598e+28
2015,ZWE,Zimbabwe,Kadoma,5.378971827220166e+28
2015,ZWE,Zimbabwe,Victoria Falls,5.316427798841978e+28
2015,ZWE,Zimbabwe,Redcliff,4.691751848095734e+28
2015,ZWE,Zimbabwe,Norton,6.557159705100462e+28
2015,ZWE,Zimbabwe,Hwange,3.5871666737815085e+28
2015,ZWE,Zimbabwe,Chegutu,5.930622213657848e+28
2015,COM,Comoros,Moroni,1.5918714382377234e+28
2015,COM,Comoros,Mutsamudu,2.3167105011252487e+28
2015,COM,Comoros,Fomboni,1.4793137543464848e+28
2015,ERI,Eritrea,Asmara,4.3017221239629365e+28
2015,ERI,Eritrea,Keren,4.052923944264351e+28
2015,ERI,Eritrea,Massawa,4.0555927587600195e+28
2015,GNQ,Equatorial Guinea,Malabo,2.4953047486419755e+28
2015,GNQ,Equatorial Guinea,Bata,1.7590989175327635e+28
2015,GNQ,Equatorial Guinea,Ebibeyin,2.5980685812154512e+28
2015,GMB,Gambia,Banjul,4.57557120677855e+28
2015,GMB,Gambia,Serekunda,4.57557120677855e+28
2015,GMB,Gambia,Brikama,4.57557120677855e+28
2015,GIN,Guinea,Conakry,3.9567419091941485e+28
2015,GIN,Guinea,Kankan,6.471218393092828e+28
2015,GIN,Guinea,Kindia,4.710536342364749e+28
2015,GIN,Guinea,Nzérékoré,2.4081272641610855e+28
2015,GIN,Guinea,Labe,3.8083806847081074e+28
2015,GIN,Guinea,Fria,4.343964091663057e+28
2015,GNB,Guinea-Bissau,Bissau,3.8469771660645767e+28
2015,GNB,Guinea-Bissau,Bafatá,4.852962741873752e+28
2015,GNB,Guinea-Bissau,Gabú,5.181039334920049e+28
2015,NAM,Namibia,Windhoek,3.2648523300793703e+28
2015,NAM,Namibia,Walvis Bay,2.686595916418941e+28
2015,NAM,Namibia,Swakopmund,3.9748695043456205e+28
2015,NAM,Namibia,Rundu,6.940010227293423e+28
2015,NAM,Namibia,Oshakati,5.333141321173708e+28
2015,NAM,Namibia,Otjiwarongo,3.5340987616492495e+28
2015,NER,Niger,Niamey,3.2976255047826885e+28
2015,NER,Niger,Zinder,3.093186695068489e+28
2015,NER,Niger,Maradi,3.2425512141042504e+28
2015,NER,Niger,Agadez,1.8576216979693747e+28
2015,NER,Niger,Tahoua,4.086837237581297e+28
2015,RWA,Rwanda,Kigali,4.173943284874138e+28
2015,RWA,Rwanda,Huye,1.9089838389042276e+28
2015,RWA,Rwanda,Rubavu,2.4645345879206353e+28
2015,RWA,Rwanda,Musanze,1.9973047302647433e+28
2015,RWA,Rwanda,Rusizi,2.8286053978811065e+28
2015,STP,Sao Tome and Principe,São Tomé,1.8138269436151612e+28
2015,STP,Sao Tome and Principe,Santo António,1.9096514915372465e+28
2015,STP,Sao Tome and Principe,Neves,1.8138269436151612e+28
2015,SEN,Senegal,Ziguinchor,4.2818658284971046e+28
2015,SEN,Senegal,Tambacounda,5.835152898418275e+28
2015,SEN,Senegal,Dakar,7.200567159608686e+28
2015,SEN,Senegal,Thiès,6.087429989250537e+28
2015,SEN,Senegal,Saint-Louis,2.5716881976336497e+28
2015,SEN,Senegal,Kaolack,5.144094753530943e+28
2015,SLE,Sierra Leone,Freetown,3.68601971481661e+28
2015,SLE,Sierra Leone,Bo,2.5844312074762443e+28
2015,SLE,Sierra Leone,Kenema,3.7494793871381686e+28
2015,SLE,Sierra Leone,Makeni,5.632127818070026e+28
2015,SOM,Somalia,Mogadishu,2.826448974970857e+28
2015,SOM,Somalia,Hargeisa,3.860302263793399e+28
2015,SOM,Somalia,Bosaso,2.364859115116136e+28
2015,SOM,Somalia,Kismayo,1.8875211202565492e+28
2015,SOM,Somalia,Baidoa,3.0489624153495197e+28
2015,SSD,South Sudan,Juba,8.350498902002445e+28
2015,SSD,South Sudan,Wau,3.6663440177716158e+28
2015,SSD,South Sudan,Malakal,6.3835252555739355e+28
2015,SSD,South Sudan,Bor,7.006973741435353e+28
2015,SDN,Sudan,Khartoum,5.45059710342111e+28
2015,SDN,Sudan,Omdurman,7.289945627381898e+28
2015,SDN,Sudan,Port Sudan,4.1811867988146e+28
2015,SDN,Sudan,Nyala,4.432527499749004e+28
2015,SDN,Sudan,Ed Damer,5.452132613446456e+28
2015,SDN,Sudan,El Obeid,4.540493009140579e+28
2015,SDN,Sudan,Kassala,5.134779802823006e+28
2015,SDN,Sudan,Wad Madani,6.059166658974784e+28
2015,SDN,Sudan,Kosti,6.376042149438803e+28
2015,SDN,Sudan,Rabak,4.277331619643158e+28
2015,SDN,Sudan,El Obeid,4.540493009140579e+28
2015,SDN,Sudan,Sennar,5.662212896295918e+28
2015,TZA,Tanzania,Dar es Salaam,5.559184866572915e+28
2015,TZA,Tanzania,Dodoma,2.7521341103849033e+28
2015,TZA,Tanzania,Mwanza,3.6805849679118163e+28
2015,TZA,Tanzania,Arusha,3.806785990672913e+28
2015,TZA,Tanzania,Zanzibar City,3.9316391987257125e+28
2015,TZA,Tanzania,Mbeya,4.957596825796946e+28
2015,TZA,Tanzania,Tabora,4.665483406187157e+28
2015,TGO,Togo,Lomé,5.484988814542748e+28
2015,TGO,Togo,Sokodé,7.0866256540887775e+28
2015,TGO,Togo,Kara,6.874572639003212e+28
2015,TGO,Togo,Atakpamé,7.058157578360255e+28
2015,UGA,Uganda,Kampala,6.056390797593253e+28
2015,UGA,Uganda,Entebbe,6.210971383094853e+28
2015,UGA,Uganda,Jinja,5.350818462601803e+28
2015,UGA,Uganda,Mbarara,4.094150847974132e+28
2015,UGA,Uganda,Gulu,6.509854453057313e+28
2015,UGA,Uganda,Fort Portal,4.838589743802156e+28
2016,AGO,Angola,Luanda,5.905006213534762e+28
2016,AGO,Angola,Benguela,5.789105043806563e+28
2016,AGO,Angola,Lobito,6.3378945156183396e+28
2016,AGO,Angola,Huambo,6.857597044413211e+28
2016,AGO,Angola,Lubango,2.689138806696535e+28
2016,AGO,Angola,Cabinda,5.1108691312199935e+28
2016,AGO,Angola,Malanje,9.795320699323488e+28
2016,AGO,Angola,Namibe,4.032658615795981e+28
2016,AGO,Angola,Sumbe,6.084958222658452e+28
2016,AGO,Angola,Uige,6.218300424222451e+28
2016,AGO,Angola,Soyo,4.489761287910871e+28
2016,BEN,Benin,Bohicon,6.0882161740090255e+28
2016,BEN,Benin,Abomey,3.846341606050341e+28
2016,BEN,Benin,Ouidah,5.16508764584432e+28
2016,BEN,Benin,Kandi,7.105248124838987e+28
2016,BEN,Benin,Natitingou,8.351697000224429e+28
2016,BEN,Benin,Save,4.458468278312018e+28
2016,BEN,Benin,Savalou,6.484203648317179e+28
2016,BEN,Benin,Comé,5.281108742037279e+28
2016,BEN,Benin,Allada,6.103828662551102e+28
2016,BEN,Benin,Dogbo,6.117971552824916e+28
2016,BEN,Benin,Lokossa,6.4047169686766065e+28
2016,BEN,Benin,Tchaourou,6.0034036704986794e+28
2016,BEN,Benin,Malanville,6.26991815281982e+28
2016,BEN,Benin,Tanguiéta,8.868550972599175e+28
2016,BEN,Benin,Bassila,4.176129695523529e+28
2016,BEN,Benin,Pobe,7.256228830280858e+28
2016,BEN,Benin,Ketou,7.115620510609111e+28
2016,BWA,Botswana,Gaborone,7.524618588411273e+28
2016,BWA,Botswana,Francistown,3.0021648874402605e+28
2016,BWA,Botswana,Maun,4.803509279348907e+28
2016,BWA,Botswana,Serowe,5.413029939356123e+28
2016,BWA,Botswana,Kanye,7.101774136152143e+28
2016,BWA,Botswana,Molepolole,4.662681027738682e+28
2016,BWA,Botswana,Mochudi,7.40275078136745e+28
2016,BWA,Botswana,Selebi-Phikwe,3.2376717348834455e+28
2016,BWA,Botswana,Palapye,5.460762994967135e+28
2016,BWA,Botswana,Lobatse,7.215897005366351e+28
2016,BWA,Botswana,Ramotswa,7.628171186561208e+28
2016,BWA,Botswana,Letlhakane,4.654220291021406e+28
2016,BWA,Botswana,Orapa,4.760881576345963e+28
2016,BWA,Botswana,Kasane,5.766234886055062e+28
2016,BWA,Botswana,Ghanzi,4.1501362194627965e+28
2016,BWA,Botswana,Jwaneng,6.149336085360905e+28
2016,BWA,Botswana,Tsabong,4.59324676766639e+28
2016,BWA,Botswana,Shoshong,3.863536454116956e+28
2016,BFA,Burkina Faso,Ouagadougou,5.993929792038264e+28
2016,BFA,Burkina Faso,Bobo-Dioulasso,5.788772548175383e+28
2016,BFA,Burkina Faso,Koudougou,3.9455800274092466e+28
2016,BFA,Burkina Faso,Banfora,5.116623603611856e+28
2016,BFA,Burkina Faso,Ouahigouya,4.624180177688677e+28
2016,BFA,Burkina Faso,Kaya,4.70502887555289e+28
2016,BFA,Burkina Faso,Tenkodogo,5.369165302441003e+28
2016,BFA,Burkina Faso,Fada N'Gourma,5.449391989547536e+28
2016,BFA,Burkina Faso,Dedougou,5.315435577537648e+28
2016,BFA,Burkina Faso,Dori,5.104602182899963e+28
2016,BFA,Burkina Faso,Gaoua,6.595925193512146e+28
2016,BFA,Burkina Faso,Kongoussi,4.520608763906141e+28
2016,BFA,Burkina Faso,Manga,5.863764012093923e+28
2016,BFA,Burkina Faso,Reo,5.600844119661665e+28
2016,BFA,Burkina Faso,Ziniare,5.310384338758767e+28
2016,BFA,Burkina Faso,Hounde,3.71831171880438e+28
2016,BFA,Burkina Faso,Po,6.99709032796023e+28
2016,BFA,Burkina Faso,Leo,6.669114399501654e+28
2016,BDI,Burundi,Bujumbura,3.9276138516572757e+28
2016,BDI,Burundi,Gitega,3.2927995459744114e+28
2016,BDI,Burundi,Ngozi,3.1300554204131327e+28
2016,BDI,Burundi,Rumonge,4.345134713901368e+28
2016,BDI,Burundi,Bururi,4.102452389282423e+28
2016,BDI,Burundi,Muyinga,3.8688107202131138e+28
2016,BDI,Burundi,Ruyigi,2.7134574245002377e+28
2016,BDI,Burundi,Makamba,4.530646154672327e+28
2016,BDI,Burundi,Kayanza,3.2214003408028915e+28
2016,BDI,Burundi,Muramvya,3.418004678621699e+28
2016,BDI,Burundi,Cibitoke,4.20748268146693e+28
2016,BDI,Burundi,Karuzi,3.7510906987759733e+28
2016,BDI,Burundi,Kirundo,3.2751509383220265e+28
2016,BDI,Burundi,Mwaro,2.2728803877550514e+28
2016,BDI,Burundi,Nyanza-Lac,4.498826525046433e+28
2016,CMR,Cameroon,Douala,3.436253545508478e+28
2016,CMR,Cameroon,Yaounde,1.968611005444504e+28
2016,CMR,Cameroon,Garoua,6.715718878613321e+28
2016,CMR,Cameroon,Bamenda,4.5754562662396775e+28
2016,CMR,Cameroon,Maroua,5.818569571577931e+28
2016,CMR,Cameroon,Ngaoundere,5.202921337320503e+28
2016,CMR,Cameroon,Bafoussam,3.813000319615343e+28
2016,CMR,Cameroon,Bertoua,3.3093091110439267e+28
2016,CMR,Cameroon,Ebolowa,2.3142569215353806e+28
2016,CMR,Cameroon,Kribi,1.8522104944724284e+28
2016,CMR,Cameroon,Limbe,4.157138168324491e+28
2016,CMR,Cameroon,Kumba,4.229140296819703e+28
2016,CMR,Cameroon,Nkongsamba,3.9730624585093e+28
2016,CMR,Cameroon,Edea,2.9855530258944057e+28
2016,CMR,Cameroon,Sangmelima,2.1218073900897197e+28
2016,CMR,Cameroon,Foumban,4.2142330315576745e+28
2016,CMR,Cameroon,Dschang,3.7608652046515296e+28
2016,CMR,Cameroon,Kousseri,6.3876451721550785e+28
2016,CAF,Central African Republic,Bangui,5.875858747501982e+28
2016,CAF,Central African Republic,Bimbo,3.603816260256868e+28
2016,CAF,Central African Republic,Berberati,3.3870274231121895e+28
2016,CAF,Central African Republic,Bambari,5.1390350643753095e+28
2016,CAF,Central African Republic,Bouar,6.880380741398605e+28
2016,CAF,Central African Republic,Bossangoa,5.035144027117497e+28
2016,CAF,Central African Republic,Bria,6.146696312182115e+28
2016,CAF,Central African Republic,Bangassou,2.8080589366840355e+28
2016,CAF,Central African Republic,Kaga-Bandoro,5.481026579248874e+28
2016,CAF,Central African Republic,Mbaiki,2.5333461306300885e+28
2016,CAF,Central African Republic,Bozoum,7.294970751480036e+28
2016,CAF,Central African Republic,Carnot,8.110884417072202e+28
2016,CAF,Central African Republic,Sibut,7.3181836391808445e+28
2016,CAF,Central African Republic,Alindao,6.637690178735028e+28
2016,CAF,Central African Republic,Mobaye,5.756301461512774e+28
2016,CAF,Central African Republic,Nola,2.862436429203692e+28
2016,TCD,Chad,N'Djamena,6.3876451721550785e+28
2016,TCD,Chad,Moundou,6.594657702935253e+28
2016,TCD,Chad,Sarh,6.279826540263272e+28
2016,TCD,Chad,Abeche,4.059592395179716e+28
2016,TCD,Chad,Kelo,6.256296925936581e+28
2016,TCD,Chad,Koumra,6.480858855304688e+28
2016,TCD,Chad,Pala,6.250717259404802e+28
2016,TCD,Chad,Am Timan,4.46786598857495e+28
2016,TCD,Chad,Bongor,5.607546423794615e+28
2016,TCD,Chad,Mongo,3.978244485243315e+28
2016,TCD,Chad,Faya-Largeau,2.240923611425904e+28
2016,TCD,Chad,Doba,6.524711706156434e+28
2016,TCD,Chad,Ati,4.342709913277371e+28
2016,TCD,Chad,Biltine,3.77695833600948e+28
2016,TCD,Chad,Mao,4.133089737609479e+28
2016,TCD,Chad,Massakory,3.5201809691793517e+28
2016,COD,DR Congo,Kinshasa,7.873739486168284e+28
2016,COD,DR Congo,Lubumbashi,8.389680747002711e+28
2016,COD,DR Congo,Mbuji-Mayi,8.102716197204683e+28
2016,COD,DR Congo,Kisangani,2.6519323793609042e+28
2016,COD,DR Congo,Goma,3.1190173280546784e+28
2016,COD,DR Congo,Bukavu,2.0951838574034063e+28
2016,COD,DR Congo,Kananga,7.3363380287550095e+28
2016,COD,DR Congo,Kolwezi,8.87455527628851e+28
2016,COD,DR Congo,Tshikapa,1.0718400224136831e+29
2016,COD,DR Congo,Matadi,5.710622213597884e+28
2016,COD,DR Congo,Boma,5.820801308491011e+28
2016,COD,DR Congo,Uvira,4.107670411147607e+28
2016,COD,DR Congo,Kindu,4.178244825036217e+28
2016,COD,DR Congo,Kalemie,5.501367620332935e+28
2016,COD,DR Congo,Likasi,8.072555835930597e+28
2016,COD,DR Congo,Kikwit,8.798201348394413e+28
2016,COD,DR Congo,Gemena,3.2392451462793334e+28
2016,COD,DR Congo,Isiro,3.193860051503029e+28
2016,COG,Congo Republic,Brazzaville,3.57705403492747e+28
2016,COG,Congo Republic,Pointe-Noire,4.895753035349711e+28
2016,COG,Congo Republic,Dolisie,5.553783864051974e+28
2016,COG,Congo Republic,Nkayi,6.3956024179124165e+28
2016,COG,Congo Republic,Owando,2.9137102336477788e+28
2016,COG,Congo Republic,Ouesso,2.284511155387121e+28
2016,COG,Congo Republic,Impfondo,2.328182982192124e+28
2016,COG,Congo Republic,Sibiti,5.716050555117399e+28
2016,COG,Congo Republic,Madingou,6.545415542844205e+28
2016,COG,Congo Republic,Kinkala,4.759088176811754e+28
2016,COG,Congo Republic,Mossendjo,4.115120547054029e+28
2016,COG,Congo Republic,Gamboma,6.082892219299523e+28
2016,COG,Congo Republic,Djambala,3.6590042437709027e+28
2016,CIV,Cote d'Ivoire,Abidjan,3.336085965074839e+28
2016,CIV,Cote d'Ivoire,Yamoussoukro,3.9750095200814006e+28
2016,CIV,Cote d'Ivoire,Bouake,4.3766116929710345e+28
2016,CIV,Cote d'Ivoire,Daloa,3.1934461259735917e+28
2016,CIV,Cote d'Ivoire,San-Pedro,2.453851951725021e+28
2016,CIV,Cote d'Ivoire,Korhogo,4.206056596474746e+28
2016,CIV,Cote d'Ivoire,Man,3.3745350386164858e+28
2016,CIV,Cote d'Ivoire,Gagnoa,3.3209344168148696e+28
2016,CIV,Cote d'Ivoire,Abengourou,2.2092699482341543e+28
2016,CIV,Cote d'Ivoire,Bondoukou,4.245215886748049e+28
2016,CIV,Cote d'Ivoire,Divo,3.2344512879266806e+28
2016,CIV,Cote d'Ivoire,Odienne,3.5502576954188095e+28
2016,CIV,Cote d'Ivoire,Ferkessedougou,4.9700366426988605e+28
2016,CIV,Cote d'Ivoire,Soubre,2.0748425377244277e+28
2016,CIV,Cote d'Ivoire,Sassandra,3.304308859574454e+28
2016,CIV,Cote d'Ivoire,Agboville,3.2571536087509642e+28
2016,CIV,Cote d'Ivoire,Grand-Bassam,3.775974359428135e+28
2016,CIV,Cote d'Ivoire,Dabou,4.600350352463889e+28
2016,ETH,Ethiopia,Addis Ababa,3.5144038474889564e+28
2016,ETH,Ethiopia,Dire Dawa,4.097669141258181e+28
2016,ETH,Ethiopia,Mekelle,2.949927875139835e+28
2016,ETH,Ethiopia,Bahir Dar,4.112852455759068e+28
2016,ETH,Ethiopia,Hawassa,3.268886095211971e+28
2016,ETH,Ethiopia,Adama,3.806689570905279e+28
2016,ETH,Ethiopia,Gondar,5.220795916445752e+28
2016,ETH,Ethiopia,Jimma,3.0315233628687145e+28
2016,ETH,Ethiopia,Dessie,3.596997157676178e+28
2016,ETH,Ethiopia,Shashamane,2.9136960833600793e+28
2016,ETH,Ethiopia,Harar,3.836858518910738e+28
2016,ETH,Ethiopia,Arba Minch,3.2554696015228003e+28
2016,ETH,Ethiopia,Debre Markos,5.52385550358106e+28
2016,ETH,Ethiopia,Debre Birhan,3.703387300304162e+28
2016,ETH,Ethiopia,Nekemte,5.006821835034014e+28
2016,ETH,Ethiopia,Asella,2.501150568587479e+28
2016,ETH,Ethiopia,Wolaita Sodo,2.880653689212827e+28
2016,ETH,Ethiopia,Jijiga,3.8704441696991438e+28
2016,GAB,Gabon,Libreville,2.530255543874913e+28
2016,GAB,Gabon,Port-Gentil,2.262207640082203e+28
2016,GAB,Gabon,Franceville,3.1201323168326493e+28
2016,GAB,Gabon,Oyem,2.246441081793352e+28
2016,GAB,Gabon,Moanda,2.5202907924078323e+28
2016,GAB,Gabon,Lambarene,3.6434786675305136e+28
2016,GAB,Gabon,Mouila,3.1159952232101747e+28
2016,GAB,Gabon,Koulamoutou,2.138580655484519e+28
2016,GAB,Gabon,Tchibanga,3.259175574013086e+28
2016,GAB,Gabon,Makokou,2.079236075693891e+28
2016,GAB,Gabon,Bitam,1.2323874199315465e+28
2016,GAB,Gabon,Ndende,2.8581257138855963e+28
2016,GHA,Ghana,Accra,5.759763208400877e+28
2016,GHA,Ghana,Kumasi,4.737948246314358e+28
2016,GHA,Ghana,Tamale,7.96195358138206e+28
2016,GHA,Ghana,Sekondi-Takoradi,2.556284597922893e+28
2016,GHA,Ghana,Sunyani,4.9789824021825015e+28
2016,GHA,Ghana,Cape Coast,2.521867649599938e+28
2016,GHA,Ghana,Koforidua,3.3955004809540195e+28
2016,GHA,Ghana,Ho,5.736093909879785e+28
2016,GHA,Ghana,Tema,5.759763208400877e+28
2016,GHA,Ghana,Obuasi,3.3658454834095837e+28
2016,GHA,Ghana,Bolgatanga,7.33469071605289e+28
2016,GHA,Ghana,Wa,5.0737779462772485e+28
2016,GHA,Ghana,Techiman,5.621506751977144e+28
2016,GHA,Ghana,Tarkwa,2.3048171712447747e+28
2016,GHA,Ghana,Sefwi Wiawso,2.0799028379381627e+28
2016,GHA,Ghana,Nkawkaw,5.062099370990653e+28
2016,GHA,Ghana,Dunkwa-on-Offin,2.9343602645205095e+28
2016,GHA,Ghana,Yendi,5.246487683670344e+28
2016,KEN,Kenya,Nairobi,3.9166591838993036e+28
2016,KEN,Kenya,Mombasa,3.2887670224312925e+28
2016,KEN,Kenya,Kisumu,2.689911463610998e+28
2016,KEN,Kenya,Nakuru,1.6918405259716965e+28
2016,KEN,Kenya,Eldoret,1.4049326085721901e+28
2016,KEN,Kenya,Thika,3.56723761624728e+28
2016,KEN,Kenya,Malindi,2.4142204862038558e+28
2016,KEN,Kenya,Kitale,1.8624038931190574e+28
2016,KEN,Kenya,Garissa,2.956647880981639e+28
2016,KEN,Kenya,Nyeri,3.084201235290769e+28
2016,KEN,Kenya,Machakos,1.8611826056266232e+28
2016,KEN,Kenya,Meru,2.8323452121353644e+28
2016,KEN,Kenya,Kericho,2.6107323295455067e+28
2016,KEN,Kenya,Naivasha,3.552032860268777e+28
2016,KEN,Kenya,Embu,3.668385516643376e+28
2016,KEN,Kenya,Lodwar,2.884970704553952e+28
2016,KEN,Kenya,Isiolo,2.7316278867671504e+28
2016,KEN,Kenya,Wajir,1.7942712044347646e+28
2016,LSO,Lesotho,Maseru,5.804401626071422e+28
2016,LSO,Lesotho,Teyateyaneng,3.9323391222178453e+28
2016,LSO,Lesotho,Mafeteng,5.195231151281159e+28
2016,LBR,Liberia,Monrovia,2.8924254580393153e+28
2016,LBR,Liberia,Gbarnga,2.0148066646665257e+28
2016,LBR,Liberia,Buchanan,2.198943431360523e+28
2016,LBR,Liberia,Harper,3.175507655604325e+28
2016,LBR,Liberia,Voinjama,2.827334918453095e+28
2016,LBR,Liberia,Zwedru,2.1105378462786194e+28
2016,LBR,Liberia,Kakata,2.8913069018893563e+28
2016,LBR,Liberia,Greenville,1.7357310988909676e+28
2016,LBR,Liberia,Tubmanburg,2.69542790185797e+28
2016,LBR,Liberia,Ganta,3.101164086686792e+28
2016,LBR,Liberia,Robertsport,1.7254018210412404e+28
2016,LBR,Liberia,Fish Town,1.6319164945470477e+28
2016,MDG,Madagascar,Antananarivo,3.381571107384698e+28
2016,MDG,Madagascar,Toamasina,4.322596464078571e+28
2016,MDG,Madagascar,Antsirabe,4.6862865569602645e+28
2016,MDG,Madagascar,Mahajanga,4.448352813580294e+28
2016,MDG,Madagascar,Fianarantsoa,5.087262965428308e+28
2016,MDG,Madagascar,Toliara,4.023845792406525e+28
2016,MDG,Madagascar,Antsiranana,2.857678913869685e+28
2016,MDG,Madagascar,Morondava,5.766469327270782e+28
2016,MDG,Madagascar,Sambava,2.8075566916025893e+28
2016,MDG,Madagascar,Ambatondrazaka,5.001901152202972e+28
2016,MDG,Madagascar,Farafangana,3.66641858591925e+28
2016,MDG,Madagascar,Mananjary,4.006782347276573e+28
2016,MDG,Madagascar,Manakara,3.846145156078376e+28
2016,MDG,Madagascar,Antalaha,2.016473764534822e+28
2016,MDG,Madagascar,Hell-Ville,3.047915217209499e+28
2016,MDG,Madagascar,Marovoay,5.919965569967112e+28
2016,MDG,Madagascar,Ambanja,3.504829536351721e+28
2016,MWI,Malawi,Lilongwe,3.441914087942843e+28
2016,MWI,Malawi,Blantyre,4.774477278558979e+28
2016,MWI,Malawi,Mzuzu,4.824490952379836e+28
2016,MWI,Malawi,Zomba,6.182279222607188e+28
2016,MWI,Malawi,Karonga,5.234988065447968e+28
2016,MWI,Malawi,Mangochi,6.363308495916042e+28
2016,MWI,Malawi,Salima,5.206718214754391e+28
2016,MLI,Mali,Bamako,4.387214055378521e+28
2016,MLI,Mali,Sikasso,5.279072612143317e+28
2016,MLI,Mali,Mopti,2.9517885718344275e+28
2016,MLI,Mali,Koutiala,4.797549946340587e+28
2016,MLI,Mali,Kayes,6.786746772562792e+28
2016,MLI,Mali,Segou,3.5249900107253063e+28
2016,MRT,Mauritania,Nouakchott,4.313835686774577e+28
2016,MRT,Mauritania,Nouadhibou,2.5136671847968786e+28
2016,MRT,Mauritania,Rosso,2.8887133372732302e+28
2016,MRT,Mauritania,Zouerate,2.0838146760623007e+28
2016,MRT,Mauritania,Atar,2.511937429977289e+28
2016,MRT,Mauritania,Kaedi,2.971399831981852e+28
2016,MOZ,Mozambique,Maputo,1.3618261363892122e+29
2016,MOZ,Mozambique,Matola,1.552122954614921e+29
2016,MOZ,Mozambique,Beira,5.8743483370448285e+28
2016,MOZ,Mozambique,Nampula,8.017819900991103e+28
2016,MOZ,Mozambique,Chimoio,7.681696709343268e+28
2016,MOZ,Mozambique,Nacala,4.678609062075701e+28
2016,MOZ,Mozambique,Quelimane,6.620109579386243e+28
2016,MOZ,Mozambique,Tete,6.78349551748735e+28
2016,MOZ,Mozambique,Pemba,3.6781149064887184e+28
2016,MOZ,Mozambique,Lichinga,3.8097917937215306e+28
2016,MOZ,Mozambique,Xai-Xai,7.64692054395672e+28
2016,MOZ,Mozambique,Maxixe,4.002694603411945e+28
2016,NGA,Nigeria,Lagos,8.77622830215201e+28
2016,NGA,Nigeria,Abuja,7.512303787961501e+28
2016,NGA,Nigeria,Kano,5.289629446927971e+28
2016,NGA,Nigeria,Ibadan,8.30165480993446e+28
2016,NGA,Nigeria,Port Harcourt,6.2445530122514865e+28
2016,NGA,Nigeria,Benin City,6.834631981293132e+28
2016,NGA,Nigeria,Onitsha,7.6122479493565975e+28
2016,NGA,Nigeria,Aba,6.211027987854172e+28
2016,NGA,Nigeria,Kaduna,8.215947142092097e+28
2016,NGA,Nigeria,Enugu,5.421741664727831e+28
2016,NGA,Nigeria,Ilorin,5.361421903805764e+28
2016,NGA,Nigeria,Warri,3.632850821486891e+28
2016,NGA,Nigeria,Maiduguri,6.416680347830325e+28
2016,NGA,Nigeria,Zaria,7.716441369274753e+28
2016,NGA,Nigeria,Sokoto,5.725828744056175e+28
2016,NGA,Nigeria,Uyo,5.715248626905116e+28
2016,NGA,Nigeria,Jos,6.180883578744502e+28
2016,NGA,Nigeria,Calabar,5.174963320233745e+28
2016,ZAF,South Africa,Johannesburg,4.2048159785812694e+29
2016,ZAF,South Africa,Cape Town,7.373381935102299e+28
2016,ZAF,South Africa,Durban,8.627304975921526e+28
2016,ZAF,South Africa,Pretoria,2.0361790875343193e+29
2016,ZAF,South Africa,Port Elizabeth,5.104809904459597e+28
2016,ZAF,South Africa,Bloemfontein,7.2200961964446134e+28
2016,ZAF,South Africa,East London,4.87692752143703e+28
2016,ZAF,South Africa,Soweto,2.358263171681894e+29
2016,ZAF,South Africa,Pietermaritzburg,1.098837313787618e+29
2016,ZAF,South Africa,Polokwane,8.51139262948876e+28
2016,ZAF,South Africa,Rustenburg,9.061812248674337e+28
2016,ZMB,Zambia,Lusaka,7.35494283624042e+28
2016,ZMB,Zambia,Kitwe,8.558887783530927e+28
2016,ZMB,Zambia,Ndola,8.214471922076231e+28
2016,ZMB,Zambia,Kabwe,6.790068196557957e+28
2016,ZMB,Zambia,Chingola,8.144113519655233e+28
2016,ZMB,Zambia,Livingstone,5.759375110248544e+28
2016,ZMB,Zambia,Solwezi,8.743212879983508e+28
2016,ZMB,Zambia,Mufulira,5.362538209481769e+28
2016,ZMB,Zambia,Luanshya,8.487042561207712e+28
2016,ZWE,Zimbabwe,Harare,7.180228637412149e+28
2016,ZWE,Zimbabwe,Bulawayo,3.8745245486187577e+28
2016,ZWE,Zimbabwe,Chitungwiza,4.868579319648641e+28
2016,ZWE,Zimbabwe,Mutare,5.578960498375134e+28
2016,ZWE,Zimbabwe,Gweru,5.048778618062856e+28
2016,ZWE,Zimbabwe,Kwekwe,5.335404912944247e+28
2016,ZWE,Zimbabwe,Masvingo,4.828851014654359e+28
2016,ZWE,Zimbabwe,Chinhoyi,7.35810856511813e+28
2016,ZWE,Zimbabwe,Kadoma,5.876551019585683e+28
2016,ZWE,Zimbabwe,Victoria Falls,5.759375110248544e+28
2016,ZWE,Zimbabwe,Redcliff,5.1224506291097545e+28
2016,ZWE,Zimbabwe,Norton,7.605323388595971e+28
2016,ZWE,Zimbabwe,Hwange,3.601785866858373e+28
2016,ZWE,Zimbabwe,Chegutu,6.745393792982323e+28
2016,COM,Comoros,Moroni,1.4720037432659667e+28
2016,COM,Comoros,Mutsamudu,2.3795860028137435e+28
2016,COM,Comoros,Fomboni,1.3954781158735976e+28
2016,ERI,Eritrea,Asmara,4.717647381125648e+28
2016,ERI,Eritrea,Keren,4.744470538873455e+28
2016,ERI,Eritrea,Massawa,4.474146613015271e+28
2016,GNQ,Equatorial Guinea,Malabo,2.370707101625691e+28
2016,GNQ,Equatorial Guinea,Bata,1.7149964739163275e+28
2016,GNQ,Equatorial Guinea,Ebibeyin,1.955929926769983e+28
2016,GMB,Gambia,Banjul,4.81296446457031e+28
2016,GMB,Gambia,Serekunda,4.81296446457031e+28
2016,GMB,Gambia,Brikama,4.81296446457031e+28
2016,GIN,Guinea,Conakry,4.181091884222113e+28
2016,GIN,Guinea,Kankan,6.48397357428768e+28
2016,GIN,Guinea,Kindia,5.108442341354357e+28
2016,GIN,Guinea,Nzérékoré,2.3502914347131307e+28
2016,GIN,Guinea,Labe,4.282238003066901e+28
2016,GIN,Guinea,Fria,4.656016534841508e+28
2016,GNB,Guinea-Bissau,Bissau,4.211982578763166e+28
2016,GNB,Guinea-Bissau,Bafatá,4.769073587827421e+28
2016,GNB,Guinea-Bissau,Gabú,5.296034211575019e+28
2016,NAM,Namibia,Windhoek,3.279992011295662e+28
2016,NAM,Namibia,Walvis Bay,2.3754214799509277e+28
2016,NAM,Namibia,Swakopmund,3.619020379734192e+28
2016,NAM,Namibia,Rundu,6.86811831215776e+28
2016,NAM,Namibia,Oshakati,5.598960157176696e+28
2016,NAM,Namibia,Otjiwarongo,3.576209149503782e+28
2016,NER,Niger,Niamey,3.860748464088974e+28
2016,NER,Niger,Zinder,3.2363401717289685e+28
2016,NER,Niger,Maradi,3.5535977955987985e+28
2016,NER,Niger,Agadez,1.9347325854452469e+28
2016,NER,Niger,Tahoua,4.561807360046142e+28
2016,RWA,Rwanda,Kigali,3.7768835182440405e+28
2016,RWA,Rwanda,Huye,1.8382122965460631e+28
2016,RWA,Rwanda,Rubavu,2.0021065307983015e+28
2016,RWA,Rwanda,Musanze,1.734022182608807e+28
2016,RWA,Rwanda,Rusizi,3.1607258967883646e+28
2016,STP,Sao Tome and Principe,São Tomé,1.8298023477842843e+28
2016,STP,Sao Tome and Principe,Santo António,1.7127122000812229e+28
2016,STP,Sao Tome and Principe,Neves,1.8298023477842843e+28
2016,SEN,Senegal,Ziguinchor,4.31929253364278e+28
2016,SEN,Senegal,Tambacounda,5.993484107025366e+28
2016,SEN,Senegal,Dakar,6.700854046402769e+28
2016,SEN,Senegal,Thiès,5.93359495137349e+28
2016,SEN,Senegal,Saint-Louis,2.5033341757186818e+28
2016,SEN,Senegal,Kaolack,5.213944417625735e+28
2016,SLE,Sierra Leone,Freetown,3.3080985512131788e+28
2016,SLE,Sierra Leone,Bo,2.002645731127964e+28
2016,SLE,Sierra Leone,Kenema,2.818241538109103e+28
2016,SLE,Sierra Leone,Makeni,4.889386673642072e+28
2016,SOM,Somalia,Mogadishu,2.6517143728521263e+28
2016,SOM,Somalia,Hargeisa,3.892428725958451e+28
2016,SOM,Somalia,Bosaso,2.538462387396637e+28
2016,SOM,Somalia,Kismayo,1.6106522367672218e+28
2016,SOM,Somalia,Baidoa,3.1287477512909183e+28
2016,SSD,South Sudan,Juba,9.33105123487381e+28
2016,SSD,South Sudan,Wau,4.182077689927529e+28
2016,SSD,South Sudan,Malakal,6.805587228613929e+28
2016,SSD,South Sudan,Bor,7.19074153588898e+28
2016,SDN,Sudan,Khartoum,5.954513883669971e+28
2016,SDN,Sudan,Omdurman,8.205363019516881e+28
2016,SDN,Sudan,Port Sudan,5.155346972351734e+28
2016,SDN,Sudan,Nyala,4.627956573911154e+28
2016,SDN,Sudan,Ed Damer,6.370884649598803e+28
2016,SDN,Sudan,El Obeid,4.798357574599866e+28
2016,SDN,Sudan,Kassala,5.568821635776365e+28
2016,SDN,Sudan,Wad Madani,6.39238238063444e+28
2016,SDN,Sudan,Kosti,6.680110164372359e+28
2016,SDN,Sudan,Rabak,4.549338715272421e+28
2016,SDN,Sudan,El Obeid,4.798357574599866e+28
2016,SDN,Sudan,Sennar,5.9558355077835425e+28
2016,TZA,Tanzania,Dar es Salaam,5.206161365557759e+28
2016,TZA,Tanzania,Dodoma,2.4139669986192893e+28
2016,TZA,Tanzania,Mwanza,3.1497155543731036e+28
2016,TZA,Tanzania,Arusha,3.5246852729969307e+28
2016,TZA,Tanzania,Zanzibar City,3.4408644287480025e+28
2016,TZA,Tanzania,Mbeya,4.974618473772169e+28
2016,TZA,Tanzania,Tabora,3.6172852514221363e+28
2016,TGO,Togo,Lomé,5.646520131077251e+28
2016,TGO,Togo,Sokodé,7.4477243292758355e+28
2016,TGO,Togo,Kara,7.613441393338736e+28
2016,TGO,Togo,Atakpamé,6.771684020521724e+28
2016,UGA,Uganda,Kampala,5.2764463083781825e+28
2016,UGA,Uganda,Entebbe,4.901819606256755e+28
2016,UGA,Uganda,Jinja,4.8119732087248975e+28
2016,UGA,Uganda,Mbarara,4.200119061369862e+28
2016,UGA,Uganda,Gulu,6.872736592148982e+28
2016,UGA,Uganda,Fort Portal,4.084840891700157e+28
2017,AGO,Angola,Luanda,5.2674184852749935e+28
2017,AGO,Angola,Benguela,4.63749165208986e+28
2017,AGO,Angola,Lobito,5.027938879205724e+28
2017,AGO,Angola,Huambo,5.640562480740924e+28
2017,AGO,Angola,Lubango,1.9164133382340487e+28
2017,AGO,Angola,Cabinda,5.354652201493188e+28
2017,AGO,Angola,Malanje,1.0517416534999868e+29
2017,AGO,Angola,Namibe,3.1157815120525485e+28
2017,AGO,Angola,Sumbe,4.701998589675531e+28
2017,AGO,Angola,Uige,6.357149599893167e+28
2017,AGO,Angola,Soyo,4.687323889150076e+28
2017,BEN,Benin,Bohicon,5.3666331100640255e+28
2017,BEN,Benin,Abomey,3.513235589054941e+28
2017,BEN,Benin,Ouidah,5.178210221897935e+28
2017,BEN,Benin,Kandi,6.316319463868649e+28
2017,BEN,Benin,Natitingou,7.2783717394966445e+28
2017,BEN,Benin,Save,4.171692459455391e+28
2017,BEN,Benin,Savalou,5.695180208230509e+28
2017,BEN,Benin,Comé,5.232803917943288e+28
2017,BEN,Benin,Allada,5.8296145648109076e+28
2017,BEN,Benin,Dogbo,5.617877941860749e+28
2017,BEN,Benin,Lokossa,5.9448233883127345e+28
2017,BEN,Benin,Tchaourou,5.714773907922822e+28
2017,BEN,Benin,Malanville,6.3646059988849385e+28
2017,BEN,Benin,Tanguiéta,7.839894177438019e+28
2017,BEN,Benin,Bassila,3.977601898511845e+28
2017,BEN,Benin,Pobe,6.708904484176444e+28
2017,BEN,Benin,Ketou,6.004426666632783e+28
2017,BWA,Botswana,Gaborone,7.369322988123093e+28
2017,BWA,Botswana,Francistown,3.2561187545306926e+28
2017,BWA,Botswana,Maun,4.75338847079561e+28
2017,BWA,Botswana,Serowe,5.19390254112857e+28
2017,BWA,Botswana,Kanye,6.49329433403196e+28
2017,BWA,Botswana,Molepolole,4.189750799637215e+28
2017,BWA,Botswana,Mochudi,7.5736593570392525e+28
2017,BWA,Botswana,Selebi-Phikwe,3.358469460231045e+28
2017,BWA,Botswana,Palapye,5.501983199083735e+28
2017,BWA,Botswana,Lobatse,6.804147217090497e+28
2017,BWA,Botswana,Ramotswa,7.3340972373332365e+28
2017,BWA,Botswana,Letlhakane,5.16582993756171e+28
2017,BWA,Botswana,Orapa,5.204271413474463e+28
2017,BWA,Botswana,Kasane,5.458873348811533e+28
2017,BWA,Botswana,Ghanzi,4.598318077857138e+28
2017,BWA,Botswana,Jwaneng,5.153119723783907e+28
2017,BWA,Botswana,Tsabong,4.088344857975954e+28
2017,BWA,Botswana,Shoshong,3.944992011653299e+28
2017,BFA,Burkina Faso,Ouagadougou,5.817217923172333e+28
2017,BFA,Burkina Faso,Bobo-Dioulasso,5.3783619084639925e+28
2017,BFA,Burkina Faso,Koudougou,3.5543895491807097e+28
2017,BFA,Burkina Faso,Banfora,4.535875766161665e+28
2017,BFA,Burkina Faso,Ouahigouya,4.478760224587944e+28
2017,BFA,Burkina Faso,Kaya,4.757506739965433e+28
2017,BFA,Burkina Faso,Tenkodogo,4.656559702163726e+28
2017,BFA,Burkina Faso,Fada N'Gourma,5.000371956189558e+28
2017,BFA,Burkina Faso,Dedougou,5.178309591211518e+28
2017,BFA,Burkina Faso,Dori,5.091494104907683e+28
2017,BFA,Burkina Faso,Gaoua,6.556927773849764e+28
2017,BFA,Burkina Faso,Kongoussi,4.777209654708197e+28
2017,BFA,Burkina Faso,Manga,5.397054356287877e+28
2017,BFA,Burkina Faso,Reo,5.0562167788023395e+28
2017,BFA,Burkina Faso,Ziniare,5.250614324849669e+28
2017,BFA,Burkina Faso,Hounde,3.591349518300831e+28
2017,BFA,Burkina Faso,Po,6.344716487197942e+28
2017,BFA,Burkina Faso,Leo,6.71665710515581e+28
2017,BDI,Burundi,Bujumbura,3.910385887176691e+28
2017,BDI,Burundi,Gitega,3.5591091014916214e+28
2017,BDI,Burundi,Ngozi,3.434602254518964e+28
2017,BDI,Burundi,Rumonge,4.609640336028156e+28
2017,BDI,Burundi,Bururi,4.17325831782565e+28
2017,BDI,Burundi,Muyinga,4.162769461158927e+28
2017,BDI,Burundi,Ruyigi,2.7904009735757116e+28
2017,BDI,Burundi,Makamba,4.654098219182983e+28
2017,BDI,Burundi,Kayanza,3.727693523510504e+28
2017,BDI,Burundi,Muramvya,3.5884094553561734e+28
2017,BDI,Burundi,Cibitoke,4.400617412872317e+28
2017,BDI,Burundi,Karuzi,3.86349369767172e+28
2017,BDI,Burundi,Kirundo,3.532063918800563e+28
2017,BDI,Burundi,Mwaro,2.2224395127267898e+28
2017,BDI,Burundi,Nyanza-Lac,5.037960282271005e+28
2017,CMR,Cameroon,Douala,2.9437961439411655e+28
2017,CMR,Cameroon,Yaounde,1.8537708140742876e+28
2017,CMR,Cameroon,Garoua,5.5569642675564824e+28
2017,CMR,Cameroon,Bamenda,4.279613134319845e+28
2017,CMR,Cameroon,Maroua,4.851898429077461e+28
2017,CMR,Cameroon,Ngaoundere,4.906839530286136e+28
2017,CMR,Cameroon,Bafoussam,3.558053863231188e+28
2017,CMR,Cameroon,Bertoua,3.3545878752369113e+28
2017,CMR,Cameroon,Ebolowa,1.8158722553889033e+28
2017,CMR,Cameroon,Kribi,2.10899357933711e+28
2017,CMR,Cameroon,Limbe,4.179758379029242e+28
2017,CMR,Cameroon,Kumba,3.6144083375800947e+28
2017,CMR,Cameroon,Nkongsamba,3.617095869641647e+28
2017,CMR,Cameroon,Edea,2.7513773332100585e+28
2017,CMR,Cameroon,Sangmelima,2.2818903562568593e+28
2017,CMR,Cameroon,Foumban,3.7889883036359883e+28
2017,CMR,Cameroon,Dschang,3.523290274673657e+28
2017,CMR,Cameroon,Kousseri,5.803338804234638e+28
2017,CAF,Central African Republic,Bangui,6.213490286518683e+28
2017,CAF,Central African Republic,Bimbo,3.568948994230869e+28
2017,CAF,Central African Republic,Berberati,3.1959150306316674e+28
2017,CAF,Central African Republic,Bambari,4.918119506626458e+28
2017,CAF,Central African Republic,Bouar,7.042026599838045e+28
2017,CAF,Central African Republic,Bossangoa,5.0101099866316575e+28
2017,CAF,Central African Republic,Bria,5.096377722271611e+28
2017,CAF,Central African Republic,Bangassou,2.695131588040004e+28
2017,CAF,Central African Republic,Kaga-Bandoro,4.803317952923338e+28
2017,CAF,Central African Republic,Mbaiki,2.5305060038292688e+28
2017,CAF,Central African Republic,Bozoum,6.915458362127209e+28
2017,CAF,Central African Republic,Carnot,8.42081029424345e+28
2017,CAF,Central African Republic,Sibut,6.0606315656373095e+28
2017,CAF,Central African Republic,Alindao,5.90637425185596e+28
2017,CAF,Central African Republic,Mobaye,5.289634551727745e+28
2017,CAF,Central African Republic,Nola,3.1224062373837783e+28
2017,TCD,Chad,N'Djamena,5.803338804234638e+28
2017,TCD,Chad,Moundou,5.808166834280898e+28
2017,TCD,Chad,Sarh,5.842177700423915e+28
2017,TCD,Chad,Abeche,4.080028248811917e+28
2017,TCD,Chad,Kelo,5.338588053378161e+28
2017,TCD,Chad,Koumra,5.831061492881046e+28
2017,TCD,Chad,Pala,5.0738141330787635e+28
2017,TCD,Chad,Am Timan,4.3223120933842245e+28
2017,TCD,Chad,Bongor,5.016995716513011e+28
2017,TCD,Chad,Mongo,3.7991031557221463e+28
2017,TCD,Chad,Faya-Largeau,2.3010708699405748e+28
2017,TCD,Chad,Doba,5.612308066371648e+28
2017,TCD,Chad,Ati,4.318663875364954e+28
2017,TCD,Chad,Biltine,3.710499920151771e+28
2017,TCD,Chad,Mao,4.047942354811663e+28
2017,TCD,Chad,Massakory,3.6095743158700045e+28
2017,COD,DR Congo,Kinshasa,7.913631792454544e+28
2017,COD,DR Congo,Lubumbashi,7.672718047386988e+28
2017,COD,DR Congo,Mbuji-Mayi,8.00033602081125e+28
2017,COD,DR Congo,Kisangani,2.5019120093823873e+28
2017,COD,DR Congo,Goma,3.4495874035307178e+28
2017,COD,DR Congo,Bukavu,2.06429627275723e+28
2017,COD,DR Congo,Kananga,7.413814408715448e+28
2017,COD,DR Congo,Kolwezi,7.99956755876819e+28
2017,COD,DR Congo,Tshikapa,1.0439161057600802e+29
2017,COD,DR Congo,Matadi,6.305915533804671e+28
2017,COD,DR Congo,Boma,6.240021632846498e+28
2017,COD,DR Congo,Uvira,4.063834087555183e+28
2017,COD,DR Congo,Kindu,3.9152308648222955e+28
2017,COD,DR Congo,Kalemie,5.603806166620732e+28
2017,COD,DR Congo,Likasi,7.7396445093365255e+28
2017,COD,DR Congo,Kikwit,8.106632225586282e+28
2017,COD,DR Congo,Gemena,2.6806389908128048e+28
2017,COD,DR Congo,Isiro,3.6116662575311215e+28
2017,COG,Congo Republic,Brazzaville,3.5693647053484315e+28
2017,COG,Congo Republic,Pointe-Noire,5.478340826403207e+28
2017,COG,Congo Republic,Dolisie,5.646176453770523e+28
2017,COG,Congo Republic,Nkayi,7.4002965486632545e+28
2017,COG,Congo Republic,Owando,3.2348198488248736e+28
2017,COG,Congo Republic,Ouesso,2.3046393851489305e+28
2017,COG,Congo Republic,Impfondo,2.4199621260021557e+28
2017,COG,Congo Republic,Sibiti,6.199116802028953e+28
2017,COG,Congo Republic,Madingou,7.353254409568331e+28
2017,COG,Congo Republic,Kinkala,4.708795209361404e+28
2017,COG,Congo Republic,Mossendjo,3.7513904582552606e+28
2017,COG,Congo Republic,Gamboma,5.867383778063617e+28
2017,COG,Congo Republic,Djambala,3.744335480130454e+28
2017,CIV,Cote d'Ivoire,Abidjan,3.076752208793075e+28
2017,CIV,Cote d'Ivoire,Yamoussoukro,3.33537591048183e+28
2017,CIV,Cote d'Ivoire,Bouake,3.989538890370787e+28
2017,CIV,Cote d'Ivoire,Daloa,2.94400611356544e+28
2017,CIV,Cote d'Ivoire,San-Pedro,2.4605512060335253e+28
2017,CIV,Cote d'Ivoire,Korhogo,3.7337335149788748e+28
2017,CIV,Cote d'Ivoire,Man,2.8879250529623785e+28
2017,CIV,Cote d'Ivoire,Gagnoa,2.7018479591011856e+28
2017,CIV,Cote d'Ivoire,Abengourou,1.9297359931482116e+28
2017,CIV,Cote d'Ivoire,Bondoukou,4.519113682666942e+28
2017,CIV,Cote d'Ivoire,Divo,2.52709876912347e+28
2017,CIV,Cote d'Ivoire,Odienne,3.2633642729003924e+28
2017,CIV,Cote d'Ivoire,Ferkessedougou,4.359712874270885e+28
2017,CIV,Cote d'Ivoire,Soubre,2.332445538692351e+28
2017,CIV,Cote d'Ivoire,Sassandra,3.4529769682666153e+28
2017,CIV,Cote d'Ivoire,Agboville,3.0868444838848726e+28
2017,CIV,Cote d'Ivoire,Grand-Bassam,3.5783401126988313e+28
2017,CIV,Cote d'Ivoire,Dabou,4.287125190930158e+28
2017,ETH,Ethiopia,Addis Ababa,3.316310299358837e+28
2017,ETH,Ethiopia,Dire Dawa,3.9165539908261918e+28
2017,ETH,Ethiopia,Mekelle,2.827117148417333e+28
2017,ETH,Ethiopia,Bahir Dar,3.8487746878765172e+28
2017,ETH,Ethiopia,Hawassa,3.1888526126520917e+28
2017,ETH,Ethiopia,Adama,3.3521014577133684e+28
2017,ETH,Ethiopia,Gondar,4.8717237833299815e+28
2017,ETH,Ethiopia,Jimma,3.2437568104173585e+28
2017,ETH,Ethiopia,Dessie,3.142508620545579e+28
2017,ETH,Ethiopia,Shashamane,2.806883107627214e+28
2017,ETH,Ethiopia,Harar,3.7160659032325763e+28
2017,ETH,Ethiopia,Arba Minch,2.9329686278674146e+28
2017,ETH,Ethiopia,Debre Markos,6.020152970936832e+28
2017,ETH,Ethiopia,Debre Birhan,3.0093786636029193e+28
2017,ETH,Ethiopia,Nekemte,4.856189351469037e+28
2017,ETH,Ethiopia,Asella,2.2917265113275916e+28
2017,ETH,Ethiopia,Wolaita Sodo,2.5877356183764906e+28
2017,ETH,Ethiopia,Jijiga,3.127840414967451e+28
2017,GAB,Gabon,Libreville,2.6467293805281583e+28
2017,GAB,Gabon,Port-Gentil,2.132400602680206e+28
2017,GAB,Gabon,Franceville,3.4632463195006414e+28
2017,GAB,Gabon,Oyem,2.3562140302199294e+28
2017,GAB,Gabon,Moanda,2.9492498544283036e+28
2017,GAB,Gabon,Lambarene,3.6933968175601864e+28
2017,GAB,Gabon,Mouila,3.0999401255739327e+28
2017,GAB,Gabon,Koulamoutou,2.621073026114653e+28
2017,GAB,Gabon,Tchibanga,2.6554766370479446e+28
2017,GAB,Gabon,Makokou,1.8359210705274525e+28
2017,GAB,Gabon,Bitam,1.517554207216226e+28
2017,GAB,Gabon,Ndende,2.476270924666539e+28
2017,GHA,Ghana,Accra,6.316948863178233e+28
2017,GHA,Ghana,Kumasi,3.97137252558676e+28
2017,GHA,Ghana,Tamale,8.001937773580319e+28
2017,GHA,Ghana,Sekondi-Takoradi,2.3021096893174295e+28
2017,GHA,Ghana,Sunyani,4.123606352364179e+28
2017,GHA,Ghana,Cape Coast,2.5010558852551794e+28
2017,GHA,Ghana,Koforidua,3.6322004339405893e+28
2017,GHA,Ghana,Ho,5.458275440008023e+28
2017,GHA,Ghana,Tema,6.316948863178233e+28
2017,GHA,Ghana,Obuasi,3.1479283409104165e+28
2017,GHA,Ghana,Bolgatanga,6.592284396713331e+28
2017,GHA,Ghana,Wa,4.764030292354205e+28
2017,GHA,Ghana,Techiman,5.5883901855106e+28
2017,GHA,Ghana,Tarkwa,2.058709107193125e+28
2017,GHA,Ghana,Sefwi Wiawso,2.0471736275255085e+28
2017,GHA,Ghana,Nkawkaw,4.960790610819753e+28
2017,GHA,Ghana,Dunkwa-on-Offin,2.6976926514356956e+28
2017,GHA,Ghana,Yendi,4.975597429606817e+28
2017,KEN,Kenya,Nairobi,4.766161464380719e+28
2017,KEN,Kenya,Mombasa,3.900479224457155e+28
2017,KEN,Kenya,Kisumu,3.344607022383833e+28
2017,KEN,Kenya,Nakuru,2.045258618374027e+28
2017,KEN,Kenya,Eldoret,1.132185134732988e+28
2017,KEN,Kenya,Thika,4.243778028300366e+28
2017,KEN,Kenya,Malindi,2.8747638080244968e+28
2017,KEN,Kenya,Kitale,1.7900087113331532e+28
2017,KEN,Kenya,Garissa,2.8739382127787856e+28
2017,KEN,Kenya,Nyeri,3.5779991262673802e+28
2017,KEN,Kenya,Machakos,2.185718328440695e+28
2017,KEN,Kenya,Meru,3.0612795766386067e+28
2017,KEN,Kenya,Kericho,3.5721149537695823e+28
2017,KEN,Kenya,Naivasha,3.6262840267231036e+28
2017,KEN,Kenya,Embu,3.985603134371547e+28
2017,KEN,Kenya,Lodwar,3.178898285923976e+28
2017,KEN,Kenya,Isiolo,2.8302937431059346e+28
2017,KEN,Kenya,Wajir,1.8409436421886872e+28
2017,LSO,Lesotho,Maseru,6.198018475679751e+28
2017,LSO,Lesotho,Teyateyaneng,3.827967439109813e+28
2017,LSO,Lesotho,Mafeteng,5.426306195827731e+28
2017,LBR,Liberia,Monrovia,2.4750697600924757e+28
2017,LBR,Liberia,Gbarnga,1.6087906510028674e+28
2017,LBR,Liberia,Buchanan,2.4470480756870976e+28
2017,LBR,Liberia,Harper,3.286121477577698e+28
2017,LBR,Liberia,Voinjama,2.4929794118425983e+28
2017,LBR,Liberia,Zwedru,1.796196936495603e+28
2017,LBR,Liberia,Kakata,2.5580359179959803e+28
2017,LBR,Liberia,Greenville,1.836984613217946e+28
2017,LBR,Liberia,Tubmanburg,2.319442248867035e+28
2017,LBR,Liberia,Ganta,2.5808229129833704e+28
2017,LBR,Liberia,Robertsport,1.6004050727859387e+28
2017,LBR,Liberia,Fish Town,1.7496102735754198e+28
2017,MDG,Madagascar,Antananarivo,3.463594756588304e+28
2017,MDG,Madagascar,Toamasina,4.26730644624159e+28
2017,MDG,Madagascar,Antsirabe,5.007498472376135e+28
2017,MDG,Madagascar,Mahajanga,3.9429202388111554e+28
2017,MDG,Madagascar,Fianarantsoa,5.623457836365095e+28
2017,MDG,Madagascar,Toliara,4.37453901996787e+28
2017,MDG,Madagascar,Antsiranana,2.7020526696833925e+28
2017,MDG,Madagascar,Morondava,6.003567958150392e+28
2017,MDG,Madagascar,Sambava,2.4438710044111304e+28
2017,MDG,Madagascar,Ambatondrazaka,4.6862005569125295e+28
2017,MDG,Madagascar,Farafangana,4.295548342232815e+28
2017,MDG,Madagascar,Mananjary,3.9290928220600313e+28
2017,MDG,Madagascar,Manakara,4.277130076280915e+28
2017,MDG,Madagascar,Antalaha,1.8478254283476033e+28
2017,MDG,Madagascar,Hell-Ville,2.5979720989416703e+28
2017,MDG,Madagascar,Marovoay,5.3879617690007e+28
2017,MDG,Madagascar,Ambanja,2.789868496406167e+28
2017,MWI,Malawi,Lilongwe,2.375813354287141e+28
2017,MWI,Malawi,Blantyre,4.245475038039198e+28
2017,MWI,Malawi,Mzuzu,3.5782191599831606e+28
2017,MWI,Malawi,Zomba,4.993064327357227e+28
2017,MWI,Malawi,Karonga,4.568765916934717e+28
2017,MWI,Malawi,Mangochi,4.50789788645462e+28
2017,MWI,Malawi,Salima,3.5442022807052255e+28
2017,MLI,Mali,Bamako,4.599613067460987e+28
2017,MLI,Mali,Sikasso,5.330064993421539e+28
2017,MLI,Mali,Mopti,2.9896348735819117e+28
2017,MLI,Mali,Koutiala,4.412594601010471e+28
2017,MLI,Mali,Kayes,6.696408451730547e+28
2017,MLI,Mali,Segou,3.4454553530862508e+28
2017,MRT,Mauritania,Nouakchott,4.192782588144771e+28
2017,MRT,Mauritania,Nouadhibou,2.551431331709648e+28
2017,MRT,Mauritania,Rosso,2.866753307726439e+28
2017,MRT,Mauritania,Zouerate,1.943665201927106e+28
2017,MRT,Mauritania,Atar,2.5144883376445235e+28
2017,MRT,Mauritania,Kaedi,2.9040255402584247e+28
2017,MOZ,Mozambique,Maputo,1.3463841239174273e+29
2017,MOZ,Mozambique,Matola,1.601267867225853e+29
2017,MOZ,Mozambique,Beira,6.620368816078318e+28
2017,MOZ,Mozambique,Nampula,5.771975013609175e+28
2017,MOZ,Mozambique,Chimoio,6.795411662405743e+28
2017,MOZ,Mozambique,Nacala,3.6634517463900614e+28
2017,MOZ,Mozambique,Quelimane,6.359186005362031e+28
2017,MOZ,Mozambique,Tete,5.464532938549416e+28
2017,MOZ,Mozambique,Pemba,2.84819934525675e+28
2017,MOZ,Mozambique,Lichinga,2.982393704090032e+28
2017,MOZ,Mozambique,Xai-Xai,7.192083321894124e+28
2017,MOZ,Mozambique,Maxixe,4.290094778939187e+28
2017,NGA,Nigeria,Lagos,8.185984546275636e+28
2017,NGA,Nigeria,Abuja,7.422990121596429e+28
2017,NGA,Nigeria,Kano,4.946823969414382e+28
2017,NGA,Nigeria,Ibadan,6.992292197597016e+28
2017,NGA,Nigeria,Port Harcourt,6.220565237236359e+28
2017,NGA,Nigeria,Benin City,6.672270506187774e+28
2017,NGA,Nigeria,Onitsha,7.6068785599623675e+28
2017,NGA,Nigeria,Aba,5.839610503124238e+28
2017,NGA,Nigeria,Kaduna,8.037759174381616e+28
2017,NGA,Nigeria,Enugu,5.333519983954189e+28
2017,NGA,Nigeria,Ilorin,4.996491600085238e+28
2017,NGA,Nigeria,Warri,3.4838305252745993e+28
2017,NGA,Nigeria,Maiduguri,6.388319769890661e+28
2017,NGA,Nigeria,Zaria,7.220930985510909e+28
2017,NGA,Nigeria,Sokoto,5.980808681310557e+28
2017,NGA,Nigeria,Uyo,5.322463801053077e+28
2017,NGA,Nigeria,Jos,5.743192133960902e+28
2017,NGA,Nigeria,Calabar,5.221182095035801e+28
2017,ZAF,South Africa,Johannesburg,4.530175975047937e+29
2017,ZAF,South Africa,Cape Town,7.037491517426165e+28
2017,ZAF,South Africa,Durban,8.28619188263095e+28
2017,ZAF,South Africa,Pretoria,2.2924296599204262e+29
2017,ZAF,South Africa,Port Elizabeth,5.614201025906249e+28
2017,ZAF,South Africa,Bloemfontein,7.3055930963171885e+28
2017,ZAF,South Africa,East London,5.1259603226058085e+28
2017,ZAF,South Africa,Soweto,2.615793285774492e+29
2017,ZAF,South Africa,Pietermaritzburg,1.0241808705076002e+29
2017,ZAF,South Africa,Polokwane,9.272745858745455e+28
2017,ZAF,South Africa,Rustenburg,1.026474442727731e+29
2017,ZMB,Zambia,Lusaka,5.608910519531197e+28
2017,ZMB,Zambia,Kitwe,7.3549966029459695e+28
2017,ZMB,Zambia,Ndola,7.262797636955751e+28
2017,ZMB,Zambia,Kabwe,5.508564628713451e+28
2017,ZMB,Zambia,Chingola,7.253565816152357e+28
2017,ZMB,Zambia,Livingstone,5.714870954988963e+28
2017,ZMB,Zambia,Solwezi,7.811403900919983e+28
2017,ZMB,Zambia,Mufulira,4.697839463628719e+28
2017,ZMB,Zambia,Luanshya,7.424144600231144e+28
2017,ZWE,Zimbabwe,Harare,6.517024277057089e+28
2017,ZWE,Zimbabwe,Bulawayo,4.632578018817315e+28
2017,ZWE,Zimbabwe,Chitungwiza,4.380630415910665e+28
2017,ZWE,Zimbabwe,Mutare,5.204156078245436e+28
2017,ZWE,Zimbabwe,Gweru,5.392410220504396e+28
2017,ZWE,Zimbabwe,Kwekwe,5.3346849252753064e+28
2017,ZWE,Zimbabwe,Masvingo,4.59808824723173e+28
2017,ZWE,Zimbabwe,Chinhoyi,6.562682445262886e+28
2017,ZWE,Zimbabwe,Kadoma,6.021722414039683e+28
2017,ZWE,Zimbabwe,Victoria Falls,5.714870954988963e+28
2017,ZWE,Zimbabwe,Redcliff,5.331637219141887e+28
2017,ZWE,Zimbabwe,Norton,7.450824089424533e+28
2017,ZWE,Zimbabwe,Hwange,3.6956274110392025e+28
2017,ZWE,Zimbabwe,Chegutu,6.569527459445667e+28
2017,COM,Comoros,Moroni,1.4047492164278886e+28
2017,COM,Comoros,Mutsamudu,1.995760284558364e+28
2017,COM,Comoros,Fomboni,1.2208820774766126e+28
2017,ERI,Eritrea,Asmara,4.60992341184691e+28
2017,ERI,Eritrea,Keren,4.468510084066528e+28
2017,ERI,Eritrea,Massawa,4.772559632620693e+28
2017,GNQ,Equatorial Guinea,Malabo,2.1107660646315965e+28
2017,GNQ,Equatorial Guinea,Bata,1.7955125890384841e+28
2017,GNQ,Equatorial Guinea,Ebibeyin,2.2247859227149267e+28
2017,GMB,Gambia,Banjul,4.323761930096718e+28
2017,GMB,Gambia,Serekunda,4.323761930096718e+28
2017,GMB,Gambia,Brikama,4.323761930096718e+28
2017,GIN,Guinea,Conakry,4.034087452038824e+28
2017,GIN,Guinea,Kankan,6.418039491953116e+28
2017,GIN,Guinea,Kindia,5.0688123088977635e+28
2017,GIN,Guinea,Nzérékoré,1.9821038365956834e+28
2017,GIN,Guinea,Labe,3.953820361167093e+28
2017,GIN,Guinea,Fria,4.9031402482724205e+28
2017,GNB,Guinea-Bissau,Bissau,3.615319775882614e+28
2017,GNB,Guinea-Bissau,Bafatá,4.213785373479981e+28
2017,GNB,Guinea-Bissau,Gabú,5.082458905466672e+28
2017,NAM,Namibia,Windhoek,3.82753008428401e+28
2017,NAM,Namibia,Walvis Bay,2.570598448304818e+28
2017,NAM,Namibia,Swakopmund,4.031457498414256e+28
2017,NAM,Namibia,Rundu,6.925501723152813e+28
2017,NAM,Namibia,Oshakati,4.850556805522819e+28
2017,NAM,Namibia,Otjiwarongo,4.306938166225649e+28
2017,NER,Niger,Niamey,3.774909739707084e+28
2017,NER,Niger,Zinder,3.115474241811854e+28
2017,NER,Niger,Maradi,3.320297048143494e+28
2017,NER,Niger,Agadez,1.9432628379611758e+28
2017,NER,Niger,Tahoua,4.141094575411093e+28
2017,RWA,Rwanda,Kigali,3.7131634561442164e+28
2017,RWA,Rwanda,Huye,2.0774519127973536e+28
2017,RWA,Rwanda,Rubavu,2.3182506050076906e+28
2017,RWA,Rwanda,Musanze,2.2213780580594795e+28
2017,RWA,Rwanda,Rusizi,3.085171734598886e+28
2017,STP,Sao Tome and Principe,São Tomé,2.0227679081191854e+28
2017,STP,Sao Tome and Principe,Santo António,1.906415820733849e+28
2017,STP,Sao Tome and Principe,Neves,2.0227679081191854e+28
2017,SEN,Senegal,Ziguinchor,4.119431885312518e+28
2017,SEN,Senegal,Tambacounda,5.325171738553e+28
2017,SEN,Senegal,Dakar,6.916686841970921e+28
2017,SEN,Senegal,Thiès,5.9626174998291925e+28
2017,SEN,Senegal,Saint-Louis,2.6957015926916906e+28
2017,SEN,Senegal,Kaolack,5.1185772018827935e+28
2017,SLE,Sierra Leone,Freetown,2.985880497784295e+28
2017,SLE,Sierra Leone,Bo,2.230521634733971e+28
2017,SLE,Sierra Leone,Kenema,3.072944758991513e+28
2017,SLE,Sierra Leone,Makeni,4.767251815420493e+28
2017,SOM,Somalia,Mogadishu,2.615354919471384e+28
2017,SOM,Somalia,Hargeisa,3.4091099277352006e+28
2017,SOM,Somalia,Bosaso,2.428846207304182e+28
2017,SOM,Somalia,Kismayo,1.9520755586170729e+28
2017,SOM,Somalia,Baidoa,2.902953540029207e+28
2017,SSD,South Sudan,Juba,7.441924058469864e+28
2017,SSD,South Sudan,Wau,3.8477682124179423e+28
2017,SSD,South Sudan,Malakal,6.497892529036428e+28
2017,SSD,South Sudan,Bor,5.985563334675599e+28
2017,SDN,Sudan,Khartoum,6.115592866074513e+28
2017,SDN,Sudan,Omdurman,8.405326647060669e+28
2017,SDN,Sudan,Port Sudan,5.52548391368167e+28
2017,SDN,Sudan,Nyala,4.578552682827236e+28
2017,SDN,Sudan,Ed Damer,6.921380220722347e+28
2017,SDN,Sudan,El Obeid,4.371130635639077e+28
2017,SDN,Sudan,Kassala,5.571786592042343e+28
2017,SDN,Sudan,Wad Madani,6.5079642158069725e+28
2017,SDN,Sudan,Kosti,6.453416899000834e+28
2017,SDN,Sudan,Rabak,4.430292732570056e+28
2017,SDN,Sudan,El Obeid,4.371130635639077e+28
2017,SDN,Sudan,Sennar,5.608404573941455e+28
2017,TZA,Tanzania,Dar es Salaam,4.859951718889333e+28
2017,TZA,Tanzania,Dodoma,2.922374494758207e+28
2017,TZA,Tanzania,Mwanza,3.608514016864592e+28
2017,TZA,Tanzania,Arusha,3.1810318365172917e+28
2017,TZA,Tanzania,Zanzibar City,3.3925047019056597e+28
2017,TZA,Tanzania,Mbeya,4.297210783824147e+28
2017,TZA,Tanzania,Tabora,3.8911424337888136e+28
2017,TGO,Togo,Lomé,5.166710095509143e+28
2017,TGO,Togo,Sokodé,7.014702050815067e+28
2017,TGO,Togo,Kara,6.82223503105586e+28
2017,TGO,Togo,Atakpamé,6.0089440592385436e+28
2017,UGA,Uganda,Kampala,5.941188375812442e+28
2017,UGA,Uganda,Entebbe,5.682578377440308e+28
2017,UGA,Uganda,Jinja,4.735929865541658e+28
2017,UGA,Uganda,Mbarara,4.001396344751482e+28
2017,UGA,Uganda,Gulu,5.776412493499209e+28
2017,UGA,Uganda,Fort Portal,4.233164387426843e+28
2018,AGO,Angola,Luanda,4.232475700001909e+28
2018,AGO,Angola,Benguela,4.522180859238721e+28
2018,AGO,Angola,Lobito,4.86822996727991e+28
2018,AGO,Angola,Huambo,5.498034586356341e+28
2018,AGO,Angola,Lubango,1.9702602632997117e+28
2018,AGO,Angola,Cabinda,5.52148595337478e+28
2018,AGO,Angola,Malanje,8.5411868583184e+28
2018,AGO,Angola,Namibe,3.343012122231933e+28
2018,AGO,Angola,Sumbe,4.605952475594945e+28
2018,AGO,Angola,Uige,6.624819931099392e+28
2018,AGO,Angola,Soyo,4.877550154778434e+28
2018,BEN,Benin,Bohicon,6.038761970039618e+28
2018,BEN,Benin,Abomey,3.8445030949332634e+28
2018,BEN,Benin,Ouidah,5.59391711301296e+28
2018,BEN,Benin,Kandi,6.04197365171392e+28
2018,BEN,Benin,Natitingou,7.049408432760183e+28
2018,BEN,Benin,Save,3.855653149261466e+28
2018,BEN,Benin,Savalou,5.946654488669398e+28
2018,BEN,Benin,Comé,5.676491473643465e+28
2018,BEN,Benin,Allada,6.305685353247057e+28
2018,BEN,Benin,Dogbo,6.138874168588094e+28
2018,BEN,Benin,Lokossa,6.529375252004534e+28
2018,BEN,Benin,Tchaourou,5.475569349487421e+28
2018,BEN,Benin,Malanville,6.059763404894123e+28
2018,BEN,Benin,Tanguiéta,7.217893149414162e+28
2018,BEN,Benin,Bassila,3.8764301243859316e+28
2018,BEN,Benin,Pobe,7.305957849421452e+28
2018,BEN,Benin,Ketou,6.778630822141868e+28
2018,BWA,Botswana,Gaborone,6.891565362247481e+28
2018,BWA,Botswana,Francistown,2.8001103037111185e+28
2018,BWA,Botswana,Maun,3.928395242619733e+28
2018,BWA,Botswana,Serowe,4.782200788823992e+28
2018,BWA,Botswana,Kanye,5.825167756722024e+28
2018,BWA,Botswana,Molepolole,4.045907424850026e+28
2018,BWA,Botswana,Mochudi,7.086916975722315e+28
2018,BWA,Botswana,Selebi-Phikwe,3.161909690989119e+28
2018,BWA,Botswana,Palapye,5.065218421934159e+28
2018,BWA,Botswana,Lobatse,6.264593429272134e+28
2018,BWA,Botswana,Ramotswa,6.938129594540648e+28
2018,BWA,Botswana,Letlhakane,4.305385887193708e+28
2018,BWA,Botswana,Orapa,4.293121005354449e+28
2018,BWA,Botswana,Kasane,5.0120863694118215e+28
2018,BWA,Botswana,Ghanzi,3.795879893823599e+28
2018,BWA,Botswana,Jwaneng,4.733450623566101e+28
2018,BWA,Botswana,Tsabong,3.9607158583683373e+28
2018,BWA,Botswana,Shoshong,3.6542179130217404e+28
2018,BFA,Burkina Faso,Ouagadougou,5.9270637842794365e+28
2018,BFA,Burkina Faso,Bobo-Dioulasso,5.32351888389022e+28
2018,BFA,Burkina Faso,Koudougou,3.446030402050528e+28
2018,BFA,Burkina Faso,Banfora,4.854889536978298e+28
2018,BFA,Burkina Faso,Ouahigouya,4.192054515628653e+28
2018,BFA,Burkina Faso,Kaya,4.263643218137819e+28
2018,BFA,Burkina Faso,Tenkodogo,5.317309288825547e+28
2018,BFA,Burkina Faso,Fada N'Gourma,4.980976262765013e+28
2018,BFA,Burkina Faso,Dedougou,4.745868991671675e+28
2018,BFA,Burkina Faso,Dori,4.03747326148654e+28
2018,BFA,Burkina Faso,Gaoua,5.473697190240834e+28
2018,BFA,Burkina Faso,Kongoussi,4.407806548484673e+28
2018,BFA,Burkina Faso,Manga,5.3941186048611885e+28
2018,BFA,Burkina Faso,Reo,4.981630419095751e+28
2018,BFA,Burkina Faso,Ziniare,5.40065484645301e+28
2018,BFA,Burkina Faso,Hounde,3.4346140754145185e+28
2018,BFA,Burkina Faso,Po,5.97432934155044e+28
2018,BFA,Burkina Faso,Leo,5.622831479236185e+28
2018,BDI,Burundi,Bujumbura,4.139914613188693e+28
2018,BDI,Burundi,Gitega,4.02907602583007e+28
2018,BDI,Burundi,Ngozi,3.8673616269521885e+28
2018,BDI,Burundi,Rumonge,5.082056208083193e+28
2018,BDI,Burundi,Bururi,4.790646929448035e+28
2018,BDI,Burundi,Muyinga,4.416361985633839e+28
2018,BDI,Burundi,Ruyigi,3.1486755443516443e+28
2018,BDI,Burundi,Makamba,5.114541066786738e+28
2018,BDI,Burundi,Kayanza,3.8816023994195906e+28
2018,BDI,Burundi,Muramvya,4.034385941282131e+28
2018,BDI,Burundi,Cibitoke,4.1634804765142085e+28
2018,BDI,Burundi,Karuzi,4.706712178128705e+28
2018,BDI,Burundi,Kirundo,3.4980872391801333e+28
2018,BDI,Burundi,Mwaro,2.482922589249267e+28
2018,BDI,Burundi,Nyanza-Lac,5.4753577198182e+28
2018,CMR,Cameroon,Douala,3.8331018001099846e+28
2018,CMR,Cameroon,Yaounde,2.0444017811320615e+28
2018,CMR,Cameroon,Garoua,5.999539372309004e+28
2018,CMR,Cameroon,Bamenda,4.553906121559879e+28
2018,CMR,Cameroon,Maroua,5.185365371905736e+28
2018,CMR,Cameroon,Ngaoundere,4.668072006638747e+28
2018,CMR,Cameroon,Bafoussam,3.9332137728303435e+28
2018,CMR,Cameroon,Bertoua,4.022136175662755e+28
2018,CMR,Cameroon,Ebolowa,2.5332414691601597e+28
2018,CMR,Cameroon,Kribi,2.122850585626489e+28
2018,CMR,Cameroon,Limbe,4.317434780739392e+28
2018,CMR,Cameroon,Kumba,4.065627858681133e+28
2018,CMR,Cameroon,Nkongsamba,4.238381346090173e+28
2018,CMR,Cameroon,Edea,3.4462643288708526e+28
2018,CMR,Cameroon,Sangmelima,2.520438762965902e+28
2018,CMR,Cameroon,Foumban,4.630367275103473e+28
2018,CMR,Cameroon,Dschang,3.852335597980361e+28
2018,CMR,Cameroon,Kousseri,5.35108232559758e+28
2018,CAF,Central African Republic,Bangui,7.348435650905695e+28
2018,CAF,Central African Republic,Bimbo,4.296313633187173e+28
2018,CAF,Central African Republic,Berberati,4.202877092987777e+28
2018,CAF,Central African Republic,Bambari,5.365152968037664e+28
2018,CAF,Central African Republic,Bouar,8.31108707500985e+28
2018,CAF,Central African Republic,Bossangoa,5.597435808919476e+28
2018,CAF,Central African Republic,Bria,6.245893183535899e+28
2018,CAF,Central African Republic,Bangassou,2.8749446813417488e+28
2018,CAF,Central African Republic,Kaga-Bandoro,5.478236443489288e+28
2018,CAF,Central African Republic,Mbaiki,3.3391191291976037e+28
2018,CAF,Central African Republic,Bozoum,7.501677377191587e+28
2018,CAF,Central African Republic,Carnot,1.1766990071955025e+29
2018,CAF,Central African Republic,Sibut,7.47223734353187e+28
2018,CAF,Central African Republic,Alindao,7.8280564555705335e+28
2018,CAF,Central African Republic,Mobaye,5.9380916091072725e+28
2018,CAF,Central African Republic,Nola,3.138128301275826e+28
2018,TCD,Chad,N'Djamena,5.35108232559758e+28
2018,TCD,Chad,Moundou,6.415912753735223e+28
2018,TCD,Chad,Sarh,6.496477371955743e+28
2018,TCD,Chad,Abeche,3.6029828921557277e+28
2018,TCD,Chad,Kelo,5.814062228675569e+28
2018,TCD,Chad,Koumra,5.895487714012768e+28
2018,TCD,Chad,Pala,5.558848473340024e+28
2018,TCD,Chad,Am Timan,4.124875729227043e+28
2018,TCD,Chad,Bongor,5.273056297523707e+28
2018,TCD,Chad,Mongo,3.9217549201531984e+28
2018,TCD,Chad,Faya-Largeau,2.276235505840445e+28
2018,TCD,Chad,Doba,6.00498708511229e+28
2018,TCD,Chad,Ati,3.749328878419527e+28
2018,TCD,Chad,Biltine,3.189032356751616e+28
2018,TCD,Chad,Mao,3.7292632410750034e+28
2018,TCD,Chad,Massakory,3.287997771563239e+28
2018,COD,DR Congo,Kinshasa,9.004556650875497e+28
2018,COD,DR Congo,Lubumbashi,7.0362153372750745e+28
2018,COD,DR Congo,Mbuji-Mayi,9.182912396549974e+28
2018,COD,DR Congo,Kisangani,2.8617865710119755e+28
2018,COD,DR Congo,Goma,3.4281339567202185e+28
2018,COD,DR Congo,Bukavu,2.121088577809704e+28
2018,COD,DR Congo,Kananga,8.459600272468142e+28
2018,COD,DR Congo,Kolwezi,8.003820116427332e+28
2018,COD,DR Congo,Tshikapa,1.1153234410807959e+29
2018,COD,DR Congo,Matadi,6.109736261015464e+28
2018,COD,DR Congo,Boma,6.036539601432116e+28
2018,COD,DR Congo,Uvira,4.314396714496622e+28
2018,COD,DR Congo,Kindu,4.658258213206785e+28
2018,COD,DR Congo,Kalemie,6.140554551137086e+28
2018,COD,DR Congo,Likasi,7.053625384655443e+28
2018,COD,DR Congo,Kikwit,9.23503316557183e+28
2018,COD,DR Congo,Gemena,3.3465304625950555e+28
2018,COD,DR Congo,Isiro,3.3866515770432626e+28
2018,COG,Congo Republic,Brazzaville,4.0519047929163325e+28
2018,COG,Congo Republic,Pointe-Noire,5.656260783288336e+28
2018,COG,Congo Republic,Dolisie,6.604644129610067e+28
2018,COG,Congo Republic,Nkayi,7.971252585677481e+28
2018,COG,Congo Republic,Owando,3.677781288861536e+28
2018,COG,Congo Republic,Ouesso,2.455685603667117e+28
2018,COG,Congo Republic,Impfondo,2.830092944925921e+28
2018,COG,Congo Republic,Sibiti,7.242855614301501e+28
2018,COG,Congo Republic,Madingou,8.238337919176086e+28
2018,COG,Congo Republic,Kinkala,5.28143088478888e+28
2018,COG,Congo Republic,Mossendjo,3.676301880402414e+28
2018,COG,Congo Republic,Gamboma,7.09648871361685e+28
2018,COG,Congo Republic,Djambala,4.032071345308255e+28
2018,CIV,Cote d'Ivoire,Abidjan,3.1964535458272006e+28
2018,CIV,Cote d'Ivoire,Yamoussoukro,3.8094342327862745e+28
2018,CIV,Cote d'Ivoire,Bouake,4.02012290990074e+28
2018,CIV,Cote d'Ivoire,Daloa,3.0826715645649446e+28
2018,CIV,Cote d'Ivoire,San-Pedro,2.4321096248329546e+28
2018,CIV,Cote d'Ivoire,Korhogo,3.775207493995951e+28
2018,CIV,Cote d'Ivoire,Man,2.749858409301694e+28
2018,CIV,Cote d'Ivoire,Gagnoa,2.877162130716939e+28
2018,CIV,Cote d'Ivoire,Abengourou,1.9286196710334063e+28
2018,CIV,Cote d'Ivoire,Bondoukou,4.768518196655958e+28
2018,CIV,Cote d'Ivoire,Divo,3.139339827644823e+28
2018,CIV,Cote d'Ivoire,Odienne,3.289973869927851e+28
2018,CIV,Cote d'Ivoire,Ferkessedougou,4.2110491353592205e+28
2018,CIV,Cote d'Ivoire,Soubre,2.432318009983083e+28
2018,CIV,Cote d'Ivoire,Sassandra,3.085684238017297e+28
2018,CIV,Cote d'Ivoire,Agboville,3.3217960946033646e+28
2018,CIV,Cote d'Ivoire,Grand-Bassam,3.5737828754451484e+28
2018,CIV,Cote d'Ivoire,Dabou,4.534016547250366e+28
2018,ETH,Ethiopia,Addis Ababa,3.6978537612532636e+28
2018,ETH,Ethiopia,Dire Dawa,3.965842559985726e+28
2018,ETH,Ethiopia,Mekelle,2.685968430626284e+28
2018,ETH,Ethiopia,Bahir Dar,4.014326617084018e+28
2018,ETH,Ethiopia,Hawassa,2.9025916259719263e+28
2018,ETH,Ethiopia,Adama,3.6496948490494893e+28
2018,ETH,Ethiopia,Gondar,5.008719463960263e+28
2018,ETH,Ethiopia,Jimma,3.5631986344542025e+28
2018,ETH,Ethiopia,Dessie,3.1058119598681944e+28
2018,ETH,Ethiopia,Shashamane,2.9777043503475614e+28
2018,ETH,Ethiopia,Harar,3.804981686756072e+28
2018,ETH,Ethiopia,Arba Minch,3.0041985292411877e+28
2018,ETH,Ethiopia,Debre Markos,5.939741030740636e+28
2018,ETH,Ethiopia,Debre Birhan,3.44284448155383e+28
2018,ETH,Ethiopia,Nekemte,4.8254121006678045e+28
2018,ETH,Ethiopia,Asella,2.704020466356204e+28
2018,ETH,Ethiopia,Wolaita Sodo,2.5891079013963278e+28
2018,ETH,Ethiopia,Jijiga,3.260223899123087e+28
2018,GAB,Gabon,Libreville,2.4894435808177323e+28
2018,GAB,Gabon,Port-Gentil,2.487405621838554e+28
2018,GAB,Gabon,Franceville,3.9138600067362353e+28
2018,GAB,Gabon,Oyem,2.3702505355796843e+28
2018,GAB,Gabon,Moanda,3.267207453714415e+28
2018,GAB,Gabon,Lambarene,2.977523246241614e+28
2018,GAB,Gabon,Mouila,4.172177012540706e+28
2018,GAB,Gabon,Koulamoutou,2.480339522947811e+28
2018,GAB,Gabon,Tchibanga,3.109018993557128e+28
2018,GAB,Gabon,Makokou,2.5672329173919855e+28
2018,GAB,Gabon,Bitam,1.4718026914638989e+28
2018,GAB,Gabon,Ndende,2.980633538593661e+28
2018,GHA,Ghana,Accra,6.494656789209856e+28
2018,GHA,Ghana,Kumasi,4.344820060969183e+28
2018,GHA,Ghana,Tamale,6.734886956377549e+28
2018,GHA,Ghana,Sekondi-Takoradi,2.559616089431992e+28
2018,GHA,Ghana,Sunyani,4.523876325751669e+28
2018,GHA,Ghana,Cape Coast,2.7166274999820428e+28
2018,GHA,Ghana,Koforidua,3.7734877063169203e+28
2018,GHA,Ghana,Ho,6.20860782345362e+28
2018,GHA,Ghana,Tema,6.494656789209856e+28
2018,GHA,Ghana,Obuasi,3.2287301014716348e+28
2018,GHA,Ghana,Bolgatanga,6.23422910528253e+28
2018,GHA,Ghana,Wa,4.2057751440251895e+28
2018,GHA,Ghana,Techiman,5.694500736135322e+28
2018,GHA,Ghana,Tarkwa,2.365425089107062e+28
2018,GHA,Ghana,Sefwi Wiawso,1.9960168904812904e+28
2018,GHA,Ghana,Nkawkaw,5.225869176583686e+28
2018,GHA,Ghana,Dunkwa-on-Offin,2.835403622335431e+28
2018,GHA,Ghana,Yendi,4.676608098716309e+28
2018,KEN,Kenya,Nairobi,5.342225220662302e+28
2018,KEN,Kenya,Mombasa,3.8959508674732212e+28
2018,KEN,Kenya,Kisumu,3.4852600567607653e+28
2018,KEN,Kenya,Nakuru,3.02750030744729e+28
2018,KEN,Kenya,Eldoret,1.5116264261140774e+28
2018,KEN,Kenya,Thika,4.495131292923476e+28
2018,KEN,Kenya,Malindi,2.9814035362667278e+28
2018,KEN,Kenya,Kitale,1.8054149787641694e+28
2018,KEN,Kenya,Garissa,3.4303819082534786e+28
2018,KEN,Kenya,Nyeri,3.9206720523266647e+28
2018,KEN,Kenya,Machakos,2.4393430421266167e+28
2018,KEN,Kenya,Meru,3.0266698522150218e+28
2018,KEN,Kenya,Kericho,3.457626149529017e+28
2018,KEN,Kenya,Naivasha,4.634407942908895e+28
2018,KEN,Kenya,Embu,4.1285486585486665e+28
2018,KEN,Kenya,Lodwar,3.2888941366218964e+28
2018,KEN,Kenya,Isiolo,2.97959971296848e+28
2018,KEN,Kenya,Wajir,2.335128296296218e+28
2018,LSO,Lesotho,Maseru,5.698410301794778e+28
2018,LSO,Lesotho,Teyateyaneng,3.7297337204185126e+28
2018,LSO,Lesotho,Mafeteng,4.86384626330545e+28
2018,LBR,Liberia,Monrovia,2.873388759003087e+28
2018,LBR,Liberia,Gbarnga,1.8146417907261792e+28
2018,LBR,Liberia,Buchanan,2.097569418783879e+28
2018,LBR,Liberia,Harper,3.3885981514222135e+28
2018,LBR,Liberia,Voinjama,2.927294150268506e+28
2018,LBR,Liberia,Zwedru,2.1790069625349784e+28
2018,LBR,Liberia,Kakata,2.9425498022876e+28
2018,LBR,Liberia,Greenville,1.7487409565694071e+28
2018,LBR,Liberia,Tubmanburg,2.7187805130578345e+28
2018,LBR,Liberia,Ganta,2.7906573880175736e+28
2018,LBR,Liberia,Robertsport,1.78391579048634e+28
2018,LBR,Liberia,Fish Town,1.9638240401341214e+28
2018,MDG,Madagascar,Antananarivo,2.928739467854351e+28
2018,MDG,Madagascar,Toamasina,3.7055083507188513e+28
2018,MDG,Madagascar,Antsirabe,4.239847241696253e+28
2018,MDG,Madagascar,Mahajanga,3.5579208760914904e+28
2018,MDG,Madagascar,Fianarantsoa,4.7460400250350895e+28
2018,MDG,Madagascar,Toliara,3.709743621704512e+28
2018,MDG,Madagascar,Antsiranana,2.484125758447631e+28
2018,MDG,Madagascar,Morondava,5.276455824156326e+28
2018,MDG,Madagascar,Sambava,2.799385609250444e+28
2018,MDG,Madagascar,Ambatondrazaka,4.454836297214819e+28
2018,MDG,Madagascar,Farafangana,3.6613042118260053e+28
2018,MDG,Madagascar,Mananjary,3.2786110469795524e+28
2018,MDG,Madagascar,Manakara,3.5647082816322382e+28
2018,MDG,Madagascar,Antalaha,2.2050607404588363e+28
2018,MDG,Madagascar,Hell-Ville,2.691493778509222e+28
2018,MDG,Madagascar,Marovoay,5.283248144511095e+28
2018,MDG,Madagascar,Ambanja,2.952843945744649e+28
2018,MWI,Malawi,Lilongwe,2.146498927235002e+28
2018,MWI,Malawi,Blantyre,3.89528287757224e+28
2018,MWI,Malawi,Mzuzu,3.469781786041009e+28
2018,MWI,Malawi,Zomba,4.932875800733342e+28
2018,MWI,Malawi,Karonga,3.994392979846714e+28
2018,MWI,Malawi,Mangochi,5.043909892283661e+28
2018,MWI,Malawi,Salima,3.376366606880526e+28
2018,MLI,Mali,Bamako,4.104617749385738e+28
2018,MLI,Mali,Sikasso,4.539760955288467e+28
2018,MLI,Mali,Mopti,2.4192158909682498e+28
2018,MLI,Mali,Koutiala,4.323554202586964e+28
2018,MLI,Mali,Kayes,5.9296531570095396e+28
2018,MLI,Mali,Segou,2.8546887901051963e+28
2018,MRT,Mauritania,Nouakchott,3.9340447526401007e+28
2018,MRT,Mauritania,Nouadhibou,2.6570084418092344e+28
2018,MRT,Mauritania,Rosso,2.4953171354694718e+28
2018,MRT,Mauritania,Zouerate,1.9725245075171242e+28
2018,MRT,Mauritania,Atar,2.6463451356109308e+28
2018,MRT,Mauritania,Kaedi,2.531585725787285e+28
2018,MOZ,Mozambique,Maputo,1.3296964165609694e+29
2018,MOZ,Mozambique,Matola,1.5186361894654218e+29
2018,MOZ,Mozambique,Beira,5.541871693153831e+28
2018,MOZ,Mozambique,Nampula,5.827989982561582e+28
2018,MOZ,Mozambique,Chimoio,7.3289241099233984e+28
2018,MOZ,Mozambique,Nacala,3.5372068032714396e+28
2018,MOZ,Mozambique,Quelimane,6.19627786401412e+28
2018,MOZ,Mozambique,Tete,5.1398790883848335e+28
2018,MOZ,Mozambique,Pemba,3.1119876552898993e+28
2018,MOZ,Mozambique,Lichinga,3.299319369538821e+28
2018,MOZ,Mozambique,Xai-Xai,7.957783915842823e+28
2018,MOZ,Mozambique,Maxixe,4.182118636736703e+28
2018,NGA,Nigeria,Lagos,9.088754304867599e+28
2018,NGA,Nigeria,Abuja,7.351647508866658e+28
2018,NGA,Nigeria,Kano,4.546220696783861e+28
2018,NGA,Nigeria,Ibadan,7.8415768400205255e+28
2018,NGA,Nigeria,Port Harcourt,6.7238466368816945e+28
2018,NGA,Nigeria,Benin City,7.136409392387484e+28
2018,NGA,Nigeria,Onitsha,8.323117669887747e+28
2018,NGA,Nigeria,Aba,6.527342487681522e+28
2018,NGA,Nigeria,Kaduna,7.2533364866237595e+28
2018,NGA,Nigeria,Enugu,5.615505198095236e+28
2018,NGA,Nigeria,Ilorin,4.883602930388798e+28
2018,NGA,Nigeria,Warri,3.7488929577673755e+28
2018,NGA,Nigeria,Maiduguri,5.785988485805805e+28
2018,NGA,Nigeria,Zaria,6.936791681442413e+28
2018,NGA,Nigeria,Sokoto,5.322122489463308e+28
2018,NGA,Nigeria,Uyo,5.8114973198322025e+28
2018,NGA,Nigeria,Jos,5.705622156313094e+28
2018,NGA,Nigeria,Calabar,5.627293980157489e+28
2018,ZAF,South Africa,Johannesburg,4.0929601480043916e+29
2018,ZAF,South Africa,Cape Town,6.807430477870666e+28
2018,ZAF,South Africa,Durban,8.192591467694532e+28
2018,ZAF,South Africa,Pretoria,1.9822235081133643e+29
2018,ZAF,South Africa,Port Elizabeth,5.312413669884886e+28
2018,ZAF,South Africa,Bloemfontein,6.911888507205745e+28
2018,ZAF,South Africa,East London,4.50414777149057e+28
2018,ZAF,South Africa,Soweto,2.4057196528129797e+29
2018,ZAF,South Africa,Pietermaritzburg,1.0503667751553892e+29
2018,ZAF,South Africa,Polokwane,9.448059131383579e+28
2018,ZAF,South Africa,Rustenburg,9.232755813722352e+28
2018,ZMB,Zambia,Lusaka,5.287493712214e+28
2018,ZMB,Zambia,Kitwe,6.978387666159557e+28
2018,ZMB,Zambia,Ndola,6.829686313827855e+28
2018,ZMB,Zambia,Kabwe,4.990157502611374e+28
2018,ZMB,Zambia,Chingola,6.644656803411715e+28
2018,ZMB,Zambia,Livingstone,4.922679119969254e+28
2018,ZMB,Zambia,Solwezi,7.534156319099434e+28
2018,ZMB,Zambia,Mufulira,4.250303644227797e+28
2018,ZMB,Zambia,Luanshya,7.0381820239301295e+28
2018,ZWE,Zimbabwe,Harare,6.011363130287669e+28
2018,ZWE,Zimbabwe,Bulawayo,4.66224936817852e+28
2018,ZWE,Zimbabwe,Chitungwiza,4.041040463698634e+28
2018,ZWE,Zimbabwe,Mutare,5.054918681286689e+28
2018,ZWE,Zimbabwe,Gweru,4.864070150439617e+28
2018,ZWE,Zimbabwe,Kwekwe,4.959363613936387e+28
2018,ZWE,Zimbabwe,Masvingo,4.505439906381819e+28
2018,ZWE,Zimbabwe,Chinhoyi,6.208242923385663e+28
2018,ZWE,Zimbabwe,Kadoma,5.5744364732932334e+28
2018,ZWE,Zimbabwe,Victoria Falls,4.922679119969254e+28
2018,ZWE,Zimbabwe,Redcliff,4.867438113923856e+28
2018,ZWE,Zimbabwe,Norton,7.291966192933758e+28
2018,ZWE,Zimbabwe,Hwange,3.2600324822934642e+28
2018,ZWE,Zimbabwe,Chegutu,6.44278181062157e+28
2018,COM,Comoros,Moroni,1.4878777204775836e+28
2018,COM,Comoros,Mutsamudu,2.1342661159701475e+28
2018,COM,Comoros,Fomboni,1.2584881916246498e+28
2018,ERI,Eritrea,Asmara,4.246206539325638e+28
2018,ERI,Eritrea,Keren,4.032072290208276e+28
2018,ERI,Eritrea,Massawa,3.972841604468562e+28
2018,GNQ,Equatorial Guinea,Malabo,2.4335576796316756e+28
2018,GNQ,Equatorial Guinea,Bata,2.0280457077343783e+28
2018,GNQ,Equatorial Guinea,Ebibeyin,2.20059377748299e+28
2018,GMB,Gambia,Banjul,4.324818494885417e+28
2018,GMB,Gambia,Serekunda,4.324818494885417e+28
2018,GMB,Gambia,Brikama,4.324818494885417e+28
2018,GIN,Guinea,Conakry,4.4386198730555935e+28
2018,GIN,Guinea,Kankan,6.313633500127351e+28
2018,GIN,Guinea,Kindia,4.924754495202722e+28
2018,GIN,Guinea,Nzérékoré,2.1128330426769315e+28
2018,GIN,Guinea,Labe,3.7148797223400625e+28
2018,GIN,Guinea,Fria,4.798306349913227e+28
2018,GNB,Guinea-Bissau,Bissau,3.5995745413284496e+28
2018,GNB,Guinea-Bissau,Bafatá,3.7363654411905563e+28
2018,GNB,Guinea-Bissau,Gabú,4.131256508741737e+28
2018,NAM,Namibia,Windhoek,3.334129902089863e+28
2018,NAM,Namibia,Walvis Bay,2.399947957856401e+28
2018,NAM,Namibia,Swakopmund,3.713741555371151e+28
2018,NAM,Namibia,Rundu,6.394584005882014e+28
2018,NAM,Namibia,Oshakati,4.681241748780792e+28
2018,NAM,Namibia,Otjiwarongo,3.383219117840367e+28
2018,NER,Niger,Niamey,3.0320662719225347e+28
2018,NER,Niger,Zinder,2.7101098462994545e+28
2018,NER,Niger,Maradi,2.827999909001343e+28
2018,NER,Niger,Agadez,1.6415035022502843e+28
2018,NER,Niger,Tahoua,3.2665255377357883e+28
2018,RWA,Rwanda,Kigali,3.7077770531123224e+28
2018,RWA,Rwanda,Huye,2.0737938097771015e+28
2018,RWA,Rwanda,Rubavu,2.2152859522119174e+28
2018,RWA,Rwanda,Musanze,2.3512123750564976e+28
2018,RWA,Rwanda,Rusizi,3.0338493419569504e+28
2018,STP,Sao Tome and Principe,São Tomé,2.1961456585133553e+28
2018,STP,Sao Tome and Principe,Santo António,2.150360461628326e+28
2018,STP,Sao Tome and Principe,Neves,2.1961456585133553e+28
2018,SEN,Senegal,Ziguinchor,3.8864869188045973e+28
2018,SEN,Senegal,Tambacounda,4.591909933112902e+28
2018,SEN,Senegal,Dakar,5.979615399136279e+28
2018,SEN,Senegal,Thiès,5.508013357296177e+28
2018,SEN,Senegal,Saint-Louis,2.5706980305627523e+28
2018,SEN,Senegal,Kaolack,4.975991352584534e+28
2018,SLE,Sierra Leone,Freetown,3.3987768945202536e+28
2018,SLE,Sierra Leone,Bo,2.416948745077414e+28
2018,SLE,Sierra Leone,Kenema,3.260319098758169e+28
2018,SLE,Sierra Leone,Makeni,4.9406974223013905e+28
2018,SOM,Somalia,Mogadishu,2.829057027008611e+28
2018,SOM,Somalia,Hargeisa,3.6295615774714995e+28
2018,SOM,Somalia,Bosaso,2.7451278127565992e+28
2018,SOM,Somalia,Kismayo,2.259130202019911e+28
2018,SOM,Somalia,Baidoa,3.1865992052314014e+28
2018,SSD,South Sudan,Juba,8.345116927087016e+28
2018,SSD,South Sudan,Wau,3.9117742540209166e+28
2018,SSD,South Sudan,Malakal,6.985628489438271e+28
2018,SSD,South Sudan,Bor,7.935304082715836e+28
2018,SDN,Sudan,Khartoum,5.251791972708638e+28
2018,SDN,Sudan,Omdurman,7.205160161784063e+28
2018,SDN,Sudan,Port Sudan,5.035400867393174e+28
2018,SDN,Sudan,Nyala,4.2079369007976155e+28
2018,SDN,Sudan,Ed Damer,5.504129179365856e+28
2018,SDN,Sudan,El Obeid,4.099249945164875e+28
2018,SDN,Sudan,Kassala,4.994005876361152e+28
2018,SDN,Sudan,Wad Madani,5.142530087286892e+28
2018,SDN,Sudan,Kosti,5.900769110334927e+28
2018,SDN,Sudan,Rabak,3.99515680584873e+28
2018,SDN,Sudan,El Obeid,4.099249945164875e+28
2018,SDN,Sudan,Sennar,4.911843780162128e+28
2018,TZA,Tanzania,Dar es Salaam,5.2168491591543885e+28
2018,TZA,Tanzania,Dodoma,2.6879576151955947e+28
2018,TZA,Tanzania,Mwanza,3.8469035029056576e+28
2018,TZA,Tanzania,Arusha,4.131219444437322e+28
2018,TZA,Tanzania,Zanzibar City,3.6503159487074537e+28
2018,TZA,Tanzania,Mbeya,4.055524641344852e+28
2018,TZA,Tanzania,Tabora,4.219940767993468e+28
2018,TGO,Togo,Lomé,5.963848521416933e+28
2018,TGO,Togo,Sokodé,6.93952871817662e+28
2018,TGO,Togo,Kara,6.373111343713528e+28
2018,TGO,Togo,Atakpamé,6.5864039053674935e+28
2018,UGA,Uganda,Kampala,5.5149945328088795e+28
2018,UGA,Uganda,Entebbe,5.556543885545044e+28
2018,UGA,Uganda,Jinja,4.644523524338007e+28
2018,UGA,Uganda,Mbarara,4.9670307842954155e+28
2018,UGA,Uganda,Gulu,5.913825833511496e+28
2018,UGA,Uganda,Fort Portal,4.696020413748459e+28
2019,AGO,Angola,Luanda,4.094791381320856e+28
2019,AGO,Angola,Benguela,5.536646163717451e+28
2019,AGO,Angola,Lobito,5.9002434924887585e+28
2019,AGO,Angola,Huambo,6.938406942910283e+28
2019,AGO,Angola,Lubango,3.117115823911293e+28
2019,AGO,Angola,Cabinda,5.0893055286247075e+28
2019,AGO,Angola,Malanje,1.102354994635727e+29
2019,AGO,Angola,Namibe,4.414639620733793e+28
2019,AGO,Angola,Sumbe,5.6311348633292825e+28
2019,AGO,Angola,Uige,6.8964103845302145e+28
2019,AGO,Angola,Soyo,4.2617664399998675e+28
2019,BEN,Benin,Bohicon,4.856232061283722e+28
2019,BEN,Benin,Abomey,3.1871916944306532e+28
2019,BEN,Benin,Ouidah,5.116107993188358e+28
2019,BEN,Benin,Kandi,5.921506341176891e+28
2019,BEN,Benin,Natitingou,6.244875483624875e+28
2019,BEN,Benin,Save,3.413246660031078e+28
2019,BEN,Benin,Savalou,4.954976525417289e+28
2019,BEN,Benin,Comé,5.084120526268006e+28
2019,BEN,Benin,Allada,5.609125259117346e+28
2019,BEN,Benin,Dogbo,5.503741661149179e+28
2019,BEN,Benin,Lokossa,5.859409143149614e+28
2019,BEN,Benin,Tchaourou,4.584007410430631e+28
2019,BEN,Benin,Malanville,5.921475500332007e+28
2019,BEN,Benin,Tanguiéta,6.543265975659745e+28
2019,BEN,Benin,Bassila,3.191880346587304e+28
2019,BEN,Benin,Pobe,6.665220455894644e+28
2019,BEN,Benin,Ketou,5.302397642952147e+28
2019,BWA,Botswana,Gaborone,6.656953241452451e+28
2019,BWA,Botswana,Francistown,2.9289611140343267e+28
2019,BWA,Botswana,Maun,4.373358372491216e+28
2019,BWA,Botswana,Serowe,4.558978854354495e+28
2019,BWA,Botswana,Kanye,5.865008402971477e+28
2019,BWA,Botswana,Molepolole,3.8880036098487996e+28
2019,BWA,Botswana,Mochudi,6.9410712043659105e+28
2019,BWA,Botswana,Selebi-Phikwe,3.1024871443834702e+28
2019,BWA,Botswana,Palapye,5.064398084842456e+28
2019,BWA,Botswana,Lobatse,6.206520843011716e+28
2019,BWA,Botswana,Ramotswa,6.953869773296232e+28
2019,BWA,Botswana,Letlhakane,4.5536302295644485e+28
2019,BWA,Botswana,Orapa,4.442893119163989e+28
2019,BWA,Botswana,Kasane,5.358361060564209e+28
2019,BWA,Botswana,Ghanzi,3.852511768878496e+28
2019,BWA,Botswana,Jwaneng,4.865344537526834e+28
2019,BWA,Botswana,Tsabong,3.967508646027258e+28
2019,BWA,Botswana,Shoshong,3.774652434059076e+28
2019,BFA,Burkina Faso,Ouagadougou,5.3340129560379655e+28
2019,BFA,Burkina Faso,Bobo-Dioulasso,4.378159943174126e+28
2019,BFA,Burkina Faso,Koudougou,3.1388577320571158e+28
2019,BFA,Burkina Faso,Banfora,3.847117321293781e+28
2019,BFA,Burkina Faso,Ouahigouya,4.2727490205063275e+28
2019,BFA,Burkina Faso,Kaya,4.744127486335463e+28
2019,BFA,Burkina Faso,Tenkodogo,4.794442837537157e+28
2019,BFA,Burkina Faso,Fada N'Gourma,5.077995844538241e+28
2019,BFA,Burkina Faso,Dedougou,4.641886989316179e+28
2019,BFA,Burkina Faso,Dori,4.914793422692232e+28
2019,BFA,Burkina Faso,Gaoua,5.3989721004603355e+28
2019,BFA,Burkina Faso,Kongoussi,4.700836687691599e+28
2019,BFA,Burkina Faso,Manga,4.757964615858984e+28
2019,BFA,Burkina Faso,Reo,4.687054998305281e+28
2019,BFA,Burkina Faso,Ziniare,5.142472917432237e+28
2019,BFA,Burkina Faso,Hounde,3.109940513206089e+28
2019,BFA,Burkina Faso,Po,5.208360414441183e+28
2019,BFA,Burkina Faso,Leo,5.403607284902158e+28
2019,BDI,Burundi,Bujumbura,3.90541416557945e+28
2019,BDI,Burundi,Gitega,3.7358346450058228e+28
2019,BDI,Burundi,Ngozi,3.309848933966138e+28
2019,BDI,Burundi,Rumonge,4.678733521660493e+28
2019,BDI,Burundi,Bururi,4.317363982174515e+28
2019,BDI,Burundi,Muyinga,3.8567144236217633e+28
2019,BDI,Burundi,Ruyigi,2.8653348718854635e+28
2019,BDI,Burundi,Makamba,4.7782700168572265e+28
2019,BDI,Burundi,Kayanza,3.541865410389709e+28
2019,BDI,Burundi,Muramvya,3.708246218617475e+28
2019,BDI,Burundi,Cibitoke,4.3605881381788755e+28
2019,BDI,Burundi,Karuzi,3.984144715796145e+28
2019,BDI,Burundi,Kirundo,3.2042170085719325e+28
2019,BDI,Burundi,Mwaro,2.286369125441253e+28
2019,BDI,Burundi,Nyanza-Lac,5.4355464847124635e+28
2019,CMR,Cameroon,Douala,3.1640967364304733e+28
2019,CMR,Cameroon,Yaounde,1.947604402043047e+28
2019,CMR,Cameroon,Garoua,5.665225208201468e+28
2019,CMR,Cameroon,Bamenda,4.429999300188474e+28
2019,CMR,Cameroon,Maroua,4.652301069661687e+28
2019,CMR,Cameroon,Ngaoundere,4.412810433603416e+28
2019,CMR,Cameroon,Bafoussam,3.802275293717983e+28
2019,CMR,Cameroon,Bertoua,3.9269947293313298e+28
2019,CMR,Cameroon,Ebolowa,1.8836866691319729e+28
2019,CMR,Cameroon,Kribi,1.8087288869195478e+28
2019,CMR,Cameroon,Limbe,3.778241835019943e+28
2019,CMR,Cameroon,Kumba,3.632752472716911e+28
2019,CMR,Cameroon,Nkongsamba,3.7393276495181516e+28
2019,CMR,Cameroon,Edea,3.176197021989062e+28
2019,CMR,Cameroon,Sangmelima,2.171610779688628e+28
2019,CMR,Cameroon,Foumban,4.08938968053325e+28
2019,CMR,Cameroon,Dschang,3.9091351012192674e+28
2019,CMR,Cameroon,Kousseri,5.6554510196634505e+28
2019,CAF,Central African Republic,Bangui,6.546092325403717e+28
2019,CAF,Central African Republic,Bimbo,3.711506300121783e+28
2019,CAF,Central African Republic,Berberati,3.5005753050933047e+28
2019,CAF,Central African Republic,Bambari,5.009137651119396e+28
2019,CAF,Central African Republic,Bouar,6.978991062731506e+28
2019,CAF,Central African Republic,Bossangoa,5.162052757730029e+28
2019,CAF,Central African Republic,Bria,5.7535043139313495e+28
2019,CAF,Central African Republic,Bangassou,3.018123409965209e+28
2019,CAF,Central African Republic,Kaga-Bandoro,5.152228372114007e+28
2019,CAF,Central African Republic,Mbaiki,2.6106158352468718e+28
2019,CAF,Central African Republic,Bozoum,6.385923684919065e+28
2019,CAF,Central African Republic,Carnot,1.0011015438682976e+29
2019,CAF,Central African Republic,Sibut,7.1100021674960265e+28
2019,CAF,Central African Republic,Alindao,6.525815631616084e+28
2019,CAF,Central African Republic,Mobaye,5.48944709425449e+28
2019,CAF,Central African Republic,Nola,2.9006489420747833e+28
2019,TCD,Chad,N'Djamena,5.6554510196634505e+28
2019,TCD,Chad,Moundou,5.0136168564632765e+28
2019,TCD,Chad,Sarh,5.896844010490551e+28
2019,TCD,Chad,Abeche,4.1622852650221e+28
2019,TCD,Chad,Kelo,4.637303507695231e+28
2019,TCD,Chad,Koumra,5.589636099555296e+28
2019,TCD,Chad,Pala,4.56004665275438e+28
2019,TCD,Chad,Am Timan,4.203385047746154e+28
2019,TCD,Chad,Bongor,4.777199135398413e+28
2019,TCD,Chad,Mongo,3.8604747301287206e+28
2019,TCD,Chad,Faya-Largeau,2.2958374790041443e+28
2019,TCD,Chad,Doba,5.7099783979881405e+28
2019,TCD,Chad,Ati,4.54085812409226e+28
2019,TCD,Chad,Biltine,3.4910340395657026e+28
2019,TCD,Chad,Mao,4.092157024859895e+28
2019,TCD,Chad,Massakory,3.533547920565639e+28
2019,COD,DR Congo,Kinshasa,7.639981111491667e+28
2019,COD,DR Congo,Lubumbashi,7.5880304897683745e+28
2019,COD,DR Congo,Mbuji-Mayi,8.471859914262768e+28
2019,COD,DR Congo,Kisangani,2.829813650769692e+28
2019,COD,DR Congo,Goma,3.249368840999899e+28
2019,COD,DR Congo,Bukavu,2.0532032135308426e+28
2019,COD,DR Congo,Kananga,7.266185560807785e+28
2019,COD,DR Congo,Kolwezi,8.78022608345094e+28
2019,COD,DR Congo,Tshikapa,1.0797521313544803e+29
2019,COD,DR Congo,Matadi,6.100601495884132e+28
2019,COD,DR Congo,Boma,6.019404747099345e+28
2019,COD,DR Congo,Uvira,4.189659162738417e+28
2019,COD,DR Congo,Kindu,4.272119534359243e+28
2019,COD,DR Congo,Kalemie,5.745300894184312e+28
2019,COD,DR Congo,Likasi,7.4611442335839955e+28
2019,COD,DR Congo,Kikwit,8.446120605576213e+28
2019,COD,DR Congo,Gemena,3.1576158187693656e+28
2019,COD,DR Congo,Isiro,3.392078951949144e+28
2019,COG,Congo Republic,Brazzaville,3.3597618186182756e+28
2019,COG,Congo Republic,Pointe-Noire,4.8048400588111955e+28
2019,COG,Congo Republic,Dolisie,5.559403022362869e+28
2019,COG,Congo Republic,Nkayi,7.2122681814496384e+28
2019,COG,Congo Republic,Owando,3.0845921774189336e+28
2019,COG,Congo Republic,Ouesso,2.165405857738783e+28
2019,COG,Congo Republic,Impfondo,2.558137548582725e+28
2019,COG,Congo Republic,Sibiti,6.068683719807973e+28
2019,COG,Congo Republic,Madingou,7.648831826687596e+28
2019,COG,Congo Republic,Kinkala,4.646468422092474e+28
2019,COG,Congo Republic,Mossendjo,3.8654744118314304e+28
2019,COG,Congo Republic,Gamboma,5.727391704800767e+28
2019,COG,Congo Republic,Djambala,3.4314067453271e+28
2019,CIV,Cote d'Ivoire,Abidjan,2.9415835503213768e+28
2019,CIV,Cote d'Ivoire,Yamoussoukro,3.5168997624077017e+28
2019,CIV,Cote d'Ivoire,Bouake,3.87376801590529e+28
2019,CIV,Cote d'Ivoire,Daloa,2.665403833946059e+28
2019,CIV,Cote d'Ivoire,San-Pedro,2.290398266868157e+28
2019,CIV,Cote d'Ivoire,Korhogo,3.4041688359881048e+28
2019,CIV,Cote d'Ivoire,Man,3.0028724866465023e+28
2019,CIV,Cote d'Ivoire,Gagnoa,2.7018226520276386e+28
2019,CIV,Cote d'Ivoire,Abengourou,1.8896066449086076e+28
2019,CIV,Cote d'Ivoire,Bondoukou,3.885878264220139e+28
2019,CIV,Cote d'Ivoire,Divo,2.77439742389508e+28
2019,CIV,Cote d'Ivoire,Odienne,2.72426399153789e+28
2019,CIV,Cote d'Ivoire,Ferkessedougou,3.5733840358178617e+28
2019,CIV,Cote d'Ivoire,Soubre,2.2634846281239086e+28
2019,CIV,Cote d'Ivoire,Sassandra,3.0718032014614935e+28
2019,CIV,Cote d'Ivoire,Agboville,2.8167376777646896e+28
2019,CIV,Cote d'Ivoire,Grand-Bassam,3.6739581379640465e+28
2019,CIV,Cote d'Ivoire,Dabou,4.1911125218327855e+28
2019,ETH,Ethiopia,Addis Ababa,3.3486382611201067e+28
2019,ETH,Ethiopia,Dire Dawa,3.8034220195566106e+28
2019,ETH,Ethiopia,Mekelle,2.7983866020632667e+28
2019,ETH,Ethiopia,Bahir Dar,4.3788038163524144e+28
2019,ETH,Ethiopia,Hawassa,2.809376750742194e+28
2019,ETH,Ethiopia,Adama,3.837191480434281e+28
2019,ETH,Ethiopia,Gondar,5.064225181932274e+28
2019,ETH,Ethiopia,Jimma,3.2849173293189145e+28
2019,ETH,Ethiopia,Dessie,3.3056418839719974e+28
2019,ETH,Ethiopia,Shashamane,2.9123701863966295e+28
2019,ETH,Ethiopia,Harar,3.643200731934924e+28
2019,ETH,Ethiopia,Arba Minch,3.3932462809898563e+28
2019,ETH,Ethiopia,Debre Markos,5.972076352404096e+28
2019,ETH,Ethiopia,Debre Birhan,3.185842974483462e+28
2019,ETH,Ethiopia,Nekemte,4.505484894470621e+28
2019,ETH,Ethiopia,Asella,2.3254844310944284e+28
2019,ETH,Ethiopia,Wolaita Sodo,2.557167915243692e+28
2019,ETH,Ethiopia,Jijiga,3.624583303799361e+28
2019,GAB,Gabon,Libreville,2.4309265402199446e+28
2019,GAB,Gabon,Port-Gentil,2.487971583665728e+28
2019,GAB,Gabon,Franceville,3.5612262899390826e+28
2019,GAB,Gabon,Oyem,2.314682032364691e+28
2019,GAB,Gabon,Moanda,3.138908911216414e+28
2019,GAB,Gabon,Lambarene,3.474460786148579e+28
2019,GAB,Gabon,Mouila,3.6192741578557965e+28
2019,GAB,Gabon,Koulamoutou,2.1926935536624735e+28
2019,GAB,Gabon,Tchibanga,3.263134594202033e+28
2019,GAB,Gabon,Makokou,2.395464210179722e+28
2019,GAB,Gabon,Bitam,1.4568976293830155e+28
2019,GAB,Gabon,Ndende,3.0375732327223156e+28
2019,GHA,Ghana,Accra,5.4703019638766766e+28
2019,GHA,Ghana,Kumasi,4.04591346815407e+28
2019,GHA,Ghana,Tamale,6.183376718665711e+28
2019,GHA,Ghana,Sekondi-Takoradi,2.3384313483244046e+28
2019,GHA,Ghana,Sunyani,4.365891249279952e+28
2019,GHA,Ghana,Cape Coast,2.3685666661896573e+28
2019,GHA,Ghana,Koforidua,3.407221457842039e+28
2019,GHA,Ghana,Ho,5.470625559167193e+28
2019,GHA,Ghana,Tema,5.4703019638766766e+28
2019,GHA,Ghana,Obuasi,2.9792228814167617e+28
2019,GHA,Ghana,Bolgatanga,5.702256590672045e+28
2019,GHA,Ghana,Wa,3.806484307182689e+28
2019,GHA,Ghana,Techiman,5.193957868702169e+28
2019,GHA,Ghana,Tarkwa,2.0958090379010844e+28
2019,GHA,Ghana,Sefwi Wiawso,1.8028667532635023e+28
2019,GHA,Ghana,Nkawkaw,4.494839687781347e+28
2019,GHA,Ghana,Dunkwa-on-Offin,2.668278498081182e+28
2019,GHA,Ghana,Yendi,4.486501348530218e+28
2019,KEN,Kenya,Nairobi,4.791372623804106e+28
2019,KEN,Kenya,Mombasa,3.3363646844692127e+28
2019,KEN,Kenya,Kisumu,3.4228470896917624e+28
2019,KEN,Kenya,Nakuru,3.318576060394324e+28
2019,KEN,Kenya,Eldoret,1.5635058717825796e+28
2019,KEN,Kenya,Thika,4.114882068440007e+28
2019,KEN,Kenya,Malindi,2.5718745341213373e+28
2019,KEN,Kenya,Kitale,1.899367465350077e+28
2019,KEN,Kenya,Garissa,3.021808395273006e+28
2019,KEN,Kenya,Nyeri,4.103817954820938e+28
2019,KEN,Kenya,Machakos,2.094789330425213e+28
2019,KEN,Kenya,Meru,2.5865560432157678e+28
2019,KEN,Kenya,Kericho,4.165434484909901e+28
2019,KEN,Kenya,Naivasha,4.158720325354099e+28
2019,KEN,Kenya,Embu,4.4262946406860175e+28
2019,KEN,Kenya,Lodwar,3.0664164087261955e+28
2019,KEN,Kenya,Isiolo,2.584191751580411e+28
2019,KEN,Kenya,Wajir,2.118793231245105e+28
2019,LSO,Lesotho,Maseru,5.232638867377125e+28
2019,LSO,Lesotho,Teyateyaneng,3.3703324185079237e+28
2019,LSO,Lesotho,Mafeteng,4.866668626738776e+28
2019,LBR,Liberia,Monrovia,2.756696193969499e+28
2019,LBR,Liberia,Gbarnga,1.704065891767435e+28
2019,LBR,Liberia,Buchanan,2.2471071021717676e+28
2019,LBR,Liberia,Harper,3.42386165207291e+28
2019,LBR,Liberia,Voinjama,3.038498021868593e+28
2019,LBR,Liberia,Zwedru,2.1278170679621084e+28
2019,LBR,Liberia,Kakata,2.6807894504460975e+28
2019,LBR,Liberia,Greenville,1.675722061350209e+28
2019,LBR,Liberia,Tubmanburg,2.669176936733382e+28
2019,LBR,Liberia,Ganta,2.7891795871599374e+28
2019,LBR,Liberia,Robertsport,1.7601213686386262e+28
2019,LBR,Liberia,Fish Town,1.9178715140079541e+28
2019,MDG,Madagascar,Antananarivo,3.5943112929709e+28
2019,MDG,Madagascar,Toamasina,4.440472292659116e+28
2019,MDG,Madagascar,Antsirabe,4.682118435722398e+28
2019,MDG,Madagascar,Mahajanga,4.5394132094447325e+28
2019,MDG,Madagascar,Fianarantsoa,4.813283467443485e+28
2019,MDG,Madagascar,Toliara,4.113043024382871e+28
2019,MDG,Madagascar,Antsiranana,2.8153544557708417e+28
2019,MDG,Madagascar,Morondava,5.592864134750482e+28
2019,MDG,Madagascar,Sambava,3.0687092225054716e+28
2019,MDG,Madagascar,Ambatondrazaka,5.516689993703338e+28
2019,MDG,Madagascar,Farafangana,3.7275413282765904e+28
2019,MDG,Madagascar,Mananjary,3.4338707822254387e+28
2019,MDG,Madagascar,Manakara,3.5722338703854324e+28
2019,MDG,Madagascar,Antalaha,2.2039872031777804e+28
2019,MDG,Madagascar,Hell-Ville,3.3134569730235474e+28
2019,MDG,Madagascar,Marovoay,6.18761059395113e+28
2019,MDG,Madagascar,Ambanja,3.56592656235686e+28
2019,MWI,Malawi,Lilongwe,3.4762412668119255e+28
2019,MWI,Malawi,Blantyre,4.645792106252706e+28
2019,MWI,Malawi,Mzuzu,4.254519828372976e+28
2019,MWI,Malawi,Zomba,6.065719683111332e+28
2019,MWI,Malawi,Karonga,4.905183003389493e+28
2019,MWI,Malawi,Mangochi,6.28318922158171e+28
2019,MWI,Malawi,Salima,5.285320008515362e+28
2019,MLI,Mali,Bamako,4.395789013729237e+28
2019,MLI,Mali,Sikasso,4.6036784453395905e+28
2019,MLI,Mali,Mopti,2.827710912506422e+28
2019,MLI,Mali,Koutiala,4.642899457836755e+28
2019,MLI,Mali,Kayes,5.649878127046629e+28
2019,MLI,Mali,Segou,3.2365395544861792e+28
2019,MRT,Mauritania,Nouakchott,4.122288118952613e+28
2019,MRT,Mauritania,Nouadhibou,2.7398109322939956e+28
2019,MRT,Mauritania,Rosso,2.7782298846987187e+28
2019,MRT,Mauritania,Zouerate,1.9987904521846827e+28
2019,MRT,Mauritania,Atar,2.5363137136210964e+28
2019,MRT,Mauritania,Kaedi,2.9107766098976867e+28
2019,MOZ,Mozambique,Maputo,1.2819525091532588e+29
2019,MOZ,Mozambique,Matola,1.4811086884238557e+29
2019,MOZ,Mozambique,Beira,6.257777697676115e+28
2019,MOZ,Mozambique,Nampula,7.296140427338107e+28
2019,MOZ,Mozambique,Chimoio,7.468693722804473e+28
2019,MOZ,Mozambique,Nacala,4.782193651528556e+28
2019,MOZ,Mozambique,Quelimane,6.715953652951004e+28
2019,MOZ,Mozambique,Tete,6.629348155436684e+28
2019,MOZ,Mozambique,Pemba,3.5885820953019437e+28
2019,MOZ,Mozambique,Lichinga,4.343297037530578e+28
2019,MOZ,Mozambique,Xai-Xai,6.924363862428918e+28
2019,MOZ,Mozambique,Maxixe,3.8247941475020567e+28
2019,NGA,Nigeria,Lagos,8.728509873913823e+28
2019,NGA,Nigeria,Abuja,6.848746514273945e+28
2019,NGA,Nigeria,Kano,5.135324228858037e+28
2019,NGA,Nigeria,Ibadan,6.549233736136621e+28
2019,NGA,Nigeria,Port Harcourt,6.0168725345435534e+28
2019,NGA,Nigeria,Benin City,6.444976894008221e+28
2019,NGA,Nigeria,Onitsha,6.9461889925503484e+28
2019,NGA,Nigeria,Aba,6.160156597748063e+28
2019,NGA,Nigeria,Kaduna,6.978496259082328e+28
2019,NGA,Nigeria,Enugu,4.9150234253265064e+28
2019,NGA,Nigeria,Ilorin,4.439385217994393e+28
2019,NGA,Nigeria,Warri,3.5215434173352635e+28
2019,NGA,Nigeria,Maiduguri,6.18038228529223e+28
2019,NGA,Nigeria,Zaria,6.828838142262268e+28
2019,NGA,Nigeria,Sokoto,5.675819952822446e+28
2019,NGA,Nigeria,Uyo,5.502734920018595e+28
2019,NGA,Nigeria,Jos,5.447010895095669e+28
2019,NGA,Nigeria,Calabar,4.809841058962108e+28
2019,ZAF,South Africa,Johannesburg,3.742757904122427e+29
2019,ZAF,South Africa,Cape Town,7.056745922998911e+28
2019,ZAF,South Africa,Durban,8.200958527825615e+28
2019,ZAF,South Africa,Pretoria,2.09613465035577e+29
2019,ZAF,South Africa,Port Elizabeth,5.376751537500071e+28
2019,ZAF,South Africa,Bloemfontein,5.748554797515124e+28
2019,ZAF,South Africa,East London,4.749749869844402e+28
2019,ZAF,South Africa,Soweto,2.0892575509742805e+29
2019,ZAF,South Africa,Pietermaritzburg,1.0266654230545624e+29
2019,ZAF,South Africa,Polokwane,9.267173710221236e+28
2019,ZAF,South Africa,Rustenburg,8.9331264972596e+28
2019,ZMB,Zambia,Lusaka,6.679598935535045e+28
2019,ZMB,Zambia,Kitwe,8.277604983923892e+28
2019,ZMB,Zambia,Ndola,8.341947352554386e+28
2019,ZMB,Zambia,Kabwe,5.93882402933311e+28
2019,ZMB,Zambia,Chingola,7.788984237688476e+28
2019,ZMB,Zambia,Livingstone,5.401585323780354e+28
2019,ZMB,Zambia,Solwezi,8.521488858313983e+28
2019,ZMB,Zambia,Mufulira,5.1762498513349345e+28
2019,ZMB,Zambia,Luanshya,8.428500478245742e+28
2019,ZWE,Zimbabwe,Harare,6.825251704253109e+28
2019,ZWE,Zimbabwe,Bulawayo,3.8542873244468547e+28
2019,ZWE,Zimbabwe,Chitungwiza,4.400317777784135e+28
2019,ZWE,Zimbabwe,Mutare,5.182967391199905e+28
2019,ZWE,Zimbabwe,Gweru,4.627239108886285e+28
2019,ZWE,Zimbabwe,Kwekwe,5.175748967023799e+28
2019,ZWE,Zimbabwe,Masvingo,4.204305911322763e+28
2019,ZWE,Zimbabwe,Chinhoyi,7.216325226472576e+28
2019,ZWE,Zimbabwe,Kadoma,6.014320151894608e+28
2019,ZWE,Zimbabwe,Victoria Falls,5.401585323780354e+28
2019,ZWE,Zimbabwe,Redcliff,4.859963298296173e+28
2019,ZWE,Zimbabwe,Norton,7.60209834720181e+28
2019,ZWE,Zimbabwe,Hwange,3.447405485947245e+28
2019,ZWE,Zimbabwe,Chegutu,6.845876173334235e+28
2019,COM,Comoros,Moroni,1.5590836708397827e+28
2019,COM,Comoros,Mutsamudu,2.2730803942983725e+28
2019,COM,Comoros,Fomboni,1.445955889078309e+28
2019,ERI,Eritrea,Asmara,4.624445396908288e+28
2019,ERI,Eritrea,Keren,4.687975377374823e+28
2019,ERI,Eritrea,Massawa,4.450246819524081e+28
2019,GNQ,Equatorial Guinea,Malabo,2.1259890581276574e+28
2019,GNQ,Equatorial Guinea,Bata,1.854216414599646e+28
2019,GNQ,Equatorial Guinea,Ebibeyin,2.2546238950045343e+28
2019,GMB,Gambia,Banjul,4.351429847700334e+28
2019,GMB,Gambia,Serekunda,4.351429847700334e+28
2019,GMB,Gambia,Brikama,4.351429847700334e+28
2019,GIN,Guinea,Conakry,4.393285656074888e+28
2019,GIN,Guinea,Kankan,5.208646338639792e+28
2019,GIN,Guinea,Kindia,4.659224393656154e+28
2019,GIN,Guinea,Nzérékoré,1.9803910406299623e+28
2019,GIN,Guinea,Labe,3.5807568620726105e+28
2019,GIN,Guinea,Fria,4.222333901306944e+28
2019,GNB,Guinea-Bissau,Bissau,3.7327256692756913e+28
2019,GNB,Guinea-Bissau,Bafatá,3.976544002694762e+28
2019,GNB,Guinea-Bissau,Gabú,4.8995511726016165e+28
2019,NAM,Namibia,Windhoek,2.977583216889351e+28
2019,NAM,Namibia,Walvis Bay,2.4397349240257997e+28
2019,NAM,Namibia,Swakopmund,3.6304639387110473e+28
2019,NAM,Namibia,Rundu,5.740158357594774e+28
2019,NAM,Namibia,Oshakati,6.186156524323822e+28
2019,NAM,Namibia,Otjiwarongo,3.231730318233599e+28
2019,NER,Niger,Niamey,3.548597906211997e+28
2019,NER,Niger,Zinder,3.4144462565767944e+28
2019,NER,Niger,Maradi,3.367253284606302e+28
2019,NER,Niger,Agadez,1.8482968013018816e+28
2019,NER,Niger,Tahoua,3.9514192048467587e+28
2019,RWA,Rwanda,Kigali,3.975719210036575e+28
2019,RWA,Rwanda,Huye,1.7871272151016828e+28
2019,RWA,Rwanda,Rubavu,2.22002805434742e+28
2019,RWA,Rwanda,Musanze,2.0858102081972104e+28
2019,RWA,Rwanda,Rusizi,3.0003316457262483e+28
2019,STP,Sao Tome and Principe,São Tomé,2.1180663842229224e+28
2019,STP,Sao Tome and Principe,Santo António,1.8910362475407881e+28
2019,STP,Sao Tome and Principe,Neves,2.1180663842229224e+28
2019,SEN,Senegal,Ziguinchor,4.2156145626256966e+28
2019,SEN,Senegal,Tambacounda,5.022978760987742e+28
2019,SEN,Senegal,Dakar,6.823850037925438e+28
2019,SEN,Senegal,Thiès,5.813529859607421e+28
2019,SEN,Senegal,Saint-Louis,2.7161553159866923e+28
2019,SEN,Senegal,Kaolack,5.0703557109292744e+28
2019,SLE,Sierra Leone,Freetown,3.3403780337839667e+28
2019,SLE,Sierra Leone,Bo,1.8770777458343534e+28
2019,SLE,Sierra Leone,Kenema,2.4027762437050826e+28
2019,SLE,Sierra Leone,Makeni,4.306572477751048e+28
2019,SOM,Somalia,Mogadishu,2.4888863669067093e+28
2019,SOM,Somalia,Hargeisa,3.728073144387004e+28
2019,SOM,Somalia,Bosaso,2.792841375708429e+28
2019,SOM,Somalia,Kismayo,1.7904453969269222e+28
2019,SOM,Somalia,Baidoa,2.9585111249415735e+28
2019,SSD,South Sudan,Juba,6.595653830495388e+28
2019,SSD,South Sudan,Wau,3.674116189529213e+28
2019,SSD,South Sudan,Malakal,6.091754023850483e+28
2019,SSD,South Sudan,Bor,5.5639051557968e+28
2019,SDN,Sudan,Khartoum,5.739404322345136e+28
2019,SDN,Sudan,Omdurman,7.85042707989344e+28
2019,SDN,Sudan,Port Sudan,5.133078499128529e+28
2019,SDN,Sudan,Nyala,4.43354427144614e+28
2019,SDN,Sudan,Ed Damer,6.214745779709433e+28
2019,SDN,Sudan,El Obeid,4.404346279548974e+28
2019,SDN,Sudan,Kassala,5.470526129614818e+28
2019,SDN,Sudan,Wad Madani,6.036365545447588e+28
2019,SDN,Sudan,Kosti,6.183457027219258e+28
2019,SDN,Sudan,Rabak,4.213213555647568e+28
2019,SDN,Sudan,El Obeid,4.404346279548974e+28
2019,SDN,Sudan,Sennar,5.391000988193573e+28
2019,TZA,Tanzania,Dar es Salaam,4.27202381246942e+28
2019,TZA,Tanzania,Dodoma,2.435622279058771e+28
2019,TZA,Tanzania,Mwanza,3.7268422723467922e+28
2019,TZA,Tanzania,Arusha,2.9984395332951674e+28
2019,TZA,Tanzania,Zanzibar City,3.291174217633407e+28
2019,TZA,Tanzania,Mbeya,4.179554814929154e+28
2019,TZA,Tanzania,Tabora,3.8655564306491473e+28
2019,TGO,Togo,Lomé,5.1301138407286995e+28
2019,TGO,Togo,Sokodé,5.838224446642137e+28
2019,TGO,Togo,Kara,5.916072911828663e+28
2019,TGO,Togo,Atakpamé,5.562367690430776e+28
2019,UGA,Uganda,Kampala,5.153792536496461e+28
2019,UGA,Uganda,Entebbe,5.1876906194722525e+28
2019,UGA,Uganda,Jinja,4.237965810928147e+28
2019,UGA,Uganda,Mbarara,4.3915490836889515e+28
2019,UGA,Uganda,Gulu,5.564486608836252e+28
2019,UGA,Uganda,Fort Portal,4.156078138410532e+28
2020,AGO,Angola,Luanda,3.970517501923968e+28
2020,AGO,Angola,Benguela,5.268613946966834e+28
2020,AGO,Angola,Lobito,5.622408280436778e+28
2020,AGO,Angola,Huambo,5.9331074965706305e+28
2020,AGO,Angola,Lubango,2.4177820942577005e+28
2020,AGO,Angola,Cabinda,5.035514648140399e+28
2020,AGO,Angola,Malanje,1.0865817729232389e+29
2020,AGO,Angola,Namibe,3.830358498183533e+28
2020,AGO,Angola,Sumbe,5.213184415753557e+28
2020,AGO,Angola,Uige,7.56747046509523e+28
2020,AGO,Angola,Soyo,3.847331988511003e+28
2020,BEN,Benin,Bohicon,4.996630434696504e+28
2020,BEN,Benin,Abomey,3.280202217593206e+28
2020,BEN,Benin,Ouidah,4.617949316275647e+28
2020,BEN,Benin,Kandi,5.622068671290625e+28
2020,BEN,Benin,Natitingou,6.091775315666572e+28
2020,BEN,Benin,Save,3.644496257188271e+28
2020,BEN,Benin,Savalou,5.24609654207876e+28
2020,BEN,Benin,Comé,4.7264146645505435e+28
2020,BEN,Benin,Allada,5.2369273581412215e+28
2020,BEN,Benin,Dogbo,5.372281918112384e+28
2020,BEN,Benin,Lokossa,5.791676518445703e+28
2020,BEN,Benin,Tchaourou,4.9035190614448245e+28
2020,BEN,Benin,Malanville,5.7207849157494205e+28
2020,BEN,Benin,Tanguiéta,6.475125737232365e+28
2020,BEN,Benin,Bassila,3.1576512339403475e+28
2020,BEN,Benin,Pobe,6.685036922912993e+28
2020,BEN,Benin,Ketou,6.120526186122101e+28
2020,BWA,Botswana,Gaborone,7.905928912923847e+28
2020,BWA,Botswana,Francistown,3.2467836289432504e+28
2020,BWA,Botswana,Maun,4.629272625439074e+28
2020,BWA,Botswana,Serowe,4.839888021177973e+28
2020,BWA,Botswana,Kanye,6.32407885697575e+28
2020,BWA,Botswana,Molepolole,4.287757468927726e+28
2020,BWA,Botswana,Mochudi,7.854862323705738e+28
2020,BWA,Botswana,Selebi-Phikwe,3.386667186443333e+28
2020,BWA,Botswana,Palapye,5.396307573881299e+28
2020,BWA,Botswana,Lobatse,6.966887171741816e+28
2020,BWA,Botswana,Ramotswa,7.911722877308731e+28
2020,BWA,Botswana,Letlhakane,4.902508679940245e+28
2020,BWA,Botswana,Orapa,5.016741803015359e+28
2020,BWA,Botswana,Kasane,5.511961961411523e+28
2020,BWA,Botswana,Ghanzi,4.170403386898859e+28
2020,BWA,Botswana,Jwaneng,5.237150141052208e+28
2020,BWA,Botswana,Tsabong,4.320649980216989e+28
2020,BWA,Botswana,Shoshong,3.6836588458869e+28
2020,BFA,Burkina Faso,Ouagadougou,5.520749828763281e+28
2020,BFA,Burkina Faso,Bobo-Dioulasso,4.632381912666262e+28
2020,BFA,Burkina Faso,Koudougou,3.3775117488546755e+28
2020,BFA,Burkina Faso,Banfora,4.088554617897888e+28
2020,BFA,Burkina Faso,Ouahigouya,3.7838283123331374e+28
2020,BFA,Burkina Faso,Kaya,4.466282303301737e+28
2020,BFA,Burkina Faso,Tenkodogo,4.646928410728337e+28
2020,BFA,Burkina Faso,Fada N'Gourma,5.00705923019259e+28
2020,BFA,Burkina Faso,Dedougou,4.37678745319889e+28
2020,BFA,Burkina Faso,Dori,4.514781316781491e+28
2020,BFA,Burkina Faso,Gaoua,5.612148393292528e+28
2020,BFA,Burkina Faso,Kongoussi,4.544923507169649e+28
2020,BFA,Burkina Faso,Manga,5.218325135925487e+28
2020,BFA,Burkina Faso,Reo,4.817577645657554e+28
2020,BFA,Burkina Faso,Ziniare,5.1466457407111e+28
2020,BFA,Burkina Faso,Hounde,2.889123458306295e+28
2020,BFA,Burkina Faso,Po,5.655796347671927e+28
2020,BFA,Burkina Faso,Leo,5.330277860275322e+28
2020,BDI,Burundi,Bujumbura,3.4830213910151716e+28
2020,BDI,Burundi,Gitega,3.626480028444181e+28
2020,BDI,Burundi,Ngozi,3.372752802647514e+28
2020,BDI,Burundi,Rumonge,4.771174422742068e+28
2020,BDI,Burundi,Bururi,4.408133158015331e+28
2020,BDI,Burundi,Muyinga,3.6958420802479214e+28
2020,BDI,Burundi,Ruyigi,2.7752348134777852e+28
2020,BDI,Burundi,Makamba,4.5311871019718435e+28
2020,BDI,Burundi,Kayanza,3.587968285953934e+28
2020,BDI,Burundi,Muramvya,3.538598734513687e+28
2020,BDI,Burundi,Cibitoke,3.5573637663913583e+28
2020,BDI,Burundi,Karuzi,3.6888866970248053e+28
2020,BDI,Burundi,Kirundo,3.2226968008893464e+28
2020,BDI,Burundi,Mwaro,2.3404838166528594e+28
2020,BDI,Burundi,Nyanza-Lac,5.125543317829766e+28
2020,CMR,Cameroon,Douala,3.4074625659569752e+28
2020,CMR,Cameroon,Yaounde,2.270495300151226e+28
2020,CMR,Cameroon,Garoua,5.720955255514516e+28
2020,CMR,Cameroon,Bamenda,4.236252234028513e+28
2020,CMR,Cameroon,Maroua,4.944561633916698e+28
2020,CMR,Cameroon,Ngaoundere,4.350657041176068e+28
2020,CMR,Cameroon,Bafoussam,3.2685926778375304e+28
2020,CMR,Cameroon,Bertoua,4.143050187095395e+28
2020,CMR,Cameroon,Ebolowa,2.264826859293659e+28
2020,CMR,Cameroon,Kribi,2.3083944958237578e+28
2020,CMR,Cameroon,Limbe,3.647673221098443e+28
2020,CMR,Cameroon,Kumba,4.16995506903244e+28
2020,CMR,Cameroon,Nkongsamba,3.6878628236021165e+28
2020,CMR,Cameroon,Edea,3.0236675036139915e+28
2020,CMR,Cameroon,Sangmelima,2.5083172287130214e+28
2020,CMR,Cameroon,Foumban,4.258508797782304e+28
2020,CMR,Cameroon,Dschang,3.001153239724597e+28
2020,CMR,Cameroon,Kousseri,5.40460055816247e+28
2020,CAF,Central African Republic,Bangui,6.480816139960464e+28
2020,CAF,Central African Republic,Bimbo,3.7042402793550302e+28
2020,CAF,Central African Republic,Berberati,3.474474767895537e+28
2020,CAF,Central African Republic,Bambari,4.681506263977269e+28
2020,CAF,Central African Republic,Bouar,6.411055453574241e+28
2020,CAF,Central African Republic,Bossangoa,4.463025646682874e+28
2020,CAF,Central African Republic,Bria,5.8325104584353575e+28
2020,CAF,Central African Republic,Bangassou,2.8684279142793267e+28
2020,CAF,Central African Republic,Kaga-Bandoro,4.51505714024997e+28
2020,CAF,Central African Republic,Mbaiki,2.5008165823334206e+28
2020,CAF,Central African Republic,Bozoum,5.781453859325729e+28
2020,CAF,Central African Republic,Carnot,7.668219002693832e+28
2020,CAF,Central African Republic,Sibut,6.352373365567002e+28
2020,CAF,Central African Republic,Alindao,6.713111589642297e+28
2020,CAF,Central African Republic,Mobaye,5.921040507482435e+28
2020,CAF,Central African Republic,Nola,2.87726894064053e+28
2020,TCD,Chad,N'Djamena,5.40460055816247e+28
2020,TCD,Chad,Moundou,5.635502679330045e+28
2020,TCD,Chad,Sarh,5.317799383972245e+28
2020,TCD,Chad,Abeche,3.8555770623265056e+28
2020,TCD,Chad,Kelo,5.10142918308206e+28
2020,TCD,Chad,Koumra,5.231862896743806e+28
2020,TCD,Chad,Pala,5.399954781986837e+28
2020,TCD,Chad,Am Timan,4.418924296930493e+28
2020,TCD,Chad,Bongor,4.86651104932605e+28
2020,TCD,Chad,Mongo,3.588372391824134e+28
2020,TCD,Chad,Faya-Largeau,2.2643307506460386e+28
2020,TCD,Chad,Doba,5.180959213834762e+28
2020,TCD,Chad,Ati,3.935498606144739e+28
2020,TCD,Chad,Biltine,3.313821139726975e+28
2020,TCD,Chad,Mao,3.839808994773988e+28
2020,TCD,Chad,Massakory,3.472244105375417e+28
2020,COD,DR Congo,Kinshasa,8.573038254677394e+28
2020,COD,DR Congo,Lubumbashi,7.925822689240475e+28
2020,COD,DR Congo,Mbuji-Mayi,8.36875136666286e+28
2020,COD,DR Congo,Kisangani,2.7036645608415006e+28
2020,COD,DR Congo,Goma,3.36743053804486e+28
2020,COD,DR Congo,Bukavu,1.9561848064495295e+28
2020,COD,DR Congo,Kananga,8.211146312756271e+28
2020,COD,DR Congo,Kolwezi,9.219068300452804e+28
2020,COD,DR Congo,Tshikapa,1.1697832758521754e+29
2020,COD,DR Congo,Matadi,6.303508026007664e+28
2020,COD,DR Congo,Boma,6.000394570099483e+28
2020,COD,DR Congo,Uvira,3.5568635079786047e+28
2020,COD,DR Congo,Kindu,3.971491457200651e+28
2020,COD,DR Congo,Kalemie,5.915892527399292e+28
2020,COD,DR Congo,Likasi,7.900937474188533e+28
2020,COD,DR Congo,Kikwit,9.191830246201459e+28
2020,COD,DR Congo,Gemena,2.926498029629009e+28
2020,COD,DR Congo,Isiro,3.187279271298115e+28
2020,COG,Congo Republic,Brazzaville,3.963471462608741e+28
2020,COG,Congo Republic,Pointe-Noire,5.138813000839409e+28
2020,COG,Congo Republic,Dolisie,5.525208681580567e+28
2020,COG,Congo Republic,Nkayi,7.782966986807624e+28
2020,COG,Congo Republic,Owando,2.804629778173661e+28
2020,COG,Congo Republic,Ouesso,2.312618594482e+28
2020,COG,Congo Republic,Impfondo,2.4380903251535557e+28
2020,COG,Congo Republic,Sibiti,6.4427779086474786e+28
2020,COG,Congo Republic,Madingou,8.10478315719851e+28
2020,COG,Congo Republic,Kinkala,5.491338909819395e+28
2020,COG,Congo Republic,Mossendjo,4.247314586438727e+28
2020,COG,Congo Republic,Gamboma,6.07968918639724e+28
2020,COG,Congo Republic,Djambala,3.825571768928727e+28
2020,CIV,Cote d'Ivoire,Abidjan,2.976007156674138e+28
2020,CIV,Cote d'Ivoire,Yamoussoukro,3.3560498574286456e+28
2020,CIV,Cote d'Ivoire,Bouake,4.100825915712856e+28
2020,CIV,Cote d'Ivoire,Daloa,2.8556432888732257e+28
2020,CIV,Cote d'Ivoire,San-Pedro,2.1767301777880628e+28
2020,CIV,Cote d'Ivoire,Korhogo,3.4860735687141954e+28
2020,CIV,Cote d'Ivoire,Man,2.9771203089439137e+28
2020,CIV,Cote d'Ivoire,Gagnoa,3.0249813797693435e+28
2020,CIV,Cote d'Ivoire,Abengourou,1.9087196415392512e+28
2020,CIV,Cote d'Ivoire,Bondoukou,3.8836828542491564e+28
2020,CIV,Cote d'Ivoire,Divo,2.4730319736789254e+28
2020,CIV,Cote d'Ivoire,Odienne,2.8460672398920937e+28
2020,CIV,Cote d'Ivoire,Ferkessedougou,3.8411662972497804e+28
2020,CIV,Cote d'Ivoire,Soubre,2.1449123697292674e+28
2020,CIV,Cote d'Ivoire,Sassandra,3.2807172038038914e+28
2020,CIV,Cote d'Ivoire,Agboville,2.789383798336265e+28
2020,CIV,Cote d'Ivoire,Grand-Bassam,3.317981521348471e+28
2020,CIV,Cote d'Ivoire,Dabou,4.572644341227176e+28
2020,ETH,Ethiopia,Addis Ababa,3.469709796409515e+28
2020,ETH,Ethiopia,Dire Dawa,3.6765222454638796e+28
2020,ETH,Ethiopia,Mekelle,2.462639105910016e+28
2020,ETH,Ethiopia,Bahir Dar,3.9578679829803385e+28
2020,ETH,Ethiopia,Hawassa,3.0345263938437764e+28
2020,ETH,Ethiopia,Adama,3.3398449484132525e+28
2020,ETH,Ethiopia,Gondar,4.944839879649952e+28
2020,ETH,Ethiopia,Jimma,3.1098155571624633e+28
2020,ETH,Ethiopia,Dessie,3.481221808627643e+28
2020,ETH,Ethiopia,Shashamane,3.096162897836377e+28
2020,ETH,Ethiopia,Harar,3.739463704952482e+28
2020,ETH,Ethiopia,Arba Minch,3.2636913699558313e+28
2020,ETH,Ethiopia,Debre Markos,6.128044691755373e+28
2020,ETH,Ethiopia,Debre Birhan,3.525234108583819e+28
2020,ETH,Ethiopia,Nekemte,5.099478017204984e+28
2020,ETH,Ethiopia,Asella,2.578325148702852e+28
2020,ETH,Ethiopia,Wolaita Sodo,2.4062292627484824e+28
2020,ETH,Ethiopia,Jijiga,3.627392788514596e+28
2020,GAB,Gabon,Libreville,2.2203945752585595e+28
2020,GAB,Gabon,Port-Gentil,2.3222007475803396e+28
2020,GAB,Gabon,Franceville,3.6390914942089443e+28
2020,GAB,Gabon,Oyem,2.4430226896276353e+28
2020,GAB,Gabon,Moanda,2.678786475713221e+28
2020,GAB,Gabon,Lambarene,3.391429108034997e+28
2020,GAB,Gabon,Mouila,3.56768750167174e+28
2020,GAB,Gabon,Koulamoutou,2.5273591123812874e+28
2020,GAB,Gabon,Tchibanga,3.2680456357492423e+28
2020,GAB,Gabon,Makokou,2.2567198316125485e+28
2020,GAB,Gabon,Bitam,1.5656613600057753e+28
2020,GAB,Gabon,Ndende,2.808066876155022e+28
2020,GHA,Ghana,Accra,5.910802542730796e+28
2020,GHA,Ghana,Kumasi,4.64656813633937e+28
2020,GHA,Ghana,Tamale,7.899602595971304e+28
2020,GHA,Ghana,Sekondi-Takoradi,2.2544871867556066e+28
2020,GHA,Ghana,Sunyani,4.189922549783479e+28
2020,GHA,Ghana,Cape Coast,2.778577881452252e+28
2020,GHA,Ghana,Koforidua,3.5564425956373134e+28
2020,GHA,Ghana,Ho,5.027040497142794e+28
2020,GHA,Ghana,Tema,5.910802542730796e+28
2020,GHA,Ghana,Obuasi,3.4020542089875255e+28
2020,GHA,Ghana,Bolgatanga,6.4299345170231395e+28
2020,GHA,Ghana,Wa,4.474878687999234e+28
2020,GHA,Ghana,Techiman,5.5682417105089714e+28
2020,GHA,Ghana,Tarkwa,1.9334054295254705e+28
2020,GHA,Ghana,Sefwi Wiawso,1.7643810315613888e+28
2020,GHA,Ghana,Nkawkaw,4.513106058051608e+28
2020,GHA,Ghana,Dunkwa-on-Offin,2.6402993266905098e+28
2020,GHA,Ghana,Yendi,4.7672327827556e+28
2020,KEN,Kenya,Nairobi,4.282729099741036e+28
2020,KEN,Kenya,Mombasa,3.5449520401347447e+28
2020,KEN,Kenya,Kisumu,3.5499534055264772e+28
2020,KEN,Kenya,Nakuru,2.6316525631056564e+28
2020,KEN,Kenya,Eldoret,1.7240987514533253e+28
2020,KEN,Kenya,Thika,3.8142488980987725e+28
2020,KEN,Kenya,Malindi,2.3727357669057275e+28
2020,KEN,Kenya,Kitale,2.16996140442519e+28
2020,KEN,Kenya,Garissa,2.8906543047319574e+28
2020,KEN,Kenya,Nyeri,3.8760335860077063e+28
2020,KEN,Kenya,Machakos,2.2815272284182067e+28
2020,KEN,Kenya,Meru,3.03757942238703e+28
2020,KEN,Kenya,Kericho,4.211448455492267e+28
2020,KEN,Kenya,Naivasha,3.8024396593233466e+28
2020,KEN,Kenya,Embu,4.154072060348758e+28
2020,KEN,Kenya,Lodwar,2.6490767546820605e+28
2020,KEN,Kenya,Isiolo,2.8650425651288456e+28
2020,KEN,Kenya,Wajir,1.6195401520018093e+28
2020,LSO,Lesotho,Maseru,6.18604422630819e+28
2020,LSO,Lesotho,Teyateyaneng,4.030925873784797e+28
2020,LSO,Lesotho,Mafeteng,4.970221828975561e+28
2020,LBR,Liberia,Monrovia,2.9004478025098567e+28
2020,LBR,Liberia,Gbarnga,1.9085916508365328e+28
2020,LBR,Liberia,Buchanan,1.9639341634270927e+28
2020,LBR,Liberia,Harper,3.0368107113135073e+28
2020,LBR,Liberia,Voinjama,2.8843601662522097e+28
2020,LBR,Liberia,Zwedru,2.034547845014273e+28
2020,LBR,Liberia,Kakata,2.7120889526805297e+28
2020,LBR,Liberia,Greenville,1.879337718958964e+28
2020,LBR,Liberia,Tubmanburg,2.8259746163579454e+28
2020,LBR,Liberia,Ganta,2.7819079746666913e+28
2020,LBR,Liberia,Robertsport,1.7360339513586702e+28
2020,LBR,Liberia,Fish Town,1.7185711199929041e+28
2020,MDG,Madagascar,Antananarivo,3.666209299592755e+28
2020,MDG,Madagascar,Toamasina,4.354453497832778e+28
2020,MDG,Madagascar,Antsirabe,4.64637306131963e+28
2020,MDG,Madagascar,Mahajanga,4.4826805317722875e+28
2020,MDG,Madagascar,Fianarantsoa,4.665040101732447e+28
2020,MDG,Madagascar,Toliara,4.007215896278588e+28
2020,MDG,Madagascar,Antsiranana,2.6785117575447796e+28
2020,MDG,Madagascar,Morondava,5.665886515760828e+28
2020,MDG,Madagascar,Sambava,2.516852396259652e+28
2020,MDG,Madagascar,Ambatondrazaka,4.811171547171879e+28
2020,MDG,Madagascar,Farafangana,3.3219039831445424e+28
2020,MDG,Madagascar,Mananjary,3.643047904983846e+28
2020,MDG,Madagascar,Manakara,3.5022010548106267e+28
2020,MDG,Madagascar,Antalaha,2.0096859840601905e+28
2020,MDG,Madagascar,Hell-Ville,3.0472175511565905e+28
2020,MDG,Madagascar,Marovoay,5.7994368346298025e+28
2020,MDG,Madagascar,Ambanja,3.3954423149269954e+28
2020,MWI,Malawi,Lilongwe,3.154872954821301e+28
2020,MWI,Malawi,Blantyre,4.173923648499815e+28
2020,MWI,Malawi,Mzuzu,3.9619330514637e+28
2020,MWI,Malawi,Zomba,5.533462591753323e+28
2020,MWI,Malawi,Karonga,4.601592859880832e+28
2020,MWI,Malawi,Mangochi,5.975597513149524e+28
2020,MWI,Malawi,Salima,4.609042628634509e+28
2020,MLI,Mali,Bamako,3.5475668040355985e+28
2020,MLI,Mali,Sikasso,4.334216846913574e+28
2020,MLI,Mali,Mopti,2.6593127549116776e+28
2020,MLI,Mali,Koutiala,4.057148148212511e+28
2020,MLI,Mali,Kayes,6.157748366228089e+28
2020,MLI,Mali,Segou,2.944020448950898e+28
2020,MRT,Mauritania,Nouakchott,3.8784011179804557e+28
2020,MRT,Mauritania,Nouadhibou,2.669001353423399e+28
2020,MRT,Mauritania,Rosso,2.504999538642436e+28
2020,MRT,Mauritania,Zouerate,2.0655899961225493e+28
2020,MRT,Mauritania,Atar,2.412934773482838e+28
2020,MRT,Mauritania,Kaedi,2.4339355740680333e+28
2020,MOZ,Mozambique,Maputo,1.0378631535656782e+29
2020,MOZ,Mozambique,Matola,1.2125102856570312e+29
2020,MOZ,Mozambique,Beira,6.16041898422173e+28
2020,MOZ,Mozambique,Nampula,7.209661876006707e+28
2020,MOZ,Mozambique,Chimoio,7.629900644638536e+28
2020,MOZ,Mozambique,Nacala,4.527127477067566e+28
2020,MOZ,Mozambique,Quelimane,6.572393721863607e+28
2020,MOZ,Mozambique,Tete,6.125453950543513e+28
2020,MOZ,Mozambique,Pemba,3.1414078595093004e+28
2020,MOZ,Mozambique,Lichinga,3.986806742837068e+28
2020,MOZ,Mozambique,Xai-Xai,7.12975896953482e+28
2020,MOZ,Mozambique,Maxixe,4.023693071764586e+28
2020,NGA,Nigeria,Lagos,8.181779502869965e+28
2020,NGA,Nigeria,Abuja,6.8180146549369505e+28
2020,NGA,Nigeria,Kano,4.860215231470498e+28
2020,NGA,Nigeria,Ibadan,7.820515792923241e+28
2020,NGA,Nigeria,Port Harcourt,5.656149357618755e+28
2020,NGA,Nigeria,Benin City,6.637724606828265e+28
2020,NGA,Nigeria,Onitsha,7.592857928091687e+28
2020,NGA,Nigeria,Aba,5.690823276268468e+28
2020,NGA,Nigeria,Kaduna,7.594768509365615e+28
2020,NGA,Nigeria,Enugu,5.167256726795643e+28
2020,NGA,Nigeria,Ilorin,4.483232796941215e+28
2020,NGA,Nigeria,Warri,3.797850843688981e+28
2020,NGA,Nigeria,Maiduguri,5.827433458544449e+28
2020,NGA,Nigeria,Zaria,6.5262817331993165e+28
2020,NGA,Nigeria,Sokoto,5.613439186907176e+28
2020,NGA,Nigeria,Uyo,5.77359328978451e+28
2020,NGA,Nigeria,Jos,5.315038415652327e+28
2020,NGA,Nigeria,Calabar,4.872691523874813e+28
2020,ZAF,South Africa,Johannesburg,3.897267046743267e+29
2020,ZAF,South Africa,Cape Town,6.008783447054494e+28
2020,ZAF,South Africa,Durban,8.034767943922068e+28
2020,ZAF,South Africa,Pretoria,1.9492059211463793e+29
2020,ZAF,South Africa,Port Elizabeth,5.1862986151411635e+28
2020,ZAF,South Africa,Bloemfontein,7.075046413666399e+28
2020,ZAF,South Africa,East London,4.469315130820965e+28
2020,ZAF,South Africa,Soweto,2.260418526804497e+29
2020,ZAF,South Africa,Pietermaritzburg,1.0892753756918236e+29
2020,ZAF,South Africa,Polokwane,9.002283769431512e+28
2020,ZAF,South Africa,Rustenburg,9.085162028458875e+28
2020,ZMB,Zambia,Lusaka,6.127542650037948e+28
2020,ZMB,Zambia,Kitwe,7.862406311441947e+28
2020,ZMB,Zambia,Ndola,7.949317586441917e+28
2020,ZMB,Zambia,Kabwe,5.57364552229843e+28
2020,ZMB,Zambia,Chingola,7.324566782622783e+28
2020,ZMB,Zambia,Livingstone,5.827686643348303e+28
2020,ZMB,Zambia,Solwezi,8.171569797895727e+28
2020,ZMB,Zambia,Mufulira,4.83883571400789e+28
2020,ZMB,Zambia,Luanshya,8.071887961713454e+28
2020,ZWE,Zimbabwe,Harare,6.4328050423706015e+28
2020,ZWE,Zimbabwe,Bulawayo,4.273454079525856e+28
2020,ZWE,Zimbabwe,Chitungwiza,4.1929655223437465e+28
2020,ZWE,Zimbabwe,Mutare,4.781740660643463e+28
2020,ZWE,Zimbabwe,Gweru,4.822199254976426e+28
2020,ZWE,Zimbabwe,Kwekwe,4.936840865503235e+28
2020,ZWE,Zimbabwe,Masvingo,4.996632232033519e+28
2020,ZWE,Zimbabwe,Chinhoyi,6.922632597354472e+28
2020,ZWE,Zimbabwe,Kadoma,5.68919597485682e+28
2020,ZWE,Zimbabwe,Victoria Falls,5.827686643348303e+28
2020,ZWE,Zimbabwe,Redcliff,4.812623599741733e+28
2020,ZWE,Zimbabwe,Norton,7.2179708468525555e+28
2020,ZWE,Zimbabwe,Hwange,3.4762237838043326e+28
2020,ZWE,Zimbabwe,Chegutu,6.372446663014055e+28
2020,COM,Comoros,Moroni,1.1975940376066822e+28
2020,COM,Comoros,Mutsamudu,2.3589393416720755e+28
2020,COM,Comoros,Fomboni,1.2413104868836654e+28
2020,ERI,Eritrea,Asmara,4.692383664546199e+28
2020,ERI,Eritrea,Keren,4.250709947265335e+28
2020,ERI,Eritrea,Massawa,4.457569123090299e+28
2020,GNQ,Equatorial Guinea,Malabo,2.1567626870492586e+28
2020,GNQ,Equatorial Guinea,Bata,2.23189813809001e+28
2020,GNQ,Equatorial Guinea,Ebibeyin,2.1858057906250317e+28
2020,GMB,Gambia,Banjul,4.346045855287722e+28
2020,GMB,Gambia,Serekunda,4.346045855287722e+28
2020,GMB,Gambia,Brikama,4.346045855287722e+28
2020,GIN,Guinea,Conakry,4.373444865120959e+28
2020,GIN,Guinea,Kankan,5.673368258470296e+28
2020,GIN,Guinea,Kindia,4.536531536194809e+28
2020,GIN,Guinea,Nzérékoré,2.0478120737426557e+28
2020,GIN,Guinea,Labe,3.133984244007052e+28
2020,GIN,Guinea,Fria,4.152990168610782e+28
2020,GNB,Guinea-Bissau,Bissau,3.3147346503931892e+28
2020,GNB,Guinea-Bissau,Bafatá,3.808469369105596e+28
2020,GNB,Guinea-Bissau,Gabú,4.15038012218351e+28
2020,NAM,Namibia,Windhoek,2.9731355808631637e+28
2020,NAM,Namibia,Walvis Bay,2.460937119332109e+28
2020,NAM,Namibia,Swakopmund,3.6916488236541556e+28
2020,NAM,Namibia,Rundu,7.11630966313277e+28
2020,NAM,Namibia,Oshakati,4.469167730322787e+28
2020,NAM,Namibia,Otjiwarongo,3.675969869129987e+28
2020,NER,Niger,Niamey,3.183975561218222e+28
2020,NER,Niger,Zinder,2.9294493053928233e+28
2020,NER,Niger,Maradi,2.9099996636302006e+28
2020,NER,Niger,Agadez,1.5786189213685374e+28
2020,NER,Niger,Tahoua,3.2455221383676854e+28
2020,RWA,Rwanda,Kigali,3.6006669615558524e+28
2020,RWA,Rwanda,Huye,2.0921328947780825e+28
2020,RWA,Rwanda,Rubavu,2.375408715484611e+28
2020,RWA,Rwanda,Musanze,2.0675327758377116e+28
2020,RWA,Rwanda,Rusizi,2.7871298262750193e+28
2020,STP,Sao Tome and Principe,São Tomé,1.7987023298953298e+28
2020,STP,Sao Tome and Principe,Santo António,2.127291942501e+28
2020,STP,Sao Tome and Principe,Neves,1.7987023298953298e+28
2020,SEN,Senegal,Ziguinchor,3.9197603824613906e+28
2020,SEN,Senegal,Tambacounda,5.683714531662785e+28
2020,SEN,Senegal,Dakar,7.623704439993264e+28
2020,SEN,Senegal,Thiès,6.040614298065496e+28
2020,SEN,Senegal,Saint-Louis,2.473998155221067e+28
2020,SEN,Senegal,Kaolack,4.805094312217496e+28
2020,SLE,Sierra Leone,Freetown,3.6535792470280627e+28
2020,SLE,Sierra Leone,Bo,2.101685693389319e+28
2020,SLE,Sierra Leone,Kenema,3.211551836162838e+28
2020,SLE,Sierra Leone,Makeni,4.595970624063901e+28
2020,SOM,Somalia,Mogadishu,2.7390515015089014e+28
2020,SOM,Somalia,Hargeisa,4.220619909646327e+28
2020,SOM,Somalia,Bosaso,2.295478303755883e+28
2020,SOM,Somalia,Kismayo,1.7918893318272685e+28
2020,SOM,Somalia,Baidoa,3.082032418883043e+28
2020,SSD,South Sudan,Juba,7.35265803957703e+28
2020,SSD,South Sudan,Wau,3.6560223432181333e+28
2020,SSD,South Sudan,Malakal,5.843922207361748e+28
2020,SSD,South Sudan,Bor,5.552388686014706e+28
2020,SDN,Sudan,Khartoum,5.128310304463766e+28
2020,SDN,Sudan,Omdurman,7.088571342527622e+28
2020,SDN,Sudan,Port Sudan,4.929647094650527e+28
2020,SDN,Sudan,Nyala,4.458722425570403e+28
2020,SDN,Sudan,Ed Damer,5.487095742501287e+28
2020,SDN,Sudan,El Obeid,4.092105032777423e+28
2020,SDN,Sudan,Kassala,4.803937823927834e+28
2020,SDN,Sudan,Wad Madani,5.6448793641138935e+28
2020,SDN,Sudan,Kosti,5.741494434597536e+28
2020,SDN,Sudan,Rabak,3.8657799276122176e+28
2020,SDN,Sudan,El Obeid,4.092105032777423e+28
2020,SDN,Sudan,Sennar,5.034477827876238e+28
2020,TZA,Tanzania,Dar es Salaam,4.16859659451498e+28
2020,TZA,Tanzania,Dodoma,2.818304462163648e+28
2020,TZA,Tanzania,Mwanza,3.3290405036035844e+28
2020,TZA,Tanzania,Arusha,3.6006640979431935e+28
2020,TZA,Tanzania,Zanzibar City,3.3163570899154553e+28
2020,TZA,Tanzania,Mbeya,3.8094342560524173e+28
2020,TZA,Tanzania,Tabora,3.73912470446088e+28
2020,TGO,Togo,Lomé,5.139380848613869e+28
2020,TGO,Togo,Sokodé,6.230426563597821e+28
2020,TGO,Togo,Kara,6.089099616207328e+28
2020,TGO,Togo,Atakpamé,5.986517242234099e+28
2020,UGA,Uganda,Kampala,4.7592243840019385e+28
2020,UGA,Uganda,Entebbe,4.966640160427115e+28
2020,UGA,Uganda,Jinja,4.378830783022568e+28
2020,UGA,Uganda,Mbarara,4.1883168360699175e+28
2020,UGA,Uganda,Gulu,5.367669238788869e+28
2020,UGA,Uganda,Fort Portal,3.928035083879642e+28
2021,AGO,Angola,Luanda,3.8592993213587985e+28
2021,AGO,Angola,Benguela,4.7931350370757085e+28
2021,AGO,Angola,Lobito,4.834229323712546e+28
2021,AGO,Angola,Huambo,4.889685338411215e+28
2021,AGO,Angola,Lubango,2.066232367665764e+28
2021,AGO,Angola,Cabinda,4.748965821141939e+28
2021,AGO,Angola,Malanje,8.975111469498266e+28
2021,AGO,Angola,Namibe,3.6233796241132963e+28
2021,AGO,Angola,Sumbe,4.6411021558783115e+28
2021,AGO,Angola,Uige,6.2328809410370235e+28
2021,AGO,Angola,Soyo,4.851241777699788e+28
2021,BEN,Benin,Bohicon,5.320093082420801e+28
2021,BEN,Benin,Abomey,3.525780728058142e+28
2021,BEN,Benin,Ouidah,4.820183819803113e+28
2021,BEN,Benin,Kandi,6.173383956838676e+28
2021,BEN,Benin,Natitingou,6.36478547209663e+28
2021,BEN,Benin,Save,3.955736176391301e+28
2021,BEN,Benin,Savalou,5.369301068503839e+28
2021,BEN,Benin,Comé,5.127588747937632e+28
2021,BEN,Benin,Allada,5.432555484248773e+28
2021,BEN,Benin,Dogbo,5.77524188336906e+28
2021,BEN,Benin,Lokossa,6.203982060080112e+28
2021,BEN,Benin,Tchaourou,5.688652149203448e+28
2021,BEN,Benin,Malanville,6.1420830506454385e+28
2021,BEN,Benin,Tanguiéta,6.6470603047198405e+28
2021,BEN,Benin,Bassila,3.3296313720804883e+28
2021,BEN,Benin,Pobe,6.955559577541963e+28
2021,BEN,Benin,Ketou,6.489808518158523e+28
2021,BWA,Botswana,Gaborone,7.326903266595539e+28
2021,BWA,Botswana,Francistown,3.017993392456889e+28
2021,BWA,Botswana,Maun,4.965733419634926e+28
2021,BWA,Botswana,Serowe,4.920715769349537e+28
2021,BWA,Botswana,Kanye,6.016108974491785e+28
2021,BWA,Botswana,Molepolole,4.112301011431346e+28
2021,BWA,Botswana,Mochudi,7.518976849735778e+28
2021,BWA,Botswana,Selebi-Phikwe,3.0999556225656325e+28
2021,BWA,Botswana,Palapye,5.3106683942352505e+28
2021,BWA,Botswana,Lobatse,6.709540417489147e+28
2021,BWA,Botswana,Ramotswa,7.612268787973535e+28
2021,BWA,Botswana,Letlhakane,4.805982145118958e+28
2021,BWA,Botswana,Orapa,4.8569136052890476e+28
2021,BWA,Botswana,Kasane,4.645074651127281e+28
2021,BWA,Botswana,Ghanzi,4.362741108341483e+28
2021,BWA,Botswana,Jwaneng,5.016941971514991e+28
2021,BWA,Botswana,Tsabong,4.853759326787172e+28
2021,BWA,Botswana,Shoshong,3.651357461996969e+28
2021,BFA,Burkina Faso,Ouagadougou,5.670707764803382e+28
2021,BFA,Burkina Faso,Bobo-Dioulasso,5.114663196996166e+28
2021,BFA,Burkina Faso,Koudougou,3.5069715869776075e+28
2021,BFA,Burkina Faso,Banfora,4.189014582654285e+28
2021,BFA,Burkina Faso,Ouahigouya,4.373349570368235e+28
2021,BFA,Burkina Faso,Kaya,4.926992125083126e+28
2021,BFA,Burkina Faso,Tenkodogo,4.748262426609591e+28
2021,BFA,Burkina Faso,Fada N'Gourma,5.444740842063683e+28
2021,BFA,Burkina Faso,Dedougou,4.537864357295599e+28
2021,BFA,Burkina Faso,Dori,4.945444668485008e+28
2021,BFA,Burkina Faso,Gaoua,5.142758072591034e+28
2021,BFA,Burkina Faso,Kongoussi,5.163146606075011e+28
2021,BFA,Burkina Faso,Manga,5.711433906588119e+28
2021,BFA,Burkina Faso,Reo,5.089465815443158e+28
2021,BFA,Burkina Faso,Ziniare,5.427086011541727e+28
2021,BFA,Burkina Faso,Hounde,3.4472010994388874e+28
2021,BFA,Burkina Faso,Po,6.176086516606826e+28
2021,BFA,Burkina Faso,Leo,5.828091812635356e+28
2021,BDI,Burundi,Bujumbura,3.710768206509245e+28
2021,BDI,Burundi,Gitega,3.813365305894846e+28
2021,BDI,Burundi,Ngozi,3.099522206026554e+28
2021,BDI,Burundi,Rumonge,4.298293704232111e+28
2021,BDI,Burundi,Bururi,4.050266073116647e+28
2021,BDI,Burundi,Muyinga,3.4882350166394386e+28
2021,BDI,Burundi,Ruyigi,2.955843977628162e+28
2021,BDI,Burundi,Makamba,4.340671358970169e+28
2021,BDI,Burundi,Kayanza,3.1227272683052744e+28
2021,BDI,Burundi,Muramvya,3.849736398089193e+28
2021,BDI,Burundi,Cibitoke,3.228535975409081e+28
2021,BDI,Burundi,Karuzi,3.937821947802133e+28
2021,BDI,Burundi,Kirundo,2.877765171360645e+28
2021,BDI,Burundi,Mwaro,2.5914973128843715e+28
2021,BDI,Burundi,Nyanza-Lac,4.797842415301765e+28
2021,CMR,Cameroon,Douala,3.971299143372464e+28
2021,CMR,Cameroon,Yaounde,2.4314507197632307e+28
2021,CMR,Cameroon,Garoua,6.192805776258526e+28
2021,CMR,Cameroon,Bamenda,4.122587885042953e+28
2021,CMR,Cameroon,Maroua,5.205770551390434e+28
2021,CMR,Cameroon,Ngaoundere,4.4905097003617465e+28
2021,CMR,Cameroon,Bafoussam,3.0808772029752466e+28
2021,CMR,Cameroon,Bertoua,3.6861565588893483e+28
2021,CMR,Cameroon,Ebolowa,2.357049951566758e+28
2021,CMR,Cameroon,Kribi,2.675664012868253e+28
2021,CMR,Cameroon,Limbe,3.841657259897375e+28
2021,CMR,Cameroon,Kumba,4.337909744744875e+28
2021,CMR,Cameroon,Nkongsamba,3.9608212826683455e+28
2021,CMR,Cameroon,Edea,3.426647446244769e+28
2021,CMR,Cameroon,Sangmelima,2.5597018130462583e+28
2021,CMR,Cameroon,Foumban,3.827602774441633e+28
2021,CMR,Cameroon,Dschang,3.371381380395374e+28
2021,CMR,Cameroon,Kousseri,5.520426451064041e+28
2021,CAF,Central African Republic,Bangui,6.3410007341538715e+28
2021,CAF,Central African Republic,Bimbo,3.6641041908718023e+28
2021,CAF,Central African Republic,Berberati,3.502310388453375e+28
2021,CAF,Central African Republic,Bambari,5.0700467812506656e+28
2021,CAF,Central African Republic,Bouar,6.643772787125822e+28
2021,CAF,Central African Republic,Bossangoa,4.701725431833228e+28
2021,CAF,Central African Republic,Bria,5.658437398262015e+28
2021,CAF,Central African Republic,Bangassou,3.0332501804107625e+28
2021,CAF,Central African Republic,Kaga-Bandoro,4.910899182606107e+28
2021,CAF,Central African Republic,Mbaiki,2.6033358743772395e+28
2021,CAF,Central African Republic,Bozoum,5.790591447693551e+28
2021,CAF,Central African Republic,Carnot,7.549801908207247e+28
2021,CAF,Central African Republic,Sibut,6.899548627127985e+28
2021,CAF,Central African Republic,Alindao,6.437204311198138e+28
2021,CAF,Central African Republic,Mobaye,5.33160470066783e+28
2021,CAF,Central African Republic,Nola,3.0959824340070808e+28
2021,TCD,Chad,N'Djamena,5.520426451064041e+28
2021,TCD,Chad,Moundou,5.1254219525689325e+28
2021,TCD,Chad,Sarh,5.589132648562573e+28
2021,TCD,Chad,Abeche,3.83787885976806e+28
2021,TCD,Chad,Kelo,5.116114328573566e+28
2021,TCD,Chad,Koumra,5.593953818314569e+28
2021,TCD,Chad,Pala,5.660269943107291e+28
2021,TCD,Chad,Am Timan,4.343657612156674e+28
2021,TCD,Chad,Bongor,4.795604454814623e+28
2021,TCD,Chad,Mongo,3.602677842262827e+28
2021,TCD,Chad,Faya-Largeau,2.5231561942977804e+28
2021,TCD,Chad,Doba,5.44215374924451e+28
2021,TCD,Chad,Ati,4.137060100606158e+28
2021,TCD,Chad,Biltine,3.250532104513074e+28
2021,TCD,Chad,Mao,4.058284564661929e+28
2021,TCD,Chad,Massakory,3.5153641772795646e+28
2021,COD,DR Congo,Kinshasa,8.339734808197975e+28
2021,COD,DR Congo,Lubumbashi,6.858403751927997e+28
2021,COD,DR Congo,Mbuji-Mayi,8.16342707850386e+28
2021,COD,DR Congo,Kisangani,2.8589320568411253e+28
2021,COD,DR Congo,Goma,3.118487049835646e+28
2021,COD,DR Congo,Bukavu,1.9097760752858739e+28
2021,COD,DR Congo,Kananga,8.102058113726167e+28
2021,COD,DR Congo,Kolwezi,8.058894872342274e+28
2021,COD,DR Congo,Tshikapa,1.1107082931833981e+29
2021,COD,DR Congo,Matadi,6.501363170051684e+28
2021,COD,DR Congo,Boma,6.283077779640138e+28
2021,COD,DR Congo,Uvira,3.6421651942211297e+28
2021,COD,DR Congo,Kindu,4.412004041099717e+28
2021,COD,DR Congo,Kalemie,6.055959393692416e+28
2021,COD,DR Congo,Likasi,6.851693587674154e+28
2021,COD,DR Congo,Kikwit,9.324020142173847e+28
2021,COD,DR Congo,Gemena,2.6983339488971544e+28
2021,COD,DR Congo,Isiro,3.57052324420925e+28
2021,COG,Congo Republic,Brazzaville,3.7604859315876267e+28
2021,COG,Congo Republic,Pointe-Noire,5.290165072766456e+28
2021,COG,Congo Republic,Dolisie,5.790144947829902e+28
2021,COG,Congo Republic,Nkayi,6.907807375402137e+28
2021,COG,Congo Republic,Owando,3.5408331325545468e+28
2021,COG,Congo Republic,Ouesso,2.4988289507096294e+28
2021,COG,Congo Republic,Impfondo,2.9125101829855194e+28
2021,COG,Congo Republic,Sibiti,5.994798202332782e+28
2021,COG,Congo Republic,Madingou,6.7731886983334585e+28
2021,COG,Congo Republic,Kinkala,5.036398566167702e+28
2021,COG,Congo Republic,Mossendjo,4.202069109190439e+28
2021,COG,Congo Republic,Gamboma,6.471115780938085e+28
2021,COG,Congo Republic,Djambala,3.811477356689302e+28
2021,CIV,Cote d'Ivoire,Abidjan,3.1703239042171606e+28
2021,CIV,Cote d'Ivoire,Yamoussoukro,3.283314336549088e+28
2021,CIV,Cote d'Ivoire,Bouake,4.052376004644066e+28
2021,CIV,Cote d'Ivoire,Daloa,3.0019836009293482e+28
2021,CIV,Cote d'Ivoire,San-Pedro,2.2360512024833927e+28
2021,CIV,Cote d'Ivoire,Korhogo,3.818386982656632e+28
2021,CIV,Cote d'Ivoire,Man,3.1191455091164046e+28
2021,CIV,Cote d'Ivoire,Gagnoa,2.9565247770016464e+28
2021,CIV,Cote d'Ivoire,Abengourou,2.1881399200389233e+28
2021,CIV,Cote d'Ivoire,Bondoukou,3.658797565805549e+28
2021,CIV,Cote d'Ivoire,Divo,2.774181135390207e+28
2021,CIV,Cote d'Ivoire,Odienne,2.5829046592678974e+28
2021,CIV,Cote d'Ivoire,Ferkessedougou,4.18217839546816e+28
2021,CIV,Cote d'Ivoire,Soubre,2.240175587279609e+28
2021,CIV,Cote d'Ivoire,Sassandra,3.3513085364523726e+28
2021,CIV,Cote d'Ivoire,Agboville,3.062936093225428e+28
2021,CIV,Cote d'Ivoire,Grand-Bassam,3.361004163752717e+28
2021,CIV,Cote d'Ivoire,Dabou,4.581306455365728e+28
2021,ETH,Ethiopia,Addis Ababa,2.850796251435736e+28
2021,ETH,Ethiopia,Dire Dawa,3.483189471049184e+28
2021,ETH,Ethiopia,Mekelle,2.3359186598117907e+28
2021,ETH,Ethiopia,Bahir Dar,3.324583830248627e+28
2021,ETH,Ethiopia,Hawassa,3.2050586026130165e+28
2021,ETH,Ethiopia,Adama,3.356474578673731e+28
2021,ETH,Ethiopia,Gondar,4.961291759843517e+28
2021,ETH,Ethiopia,Jimma,3.0880067088142826e+28
2021,ETH,Ethiopia,Dessie,3.019226601274123e+28
2021,ETH,Ethiopia,Shashamane,2.8827149504822747e+28
2021,ETH,Ethiopia,Harar,3.368977408244738e+28
2021,ETH,Ethiopia,Arba Minch,3.275317974665477e+28
2021,ETH,Ethiopia,Debre Markos,5.338800626897857e+28
2021,ETH,Ethiopia,Debre Birhan,3.615222103458033e+28
2021,ETH,Ethiopia,Nekemte,4.596265900847687e+28
2021,ETH,Ethiopia,Asella,2.061538726570542e+28
2021,ETH,Ethiopia,Wolaita Sodo,2.4774027269796294e+28
2021,ETH,Ethiopia,Jijiga,3.0372102025262826e+28
2021,GAB,Gabon,Libreville,2.8713677398119512e+28
2021,GAB,Gabon,Port-Gentil,3.237394322952833e+28
2021,GAB,Gabon,Franceville,3.234967809622295e+28
2021,GAB,Gabon,Oyem,2.4814050945688216e+28
2021,GAB,Gabon,Moanda,2.5726931253830784e+28
2021,GAB,Gabon,Lambarene,2.9802855630120263e+28
2021,GAB,Gabon,Mouila,3.4996957685946037e+28
2021,GAB,Gabon,Koulamoutou,2.4618701443330527e+28
2021,GAB,Gabon,Tchibanga,2.5299073538751848e+28
2021,GAB,Gabon,Makokou,2.146711422062088e+28
2021,GAB,Gabon,Bitam,1.8577913865022888e+28
2021,GAB,Gabon,Ndende,2.595335463547708e+28
2021,GHA,Ghana,Accra,5.68640929972005e+28
2021,GHA,Ghana,Kumasi,4.491955792720004e+28
2021,GHA,Ghana,Tamale,7.801483344299383e+28
2021,GHA,Ghana,Sekondi-Takoradi,2.2118249322373005e+28
2021,GHA,Ghana,Sunyani,3.3947277613101944e+28
2021,GHA,Ghana,Cape Coast,2.3667437187534234e+28
2021,GHA,Ghana,Koforidua,3.3736867927585098e+28
2021,GHA,Ghana,Ho,4.955847259361488e+28
2021,GHA,Ghana,Tema,5.68640929972005e+28
2021,GHA,Ghana,Obuasi,3.2591706669036443e+28
2021,GHA,Ghana,Bolgatanga,6.733220523156434e+28
2021,GHA,Ghana,Wa,4.311990907373595e+28
2021,GHA,Ghana,Techiman,4.812271334914797e+28
2021,GHA,Ghana,Tarkwa,2.027938283967891e+28
2021,GHA,Ghana,Sefwi Wiawso,1.7388183317972495e+28
2021,GHA,Ghana,Nkawkaw,4.225363575427002e+28
2021,GHA,Ghana,Dunkwa-on-Offin,2.790181808259121e+28
2021,GHA,Ghana,Yendi,4.499542990530945e+28
2021,KEN,Kenya,Nairobi,4.424755640941324e+28
2021,KEN,Kenya,Mombasa,4.018785752878573e+28
2021,KEN,Kenya,Kisumu,2.5793904543852913e+28
2021,KEN,Kenya,Nakuru,2.016363865349681e+28
2021,KEN,Kenya,Eldoret,1.6097806342000727e+28
2021,KEN,Kenya,Thika,4.297445714498432e+28
2021,KEN,Kenya,Malindi,2.8158470030102246e+28
2021,KEN,Kenya,Kitale,1.6720989867171682e+28
2021,KEN,Kenya,Garissa,3.403103875743967e+28
2021,KEN,Kenya,Nyeri,3.6921110726250697e+28
2021,KEN,Kenya,Machakos,2.107940764401388e+28
2021,KEN,Kenya,Meru,2.0898567362862015e+28
2021,KEN,Kenya,Kericho,3.1903056473085732e+28
2021,KEN,Kenya,Naivasha,3.138956898732586e+28
2021,KEN,Kenya,Embu,4.4295110736989825e+28
2021,KEN,Kenya,Lodwar,3.3622003635771925e+28
2021,KEN,Kenya,Isiolo,2.20858496580686e+28
2021,KEN,Kenya,Wajir,2.097860380571241e+28
2021,LSO,Lesotho,Maseru,5.8446110832625536e+28
2021,LSO,Lesotho,Teyateyaneng,3.467806204821591e+28
2021,LSO,Lesotho,Mafeteng,5.071509534622563e+28
2021,LBR,Liberia,Monrovia,2.947128440650543e+28
2021,LBR,Liberia,Gbarnga,1.9610107952703502e+28
2021,LBR,Liberia,Buchanan,2.20691177935059e+28
2021,LBR,Liberia,Harper,3.5770712451170693e+28
2021,LBR,Liberia,Voinjama,2.358959961189934e+28
2021,LBR,Liberia,Zwedru,2.184445428145361e+28
2021,LBR,Liberia,Kakata,2.893250303820598e+28
2021,LBR,Liberia,Greenville,1.9442004432500752e+28
2021,LBR,Liberia,Tubmanburg,3.0231535097338078e+28
2021,LBR,Liberia,Ganta,2.3465137873184785e+28
2021,LBR,Liberia,Robertsport,1.8354089571938528e+28
2021,LBR,Liberia,Fish Town,2.011773202862288e+28
2021,MDG,Madagascar,Antananarivo,3.457294970123738e+28
2021,MDG,Madagascar,Toamasina,3.846684084708801e+28
2021,MDG,Madagascar,Antsirabe,3.951132038277817e+28
2021,MDG,Madagascar,Mahajanga,4.297276827667638e+28
2021,MDG,Madagascar,Fianarantsoa,4.4750154853355e+28
2021,MDG,Madagascar,Toliara,4.1634606164985405e+28
2021,MDG,Madagascar,Antsiranana,2.457913888084476e+28
2021,MDG,Madagascar,Morondava,5.466561215018723e+28
2021,MDG,Madagascar,Sambava,2.4938561378109146e+28
2021,MDG,Madagascar,Ambatondrazaka,3.461102149742345e+28
2021,MDG,Madagascar,Farafangana,3.8475067907163327e+28
2021,MDG,Madagascar,Mananjary,3.657922153401955e+28
2021,MDG,Madagascar,Manakara,3.873041616149923e+28
2021,MDG,Madagascar,Antalaha,1.9465527538442023e+28
2021,MDG,Madagascar,Hell-Ville,2.952453803990316e+28
2021,MDG,Madagascar,Marovoay,5.3881597937696325e+28
2021,MDG,Madagascar,Ambanja,3.1035164285691275e+28
2021,MWI,Malawi,Lilongwe,2.3738328736526327e+28
2021,MWI,Malawi,Blantyre,3.562806982089697e+28
2021,MWI,Malawi,Mzuzu,3.7483679327568904e+28
2021,MWI,Malawi,Zomba,4.304849013802624e+28
2021,MWI,Malawi,Karonga,4.380548662973991e+28
2021,MWI,Malawi,Mangochi,5.046565759985343e+28
2021,MWI,Malawi,Salima,3.4492150096916836e+28
2021,MLI,Mali,Bamako,4.427604584917612e+28
2021,MLI,Mali,Sikasso,4.419529953756005e+28
2021,MLI,Mali,Mopti,2.7092700850222535e+28
2021,MLI,Mali,Koutiala,4.900929221096843e+28
2021,MLI,Mali,Kayes,5.965357066694177e+28
2021,MLI,Mali,Segou,3.4322873683695846e+28
2021,MRT,Mauritania,Nouakchott,4.359310227397005e+28
2021,MRT,Mauritania,Nouadhibou,2.676109030648305e+28
2021,MRT,Mauritania,Rosso,2.703087973064334e+28
2021,MRT,Mauritania,Zouerate,2.07625993573313e+28
2021,MRT,Mauritania,Atar,2.1642683518481763e+28
2021,MRT,Mauritania,Kaedi,2.8036255626813125e+28
2021,MOZ,Mozambique,Maputo,1.2464557605345497e+29
2021,MOZ,Mozambique,Matola,1.4448684831615456e+29
2021,MOZ,Mozambique,Beira,5.8375017841578875e+28
2021,MOZ,Mozambique,Nampula,5.014896013130254e+28
2021,MOZ,Mozambique,Chimoio,7.4712198031372975e+28
2021,MOZ,Mozambique,Nacala,3.632986364720613e+28
2021,MOZ,Mozambique,Quelimane,5.7930787685019445e+28
2021,MOZ,Mozambique,Tete,5.848394558588417e+28
2021,MOZ,Mozambique,Pemba,2.699503896324708e+28
2021,MOZ,Mozambique,Lichinga,3.2355331352381694e+28
2021,MOZ,Mozambique,Xai-Xai,7.640625613194385e+28
2021,MOZ,Mozambique,Maxixe,4.016303669017823e+28
2021,NGA,Nigeria,Lagos,8.400021230975213e+28
2021,NGA,Nigeria,Abuja,7.795325742904187e+28
2021,NGA,Nigeria,Kano,5.414894608865203e+28
2021,NGA,Nigeria,Ibadan,7.61300841446433e+28
2021,NGA,Nigeria,Port Harcourt,5.119213717908961e+28
2021,NGA,Nigeria,Benin City,6.531740580442264e+28
2021,NGA,Nigeria,Onitsha,7.617260404952795e+28
2021,NGA,Nigeria,Aba,5.379964325974368e+28
2021,NGA,Nigeria,Kaduna,7.668779669989167e+28
2021,NGA,Nigeria,Enugu,5.465785940992962e+28
2021,NGA,Nigeria,Ilorin,5.093793928658163e+28
2021,NGA,Nigeria,Warri,3.6314923520849156e+28
2021,NGA,Nigeria,Maiduguri,6.3298789475431565e+28
2021,NGA,Nigeria,Zaria,7.2805544779509565e+28
2021,NGA,Nigeria,Sokoto,6.065368006265399e+28
2021,NGA,Nigeria,Uyo,6.072726140395655e+28
2021,NGA,Nigeria,Jos,5.282987373890608e+28
2021,NGA,Nigeria,Calabar,5.426885080937238e+28
2021,ZAF,South Africa,Johannesburg,3.745888103328641e+29
2021,ZAF,South Africa,Cape Town,6.414372073969199e+28
2021,ZAF,South Africa,Durban,7.615001958603408e+28
2021,ZAF,South Africa,Pretoria,1.894820045581432e+29
2021,ZAF,South Africa,Port Elizabeth,5.895538346861436e+28
2021,ZAF,South Africa,Bloemfontein,6.391556945614381e+28
2021,ZAF,South Africa,East London,4.929436380599182e+28
2021,ZAF,South Africa,Soweto,2.2663850084503592e+29
2021,ZAF,South Africa,Pietermaritzburg,1.0030245105774766e+29
2021,ZAF,South Africa,Polokwane,8.135483494904782e+28
2021,ZAF,South Africa,Rustenburg,9.242752433313555e+28
2021,ZMB,Zambia,Lusaka,5.469747069418574e+28
2021,ZMB,Zambia,Kitwe,6.4450113035386245e+28
2021,ZMB,Zambia,Ndola,6.4200622527109675e+28
2021,ZMB,Zambia,Kabwe,4.8326041336190925e+28
2021,ZMB,Zambia,Chingola,6.459218606861891e+28
2021,ZMB,Zambia,Livingstone,5.123146157308069e+28
2021,ZMB,Zambia,Solwezi,6.831526775027597e+28
2021,ZMB,Zambia,Mufulira,4.076326367045921e+28
2021,ZMB,Zambia,Luanshya,6.281601646073934e+28
2021,ZWE,Zimbabwe,Harare,6.496735181539985e+28
2021,ZWE,Zimbabwe,Bulawayo,3.995991225330901e+28
2021,ZWE,Zimbabwe,Chitungwiza,4.292260267515172e+28
2021,ZWE,Zimbabwe,Mutare,4.681509477113741e+28
2021,ZWE,Zimbabwe,Gweru,4.527235665303152e+28
2021,ZWE,Zimbabwe,Kwekwe,4.897245841969581e+28
2021,ZWE,Zimbabwe,Masvingo,4.777466408538971e+28
2021,ZWE,Zimbabwe,Chinhoyi,6.552050998245501e+28
2021,ZWE,Zimbabwe,Kadoma,5.631942647363724e+28
2021,ZWE,Zimbabwe,Victoria Falls,5.123146157308069e+28
2021,ZWE,Zimbabwe,Redcliff,4.570427851762037e+28
2021,ZWE,Zimbabwe,Norton,7.666439481611409e+28
2021,ZWE,Zimbabwe,Hwange,3.2044279490234263e+28
2021,ZWE,Zimbabwe,Chegutu,6.6270844212129875e+28
2021,COM,Comoros,Moroni,1.477420069965409e+28
2021,COM,Comoros,Mutsamudu,2.2644046141888364e+28
2021,COM,Comoros,Fomboni,1.1100455561522906e+28
2021,ERI,Eritrea,Asmara,3.8565980750373397e+28
2021,ERI,Eritrea,Keren,4.309410848657858e+28
2021,ERI,Eritrea,Massawa,4.273868432076471e+28
2021,GNQ,Equatorial Guinea,Malabo,2.281878787963723e+28
2021,GNQ,Equatorial Guinea,Bata,2.373956859466328e+28
2021,GNQ,Equatorial Guinea,Ebibeyin,2.654775423024666e+28
2021,GMB,Gambia,Banjul,5.115485454868776e+28
2021,GMB,Gambia,Serekunda,5.115485454868776e+28
2021,GMB,Gambia,Brikama,5.115485454868776e+28
2021,GIN,Guinea,Conakry,3.525342991557859e+28
2021,GIN,Guinea,Kankan,5.2918315189601216e+28
2021,GIN,Guinea,Kindia,4.6190747193691785e+28
2021,GIN,Guinea,Nzérékoré,1.599589148985925e+28
2021,GIN,Guinea,Labe,3.069471260459017e+28
2021,GIN,Guinea,Fria,4.534625679838805e+28
2021,GNB,Guinea-Bissau,Bissau,3.415398936159817e+28
2021,GNB,Guinea-Bissau,Bafatá,4.067915304622365e+28
2021,GNB,Guinea-Bissau,Gabú,4.643414385950587e+28
2021,NAM,Namibia,Windhoek,3.483188016646406e+28
2021,NAM,Namibia,Walvis Bay,2.607758811868767e+28
2021,NAM,Namibia,Swakopmund,3.988004215162562e+28
2021,NAM,Namibia,Rundu,5.653835533907619e+28
2021,NAM,Namibia,Oshakati,4.031850765522107e+28
2021,NAM,Namibia,Otjiwarongo,4.367852927942898e+28
2021,NER,Niger,Niamey,3.7058967645480513e+28
2021,NER,Niger,Zinder,3.011652622793392e+28
2021,NER,Niger,Maradi,2.9197111614241214e+28
2021,NER,Niger,Agadez,1.58287875044205e+28
2021,NER,Niger,Tahoua,3.834768080424973e+28
2021,RWA,Rwanda,Kigali,3.6245790741067542e+28
2021,RWA,Rwanda,Huye,1.6497968477095831e+28
2021,RWA,Rwanda,Rubavu,2.146611012385965e+28
2021,RWA,Rwanda,Musanze,2.1314827140582577e+28
2021,RWA,Rwanda,Rusizi,2.7375747034655825e+28
2021,STP,Sao Tome and Principe,São Tomé,1.6228573533335721e+28
2021,STP,Sao Tome and Principe,Santo António,2.542387314902122e+28
2021,STP,Sao Tome and Principe,Neves,1.6228573533335721e+28
2021,SEN,Senegal,Ziguinchor,4.312726442812128e+28
2021,SEN,Senegal,Tambacounda,5.596984525288204e+28
2021,SEN,Senegal,Dakar,7.242278286392466e+28
2021,SEN,Senegal,Thiès,6.029760546385038e+28
2021,SEN,Senegal,Saint-Louis,2.671489341093602e+28
2021,SEN,Senegal,Kaolack,5.469838504875358e+28
2021,SLE,Sierra Leone,Freetown,3.5234393068767593e+28
2021,SLE,Sierra Leone,Bo,1.9533343993980784e+28
2021,SLE,Sierra Leone,Kenema,3.194656981092547e+28
2021,SLE,Sierra Leone,Makeni,4.400323918255738e+28
2021,SOM,Somalia,Mogadishu,2.5961286098880817e+28
2021,SOM,Somalia,Hargeisa,3.5294055952065475e+28
2021,SOM,Somalia,Bosaso,2.2822959902245467e+28
2021,SOM,Somalia,Kismayo,1.78782436068364e+28
2021,SOM,Somalia,Baidoa,2.7972713955086007e+28
2021,SSD,South Sudan,Juba,9.825522791693051e+28
2021,SSD,South Sudan,Wau,3.366198274954629e+28
2021,SSD,South Sudan,Malakal,5.872803647595814e+28
2021,SSD,South Sudan,Bor,8.83185942345453e+28
2021,SDN,Sudan,Khartoum,5.371799437924706e+28
2021,SDN,Sudan,Omdurman,7.567445045162774e+28
2021,SDN,Sudan,Port Sudan,5.6314703686674185e+28
2021,SDN,Sudan,Nyala,4.068182554771826e+28
2021,SDN,Sudan,Ed Damer,5.683999178532807e+28
2021,SDN,Sudan,El Obeid,4.062738485682661e+28
2021,SDN,Sudan,Kassala,5.296420005736921e+28
2021,SDN,Sudan,Wad Madani,6.262401764099236e+28
2021,SDN,Sudan,Kosti,6.017886418208149e+28
2021,SDN,Sudan,Rabak,4.114767689417642e+28
2021,SDN,Sudan,El Obeid,4.062738485682661e+28
2021,SDN,Sudan,Sennar,5.379179932530956e+28
2021,TZA,Tanzania,Dar es Salaam,4.4497495364031555e+28
2021,TZA,Tanzania,Dodoma,2.631257406614784e+28
2021,TZA,Tanzania,Mwanza,4.263276645185891e+28
2021,TZA,Tanzania,Arusha,3.28187334945239e+28
2021,TZA,Tanzania,Zanzibar City,3.5039411182846772e+28
2021,TZA,Tanzania,Mbeya,3.6491587038412647e+28
2021,TZA,Tanzania,Tabora,4.007595285288005e+28
2021,TGO,Togo,Lomé,4.815953486851258e+28
2021,TGO,Togo,Sokodé,6.162530549727289e+28
2021,TGO,Togo,Kara,6.2793190630678995e+28
2021,TGO,Togo,Atakpamé,5.9017684950082115e+28
2021,UGA,Uganda,Kampala,5.412922129366733e+28
2021,UGA,Uganda,Entebbe,5.456849644994321e+28
2021,UGA,Uganda,Jinja,4.586301206081652e+28
2021,UGA,Uganda,Mbarara,4.282356950192485e+28
2021,UGA,Uganda,Gulu,5.861473717175341e+28
2021,UGA,Uganda,Fort Portal,4.30280882298516e+28
2022,AGO,Angola,Luanda,4.1017315370736955e+28
2022,AGO,Angola,Benguela,5.7607754445572225e+28
2022,AGO,Angola,Lobito,5.848549067141057e+28
2022,AGO,Angola,Huambo,5.705899487859898e+28
2022,AGO,Angola,Lubango,1.9779671579144555e+28
2022,AGO,Angola,Cabinda,5.058744276715268e+28
2022,AGO,Angola,Malanje,1.065593290861764e+29
2022,AGO,Angola,Namibe,3.6499239990838217e+28
2022,AGO,Angola,Sumbe,5.22017100888709e+28
2022,AGO,Angola,Uige,6.299992650966187e+28
2022,AGO,Angola,Soyo,4.75996941928751e+28
2022,BEN,Benin,Bohicon,5.359817001756607e+28
2022,BEN,Benin,Abomey,3.4353754704300665e+28
2022,BEN,Benin,Ouidah,4.851915690914749e+28
2022,BEN,Benin,Kandi,5.96637814774094e+28
2022,BEN,Benin,Natitingou,6.620208828609381e+28
2022,BEN,Benin,Save,3.772299058018299e+28
2022,BEN,Benin,Savalou,5.666433600425751e+28
2022,BEN,Benin,Comé,4.877626182444017e+28
2022,BEN,Benin,Allada,5.444182495181014e+28
2022,BEN,Benin,Dogbo,5.2813272814269235e+28
2022,BEN,Benin,Lokossa,5.470790068765451e+28
2022,BEN,Benin,Tchaourou,5.771563451231818e+28
2022,BEN,Benin,Malanville,5.94730395344678e+28
2022,BEN,Benin,Tanguiéta,7.097556882751213e+28
2022,BEN,Benin,Bassila,3.727652932426039e+28
2022,BEN,Benin,Pobe,6.538375721242439e+28
2022,BEN,Benin,Ketou,6.421567242889383e+28
2022,BWA,Botswana,Gaborone,6.440725579180268e+28
2022,BWA,Botswana,Francistown,2.1897102323741705e+28
2022,BWA,Botswana,Maun,4.4285864806034485e+28
2022,BWA,Botswana,Serowe,4.379888880461538e+28
2022,BWA,Botswana,Kanye,5.209894757987918e+28
2022,BWA,Botswana,Molepolole,3.3895068012534605e+28
2022,BWA,Botswana,Mochudi,6.451386539834316e+28
2022,BWA,Botswana,Selebi-Phikwe,2.791189227701051e+28
2022,BWA,Botswana,Palapye,4.66489843929484e+28
2022,BWA,Botswana,Lobatse,5.977117045924052e+28
2022,BWA,Botswana,Ramotswa,6.671094635984355e+28
2022,BWA,Botswana,Letlhakane,4.293873566610023e+28
2022,BWA,Botswana,Orapa,4.236599951758248e+28
2022,BWA,Botswana,Kasane,5.14801967871168e+28
2022,BWA,Botswana,Ghanzi,3.700337305109669e+28
2022,BWA,Botswana,Jwaneng,4.470335790656148e+28
2022,BWA,Botswana,Tsabong,3.8203396396960593e+28
2022,BWA,Botswana,Shoshong,3.467172890985493e+28
2022,BFA,Burkina Faso,Ouagadougou,5.51792340474128e+28
2022,BFA,Burkina Faso,Bobo-Dioulasso,4.212193986606476e+28
2022,BFA,Burkina Faso,Koudougou,3.217769045240538e+28
2022,BFA,Burkina Faso,Banfora,3.8977980336087375e+28
2022,BFA,Burkina Faso,Ouahigouya,4.060578228687239e+28
2022,BFA,Burkina Faso,Kaya,4.511126640127871e+28
2022,BFA,Burkina Faso,Tenkodogo,4.842849785069299e+28
2022,BFA,Burkina Faso,Fada N'Gourma,5.1145059471116795e+28
2022,BFA,Burkina Faso,Dedougou,5.01320473114527e+28
2022,BFA,Burkina Faso,Dori,4.637578508212207e+28
2022,BFA,Burkina Faso,Gaoua,5.513613044205364e+28
2022,BFA,Burkina Faso,Kongoussi,4.403807123468747e+28
2022,BFA,Burkina Faso,Manga,4.844657805117861e+28
2022,BFA,Burkina Faso,Reo,4.697984261685304e+28
2022,BFA,Burkina Faso,Ziniare,5.236933606812049e+28
2022,BFA,Burkina Faso,Hounde,2.9129743159037544e+28
2022,BFA,Burkina Faso,Po,5.701320779328675e+28
2022,BFA,Burkina Faso,Leo,5.746882821589563e+28
2022,BDI,Burundi,Bujumbura,3.145568311309902e+28
2022,BDI,Burundi,Gitega,3.069334840197932e+28
2022,BDI,Burundi,Ngozi,2.8407701476653975e+28
2022,BDI,Burundi,Rumonge,3.698116858450522e+28
2022,BDI,Burundi,Bururi,3.8751653643282503e+28
2022,BDI,Burundi,Muyinga,2.910691814710771e+28
2022,BDI,Burundi,Ruyigi,2.1120088569392603e+28
2022,BDI,Burundi,Makamba,4.914340417874449e+28
2022,BDI,Burundi,Kayanza,2.74970445507164e+28
2022,BDI,Burundi,Muramvya,3.1398688475357306e+28
2022,BDI,Burundi,Cibitoke,2.8266855886647666e+28
2022,BDI,Burundi,Karuzi,3.04086814242291e+28
2022,BDI,Burundi,Kirundo,2.7689217359406783e+28
2022,BDI,Burundi,Mwaro,2.006244377061479e+28
2022,BDI,Burundi,Nyanza-Lac,5.202685322520478e+28
2022,CMR,Cameroon,Douala,3.622559179839657e+28
2022,CMR,Cameroon,Yaounde,1.848798472884095e+28
2022,CMR,Cameroon,Garoua,5.748201800049713e+28
2022,CMR,Cameroon,Bamenda,3.560340861502968e+28
2022,CMR,Cameroon,Maroua,4.677523950280839e+28
2022,CMR,Cameroon,Ngaoundere,3.369310673181578e+28
2022,CMR,Cameroon,Bafoussam,3.1607676312356413e+28
2022,CMR,Cameroon,Bertoua,3.976938787095298e+28
2022,CMR,Cameroon,Ebolowa,2.046991877552536e+28
2022,CMR,Cameroon,Kribi,2.354408555720681e+28
2022,CMR,Cameroon,Limbe,3.2611630326192115e+28
2022,CMR,Cameroon,Kumba,3.7103147439312306e+28
2022,CMR,Cameroon,Nkongsamba,4.168113997813588e+28
2022,CMR,Cameroon,Edea,3.0319419761114232e+28
2022,CMR,Cameroon,Sangmelima,2.1645367074340578e+28
2022,CMR,Cameroon,Foumban,4.2066624592889205e+28
2022,CMR,Cameroon,Dschang,3.494891859848828e+28
2022,CMR,Cameroon,Kousseri,5.719227841150538e+28
2022,CAF,Central African Republic,Bangui,6.337183809319563e+28
2022,CAF,Central African Republic,Bimbo,3.9053443582871864e+28
2022,CAF,Central African Republic,Berberati,3.6644933803679355e+28
2022,CAF,Central African Republic,Bambari,4.965941104534694e+28
2022,CAF,Central African Republic,Bouar,6.543133461963225e+28
2022,CAF,Central African Republic,Bossangoa,4.97046445980115e+28
2022,CAF,Central African Republic,Bria,5.455751041202545e+28
2022,CAF,Central African Republic,Bangassou,2.8067755545100843e+28
2022,CAF,Central African Republic,Kaga-Bandoro,5.5301690977550315e+28
2022,CAF,Central African Republic,Mbaiki,2.7533370413071282e+28
2022,CAF,Central African Republic,Bozoum,5.7299439931370425e+28
2022,CAF,Central African Republic,Carnot,8.689977005057359e+28
2022,CAF,Central African Republic,Sibut,6.5795054402397615e+28
2022,CAF,Central African Republic,Alindao,7.248543001308544e+28
2022,CAF,Central African Republic,Mobaye,6.19087796620784e+28
2022,CAF,Central African Republic,Nola,3.0301245984187978e+28
2022,TCD,Chad,N'Djamena,5.719227841150538e+28
2022,TCD,Chad,Moundou,5.088206888352861e+28
2022,TCD,Chad,Sarh,5.291222650972676e+28
2022,TCD,Chad,Abeche,4.13572439351186e+28
2022,TCD,Chad,Kelo,4.871571322721868e+28
2022,TCD,Chad,Koumra,5.453113765094558e+28
2022,TCD,Chad,Pala,5.016177353695159e+28
2022,TCD,Chad,Am Timan,4.233724796648166e+28
2022,TCD,Chad,Bongor,4.931679284269553e+28
2022,TCD,Chad,Mongo,3.8516706457535064e+28
2022,TCD,Chad,Faya-Largeau,2.0899530669636474e+28
2022,TCD,Chad,Doba,5.267229163950522e+28
2022,TCD,Chad,Ati,4.2342662011256645e+28
2022,TCD,Chad,Biltine,3.5587677438369004e+28
2022,TCD,Chad,Mao,4.023315177367369e+28
2022,TCD,Chad,Massakory,3.47666864606042e+28
2022,COD,DR Congo,Kinshasa,8.964105069664317e+28
2022,COD,DR Congo,Lubumbashi,8.718266723703489e+28
2022,COD,DR Congo,Mbuji-Mayi,8.782564938732814e+28
2022,COD,DR Congo,Kisangani,2.982331416235174e+28
2022,COD,DR Congo,Goma,3.0335522967889535e+28
2022,COD,DR Congo,Bukavu,1.5624080519004813e+28
2022,COD,DR Congo,Kananga,8.311745996897416e+28
2022,COD,DR Congo,Kolwezi,1.0447852253130694e+29
2022,COD,DR Congo,Tshikapa,1.1313616860185852e+29
2022,COD,DR Congo,Matadi,6.91810694989964e+28
2022,COD,DR Congo,Boma,6.558901361454354e+28
2022,COD,DR Congo,Uvira,3.060726898070377e+28
2022,COD,DR Congo,Kindu,4.722250182483842e+28
2022,COD,DR Congo,Kalemie,6.221006410771368e+28
2022,COD,DR Congo,Likasi,8.284843600815907e+28
2022,COD,DR Congo,Kikwit,9.414966779025551e+28
2022,COD,DR Congo,Gemena,3.0450006597311614e+28
2022,COD,DR Congo,Isiro,3.6030203445068756e+28
2022,COG,Congo Republic,Brazzaville,4.054182587950158e+28
2022,COG,Congo Republic,Pointe-Noire,5.675771299381702e+28
2022,COG,Congo Republic,Dolisie,5.20951189624463e+28
2022,COG,Congo Republic,Nkayi,7.620284325902022e+28
2022,COG,Congo Republic,Owando,3.585165213233299e+28
2022,COG,Congo Republic,Ouesso,2.198489010342854e+28
2022,COG,Congo Republic,Impfondo,2.856227826445487e+28
2022,COG,Congo Republic,Sibiti,6.7073013716961895e+28
2022,COG,Congo Republic,Madingou,7.677263025301426e+28
2022,COG,Congo Republic,Kinkala,5.274847996143777e+28
2022,COG,Congo Republic,Mossendjo,4.2820883098982606e+28
2022,COG,Congo Republic,Gamboma,6.907262642875271e+28
2022,COG,Congo Republic,Djambala,3.4601139034352486e+28
2022,CIV,Cote d'Ivoire,Abidjan,2.9982455377120392e+28
2022,CIV,Cote d'Ivoire,Yamoussoukro,3.462005632894179e+28
2022,CIV,Cote d'Ivoire,Bouake,3.8236642562984163e+28
2022,CIV,Cote d'Ivoire,Daloa,2.6962918216767703e+28
2022,CIV,Cote d'Ivoire,San-Pedro,1.9448616901546221e+28
2022,CIV,Cote d'Ivoire,Korhogo,3.3856446184784574e+28
2022,CIV,Cote d'Ivoire,Man,2.831661627468386e+28
2022,CIV,Cote d'Ivoire,Gagnoa,2.192250789453596e+28
2022,CIV,Cote d'Ivoire,Abengourou,2.1456605970084757e+28
2022,CIV,Cote d'Ivoire,Bondoukou,3.8805519396120816e+28
2022,CIV,Cote d'Ivoire,Divo,2.5010842982518577e+28
2022,CIV,Cote d'Ivoire,Odienne,2.091196557069301e+28
2022,CIV,Cote d'Ivoire,Ferkessedougou,3.9455209515030582e+28
2022,CIV,Cote d'Ivoire,Soubre,2.426406054173694e+28
2022,CIV,Cote d'Ivoire,Sassandra,2.967021001588758e+28
2022,CIV,Cote d'Ivoire,Agboville,3.157840352015388e+28
2022,CIV,Cote d'Ivoire,Grand-Bassam,3.345863901010117e+28
2022,CIV,Cote d'Ivoire,Dabou,4.221381021274547e+28
2022,ETH,Ethiopia,Addis Ababa,3.0937057093315932e+28
2022,ETH,Ethiopia,Dire Dawa,3.053030852494861e+28
2022,ETH,Ethiopia,Mekelle,1.967730718201462e+28
2022,ETH,Ethiopia,Bahir Dar,3.191387152290405e+28
2022,ETH,Ethiopia,Hawassa,3.0443541276455854e+28
2022,ETH,Ethiopia,Adama,3.395107082438789e+28
2022,ETH,Ethiopia,Gondar,3.3049451317099795e+28
2022,ETH,Ethiopia,Jimma,2.5895470794199294e+28
2022,ETH,Ethiopia,Dessie,2.5928234881211394e+28
2022,ETH,Ethiopia,Shashamane,2.2171950109951774e+28
2022,ETH,Ethiopia,Harar,2.7962293495730718e+28
2022,ETH,Ethiopia,Arba Minch,2.7493105867523996e+28
2022,ETH,Ethiopia,Debre Markos,5.137640047353668e+28
2022,ETH,Ethiopia,Debre Birhan,3.3921794465814176e+28
2022,ETH,Ethiopia,Nekemte,4.572234595645098e+28
2022,ETH,Ethiopia,Asella,1.8052199421253898e+28
2022,ETH,Ethiopia,Wolaita Sodo,2.2079942564714313e+28
2022,ETH,Ethiopia,Jijiga,2.8700988061106916e+28
2022,GAB,Gabon,Libreville,2.6870863659554703e+28
2022,GAB,Gabon,Port-Gentil,2.799486623586929e+28
2022,GAB,Gabon,Franceville,3.3361848474253685e+28
2022,GAB,Gabon,Oyem,2.674083743098301e+28
2022,GAB,Gabon,Moanda,2.820157013310627e+28
2022,GAB,Gabon,Lambarene,2.6245025109439276e+28
2022,GAB,Gabon,Mouila,3.976852902075225e+28
2022,GAB,Gabon,Koulamoutou,2.7513388804167717e+28
2022,GAB,Gabon,Tchibanga,3.0088914689186012e+28
2022,GAB,Gabon,Makokou,2.0693911797622613e+28
2022,GAB,Gabon,Bitam,1.787161654895642e+28
2022,GAB,Gabon,Ndende,2.78901078672922e+28
2022,GHA,Ghana,Accra,5.180167348896172e+28
2022,GHA,Ghana,Kumasi,4.409637431645747e+28
2022,GHA,Ghana,Tamale,7.020307593910972e+28
2022,GHA,Ghana,Sekondi-Takoradi,2.1158721258631723e+28
2022,GHA,Ghana,Sunyani,4.267408231242002e+28
2022,GHA,Ghana,Cape Coast,2.4463479013448676e+28
2022,GHA,Ghana,Koforidua,2.752452093438884e+28
2022,GHA,Ghana,Ho,5.12039397011011e+28
2022,GHA,Ghana,Tema,5.180167348896172e+28
2022,GHA,Ghana,Obuasi,3.3366290291562317e+28
2022,GHA,Ghana,Bolgatanga,6.033996371397916e+28
2022,GHA,Ghana,Wa,3.8897975232467296e+28
2022,GHA,Ghana,Techiman,5.004560292124934e+28
2022,GHA,Ghana,Tarkwa,1.8942224953691623e+28
2022,GHA,Ghana,Sefwi Wiawso,1.926063587333713e+28
2022,GHA,Ghana,Nkawkaw,4.681541769573736e+28
2022,GHA,Ghana,Dunkwa-on-Offin,2.9142384373450805e+28
2022,GHA,Ghana,Yendi,4.252430078606609e+28
2022,KEN,Kenya,Nairobi,4.114964664669337e+28
2022,KEN,Kenya,Mombasa,4.343199226030476e+28
2022,KEN,Kenya,Kisumu,2.684452140589936e+28
2022,KEN,Kenya,Nakuru,1.2584886499666042e+28
2022,KEN,Kenya,Eldoret,1.3815796721168697e+28
2022,KEN,Kenya,Thika,3.8797225207407317e+28
2022,KEN,Kenya,Malindi,2.6815994346180584e+28
2022,KEN,Kenya,Kitale,1.3614093157633429e+28
2022,KEN,Kenya,Garissa,3.597008556338609e+28
2022,KEN,Kenya,Nyeri,3.129866643460391e+28
2022,KEN,Kenya,Machakos,2.3288583903069245e+28
2022,KEN,Kenya,Meru,1.1408871402421294e+28
2022,KEN,Kenya,Kericho,3.3511778858409503e+28
2022,KEN,Kenya,Naivasha,3.104629189704252e+28
2022,KEN,Kenya,Embu,3.4574443177780582e+28
2022,KEN,Kenya,Lodwar,3.641723921176181e+28
2022,KEN,Kenya,Isiolo,1.6197505190445523e+28
2022,KEN,Kenya,Wajir,2.2290385593731924e+28
2022,LSO,Lesotho,Maseru,6.203288745165364e+28
2022,LSO,Lesotho,Teyateyaneng,3.5598971693716155e+28
2022,LSO,Lesotho,Mafeteng,5.638729298967738e+28
2022,LBR,Liberia,Monrovia,3.008965971094023e+28
2022,LBR,Liberia,Gbarnga,1.9226939402982714e+28
2022,LBR,Liberia,Buchanan,2.1033580783108364e+28
2022,LBR,Liberia,Harper,3.022806328596861e+28
2022,LBR,Liberia,Voinjama,2.4707698263060286e+28
2022,LBR,Liberia,Zwedru,2.1036597605237544e+28
2022,LBR,Liberia,Kakata,2.715306951506727e+28
2022,LBR,Liberia,Greenville,1.7689992450102059e+28
2022,LBR,Liberia,Tubmanburg,2.7484173800761337e+28
2022,LBR,Liberia,Ganta,2.4523979066988033e+28
2022,LBR,Liberia,Robertsport,2.012603519829545e+28
2022,LBR,Liberia,Fish Town,1.9654296672422468e+28
2022,MDG,Madagascar,Antananarivo,2.9674450666873384e+28
2022,MDG,Madagascar,Toamasina,3.853886758927907e+28
2022,MDG,Madagascar,Antsirabe,2.8969039218462925e+28
2022,MDG,Madagascar,Mahajanga,4.34359883207676e+28
2022,MDG,Madagascar,Fianarantsoa,3.978261385170723e+28
2022,MDG,Madagascar,Toliara,3.6348080549677778e+28
2022,MDG,Madagascar,Antsiranana,2.4434783621996564e+28
2022,MDG,Madagascar,Morondava,4.866347498956245e+28
2022,MDG,Madagascar,Sambava,2.1624575769078565e+28
2022,MDG,Madagascar,Ambatondrazaka,2.755740856454372e+28
2022,MDG,Madagascar,Farafangana,2.908370231073627e+28
2022,MDG,Madagascar,Mananjary,3.514391132883421e+28
2022,MDG,Madagascar,Manakara,3.4529063350444563e+28
2022,MDG,Madagascar,Antalaha,1.7658985779205545e+28
2022,MDG,Madagascar,Hell-Ville,2.764700769226852e+28
2022,MDG,Madagascar,Marovoay,5.31624781772577e+28
2022,MDG,Madagascar,Ambanja,2.932525502920516e+28
2022,MWI,Malawi,Lilongwe,2.4271389052911905e+28
2022,MWI,Malawi,Blantyre,3.6110355803437454e+28
2022,MWI,Malawi,Mzuzu,4.420434786182057e+28
2022,MWI,Malawi,Zomba,4.263847812879093e+28
2022,MWI,Malawi,Karonga,5.005171533096395e+28
2022,MWI,Malawi,Mangochi,5.237434804119537e+28
2022,MWI,Malawi,Salima,3.679283948417398e+28
2022,MLI,Mali,Bamako,4.099634741751907e+28
2022,MLI,Mali,Sikasso,4.297026886849233e+28
2022,MLI,Mali,Mopti,2.5326465985376444e+28
2022,MLI,Mali,Koutiala,4.200190473165698e+28
2022,MLI,Mali,Kayes,5.938309234831811e+28
2022,MLI,Mali,Segou,2.9344607508094902e+28
2022,MRT,Mauritania,Nouakchott,4.33430496592346e+28
2022,MRT,Mauritania,Nouadhibou,2.685738483884409e+28
2022,MRT,Mauritania,Rosso,2.4767941350284884e+28
2022,MRT,Mauritania,Zouerate,2.039555634672144e+28
2022,MRT,Mauritania,Atar,2.346764825541108e+28
2022,MRT,Mauritania,Kaedi,2.591300434998461e+28
2022,MOZ,Mozambique,Maputo,1.0003710842163834e+29
2022,MOZ,Mozambique,Matola,1.1179157437540821e+29
2022,MOZ,Mozambique,Beira,5.167569889196796e+28
2022,MOZ,Mozambique,Nampula,6.149254165513151e+28
2022,MOZ,Mozambique,Chimoio,6.169733195412775e+28
2022,MOZ,Mozambique,Nacala,4.1758468550438e+28
2022,MOZ,Mozambique,Quelimane,5.119207343047047e+28
2022,MOZ,Mozambique,Tete,6.38991183828903e+28
2022,MOZ,Mozambique,Pemba,3.282720662849142e+28
2022,MOZ,Mozambique,Lichinga,3.5858434054396e+28
2022,MOZ,Mozambique,Xai-Xai,5.985874000480061e+28
2022,MOZ,Mozambique,Maxixe,3.6337185408228514e+28
2022,NGA,Nigeria,Lagos,8.512030483381452e+28
2022,NGA,Nigeria,Abuja,7.55947494678466e+28
2022,NGA,Nigeria,Kano,5.429475591587865e+28
2022,NGA,Nigeria,Ibadan,8.192061087115383e+28
2022,NGA,Nigeria,Port Harcourt,5.441196256699998e+28
2022,NGA,Nigeria,Benin City,6.523937245629673e+28
2022,NGA,Nigeria,Onitsha,8.556176814013693e+28
2022,NGA,Nigeria,Aba,5.295012994935955e+28
2022,NGA,Nigeria,Kaduna,7.702913445942068e+28
2022,NGA,Nigeria,Enugu,5.502891359607443e+28
2022,NGA,Nigeria,Ilorin,4.786211445296908e+28
2022,NGA,Nigeria,Warri,3.746040887163862e+28
2022,NGA,Nigeria,Maiduguri,6.203450745661379e+28
2022,NGA,Nigeria,Zaria,7.0434526562565045e+28
2022,NGA,Nigeria,Sokoto,5.993803717005127e+28
2022,NGA,Nigeria,Uyo,5.398313683064339e+28
2022,NGA,Nigeria,Jos,4.9317377272250445e+28
2022,NGA,Nigeria,Calabar,4.642245974565128e+28
2022,ZAF,South Africa,Johannesburg,3.454840975024103e+29
2022,ZAF,South Africa,Cape Town,6.480191984344782e+28
2022,ZAF,South Africa,Durban,8.039271954646017e+28
2022,ZAF,South Africa,Pretoria,1.631934947535568e+29
2022,ZAF,South Africa,Port Elizabeth,5.988333967593347e+28
2022,ZAF,South Africa,Bloemfontein,6.835702148781603e+28
2022,ZAF,South Africa,East London,5.166218670107721e+28
2022,ZAF,South Africa,Soweto,2.150843970223081e+29
2022,ZAF,South Africa,Pietermaritzburg,1.069752728720266e+29
2022,ZAF,South Africa,Polokwane,7.097634158593038e+28
2022,ZAF,South Africa,Rustenburg,8.402952226650988e+28
2022,ZMB,Zambia,Lusaka,6.30983603510814e+28
2022,ZMB,Zambia,Kitwe,7.8005268247636655e+28
2022,ZMB,Zambia,Ndola,7.670266943771646e+28
2022,ZMB,Zambia,Kabwe,5.993680418347118e+28
2022,ZMB,Zambia,Chingola,7.73410357977351e+28
2022,ZMB,Zambia,Livingstone,5.534314090900163e+28
2022,ZMB,Zambia,Solwezi,8.592495313672409e+28
2022,ZMB,Zambia,Mufulira,4.879743871170563e+28
2022,ZMB,Zambia,Luanshya,7.247543640890882e+28
2022,ZWE,Zimbabwe,Harare,6.234131265610922e+28
2022,ZWE,Zimbabwe,Bulawayo,3.906320240117931e+28
2022,ZWE,Zimbabwe,Chitungwiza,4.341005015066352e+28
2022,ZWE,Zimbabwe,Mutare,4.180357710903909e+28
2022,ZWE,Zimbabwe,Gweru,4.258855381111092e+28
2022,ZWE,Zimbabwe,Kwekwe,4.768703332162605e+28
2022,ZWE,Zimbabwe,Masvingo,4.254046021833536e+28
2022,ZWE,Zimbabwe,Chinhoyi,6.368361418435565e+28
2022,ZWE,Zimbabwe,Kadoma,5.268191986388162e+28
2022,ZWE,Zimbabwe,Victoria Falls,5.534314090900163e+28
2022,ZWE,Zimbabwe,Redcliff,4.501266098842602e+28
2022,ZWE,Zimbabwe,Norton,7.603988265763695e+28
2022,ZWE,Zimbabwe,Hwange,2.9638806546193458e+28
2022,ZWE,Zimbabwe,Chegutu,6.279046334230776e+28
2022,COM,Comoros,Moroni,1.4022067331068723e+28
2022,COM,Comoros,Mutsamudu,2.481342915571611e+28
2022,COM,Comoros,Fomboni,1.2911249609973317e+28
2022,ERI,Eritrea,Asmara,3.8435613309994602e+28
2022,ERI,Eritrea,Keren,3.7354284073589894e+28
2022,ERI,Eritrea,Massawa,3.8873630558284466e+28
2022,GNQ,Equatorial Guinea,Malabo,1.9378275744322402e+28
2022,GNQ,Equatorial Guinea,Bata,2.069821707947473e+28
2022,GNQ,Equatorial Guinea,Ebibeyin,2.405033946182495e+28
2022,GMB,Gambia,Banjul,4.545023162778468e+28
2022,GMB,Gambia,Serekunda,4.545023162778468e+28
2022,GMB,Gambia,Brikama,4.545023162778468e+28
2022,GIN,Guinea,Conakry,4.284538158099574e+28
2022,GIN,Guinea,Kankan,5.478587331115006e+28
2022,GIN,Guinea,Kindia,4.605513692472722e+28
2022,GIN,Guinea,Nzérékoré,1.8314369530683577e+28
2022,GIN,Guinea,Labe,2.832550860961151e+28
2022,GIN,Guinea,Fria,4.2152957697750365e+28
2022,GNB,Guinea-Bissau,Bissau,3.8009265891396595e+28
2022,GNB,Guinea-Bissau,Bafatá,4.244526182022867e+28
2022,GNB,Guinea-Bissau,Gabú,4.740417904162625e+28
2022,NAM,Namibia,Windhoek,2.3331150329141816e+28
2022,NAM,Namibia,Walvis Bay,2.548086281464367e+28
2022,NAM,Namibia,Swakopmund,3.74797325977859e+28
2022,NAM,Namibia,Rundu,6.495395003205162e+28
2022,NAM,Namibia,Oshakati,4.514410059594018e+28
2022,NAM,Namibia,Otjiwarongo,2.6798148059382735e+28
2022,NER,Niger,Niamey,3.848140437492913e+28
2022,NER,Niger,Zinder,2.9558060174001797e+28
2022,NER,Niger,Maradi,3.2781257293610225e+28
2022,NER,Niger,Agadez,1.8373021873281976e+28
2022,NER,Niger,Tahoua,3.789686268677953e+28
2022,RWA,Rwanda,Kigali,4.072552784705811e+28
2022,RWA,Rwanda,Huye,1.7951542403399865e+28
2022,RWA,Rwanda,Rubavu,2.268959462424442e+28
2022,RWA,Rwanda,Musanze,2.077012639066422e+28
2022,RWA,Rwanda,Rusizi,2.3668062181599893e+28
2022,STP,Sao Tome and Principe,São Tomé,1.7246706892748967e+28
2022,STP,Sao Tome and Principe,Santo António,2.1874515388246245e+28
2022,STP,Sao Tome and Principe,Neves,1.7246706892748967e+28
2022,SEN,Senegal,Ziguinchor,3.7758855630943295e+28
2022,SEN,Senegal,Tambacounda,6.3041947040169395e+28
2022,SEN,Senegal,Dakar,6.993897189732257e+28
2022,SEN,Senegal,Thiès,5.738284015667212e+28
2022,SEN,Senegal,Saint-Louis,2.4115131222667042e+28
2022,SEN,Senegal,Kaolack,4.7447804367803995e+28
2022,SLE,Sierra Leone,Freetown,3.487910195553806e+28
2022,SLE,Sierra Leone,Bo,2.241065094743965e+28
2022,SLE,Sierra Leone,Kenema,3.392751628171358e+28
2022,SLE,Sierra Leone,Makeni,5.029045001764267e+28
2022,SOM,Somalia,Mogadishu,2.6092240391271134e+28
2022,SOM,Somalia,Hargeisa,3.3414939109678725e+28
2022,SOM,Somalia,Bosaso,2.3352253279432343e+28
2022,SOM,Somalia,Kismayo,1.8244981510200278e+28
2022,SOM,Somalia,Baidoa,2.0733602603649515e+28
2022,SSD,South Sudan,Juba,7.499027035467454e+28
2022,SSD,South Sudan,Wau,3.2285183630838643e+28
2022,SSD,South Sudan,Malakal,5.513930410465503e+28
2022,SSD,South Sudan,Bor,6.7198544263021086e+28
2022,SDN,Sudan,Khartoum,5.052065269756783e+28
2022,SDN,Sudan,Omdurman,6.802109114299828e+28
2022,SDN,Sudan,Port Sudan,4.4765930869643e+28
2022,SDN,Sudan,Nyala,4.270155712946935e+28
2022,SDN,Sudan,Ed Damer,4.75017559384062e+28
2022,SDN,Sudan,El Obeid,4.44863547046267e+28
2022,SDN,Sudan,Kassala,4.886021615008027e+28
2022,SDN,Sudan,Wad Madani,5.479372713424946e+28
2022,SDN,Sudan,Kosti,5.66073017007427e+28
2022,SDN,Sudan,Rabak,3.866942991900704e+28
2022,SDN,Sudan,El Obeid,4.44863547046267e+28
2022,SDN,Sudan,Sennar,5.041930235030869e+28
2022,TZA,Tanzania,Dar es Salaam,4.582275103951519e+28
2022,TZA,Tanzania,Dodoma,3.116734897047167e+28
2022,TZA,Tanzania,Mwanza,3.455181532193046e+28
2022,TZA,Tanzania,Arusha,3.0111872279152786e+28
2022,TZA,Tanzania,Zanzibar City,3.013934401482177e+28
2022,TZA,Tanzania,Mbeya,3.6443205995887913e+28
2022,TZA,Tanzania,Tabora,4.523600787816195e+28
2022,TGO,Togo,Lomé,4.656282904255797e+28
2022,TGO,Togo,Sokodé,5.914314529337139e+28
2022,TGO,Togo,Kara,6.10607640102533e+28
2022,TGO,Togo,Atakpamé,5.641969871759228e+28
2022,UGA,Uganda,Kampala,5.48468336542091e+28
2022,UGA,Uganda,Entebbe,6.45197719100612e+28
2022,UGA,Uganda,Jinja,4.104168403364617e+28
2022,UGA,Uganda,Mbarara,4.231926036679995e+28
2022,UGA,Uganda,Gulu,5.5304653364085445e+28
2022,UGA,Uganda,Fort Portal,3.5134510559655226e+28
2023,AGO,Angola,Luanda,3.64197740749907e+28
2023,AGO,Angola,Benguela,4.058272808018908e+28
2023,AGO,Angola,Lobito,4.181563561083135e+28
2023,AGO,Angola,Huambo,4.022226252086509e+28
2023,AGO,Angola,Lubango,1.7829203187743654e+28
2023,AGO,Angola,Cabinda,3.294334964921266e+28
2023,AGO,Angola,Malanje,8.679089642399441e+28
2023,AGO,Angola,Namibe,2.7914665262975313e+28
2023,AGO,Angola,Sumbe,4.047275186372258e+28
2023,AGO,Angola,Uige,5.466682985568769e+28
2023,AGO,Angola,Soyo,3.7918091240491875e+28
2023,BEN,Benin,Bohicon,4.47118619886212e+28
2023,BEN,Benin,Abomey,3.027214470510359e+28
2023,BEN,Benin,Ouidah,4.433014218475457e+28
2023,BEN,Benin,Kandi,6.224031304799799e+28
2023,BEN,Benin,Natitingou,6.45612937174314e+28
2023,BEN,Benin,Save,3.2613044946092567e+28
2023,BEN,Benin,Savalou,4.7242014266531395e+28
2023,BEN,Benin,Comé,4.4894252795207255e+28
2023,BEN,Benin,Allada,4.974240458081256e+28
2023,BEN,Benin,Dogbo,4.871399907680653e+28
2023,BEN,Benin,Lokossa,4.89328954799635e+28
2023,BEN,Benin,Tchaourou,5.470062638860877e+28
2023,BEN,Benin,Malanville,5.688644908090599e+28
2023,BEN,Benin,Tanguiéta,6.797660461240934e+28
2023,BEN,Benin,Bassila,2.932731964486201e+28
2023,BEN,Benin,Pobe,5.252136476189649e+28
2023,BEN,Benin,Ketou,4.8313318825955125e+28
2023,BWA,Botswana,Gaborone,7.076340328698094e+28
2023,BWA,Botswana,Francistown,3.053912450117444e+28
2023,BWA,Botswana,Maun,4.993120557931899e+28
2023,BWA,Botswana,Serowe,4.653805694605325e+28
2023,BWA,Botswana,Kanye,5.9469648582922105e+28
2023,BWA,Botswana,Molepolole,3.9303953105913545e+28
2023,BWA,Botswana,Mochudi,7.066787517018828e+28
2023,BWA,Botswana,Selebi-Phikwe,2.9350641193073063e+28
2023,BWA,Botswana,Palapye,5.152926044903285e+28
2023,BWA,Botswana,Lobatse,6.515157323680884e+28
2023,BWA,Botswana,Ramotswa,7.242287525211993e+28
2023,BWA,Botswana,Letlhakane,4.676461917930135e+28
2023,BWA,Botswana,Orapa,4.62278827584514e+28
2023,BWA,Botswana,Kasane,3.793344491110305e+28
2023,BWA,Botswana,Ghanzi,4.378668338812667e+28
2023,BWA,Botswana,Jwaneng,5.285601067866818e+28
2023,BWA,Botswana,Tsabong,4.397014355921428e+28
2023,BWA,Botswana,Shoshong,3.572188202970027e+28
2023,BFA,Burkina Faso,Ouagadougou,5.975994832890882e+28
2023,BFA,Burkina Faso,Bobo-Dioulasso,4.981824767742697e+28
2023,BFA,Burkina Faso,Koudougou,3.72627176078624e+28
2023,BFA,Burkina Faso,Banfora,4.209525465342545e+28
2023,BFA,Burkina Faso,Ouahigouya,4.998125113547295e+28
2023,BFA,Burkina Faso,Kaya,5.201737464536045e+28
2023,BFA,Burkina Faso,Tenkodogo,5.637693303523277e+28
2023,BFA,Burkina Faso,Fada N'Gourma,5.467926181192734e+28
2023,BFA,Burkina Faso,Dedougou,4.955629958440344e+28
2023,BFA,Burkina Faso,Dori,5.294665881758597e+28
2023,BFA,Burkina Faso,Gaoua,4.495654353979891e+28
2023,BFA,Burkina Faso,Kongoussi,5.128216893217518e+28
2023,BFA,Burkina Faso,Manga,5.298873418878639e+28
2023,BFA,Burkina Faso,Reo,5.263706035369194e+28
2023,BFA,Burkina Faso,Ziniare,5.958546673328844e+28
2023,BFA,Burkina Faso,Hounde,3.310641532703484e+28
2023,BFA,Burkina Faso,Po,5.581067312493239e+28
2023,BFA,Burkina Faso,Leo,5.717992232649953e+28
2023,BDI,Burundi,Bujumbura,1.5988638289341468e+28
2023,BDI,Burundi,Gitega,1.92872883466276e+28
2023,BDI,Burundi,Ngozi,1.4863343928337823e+28
2023,BDI,Burundi,Rumonge,3.284775413341341e+28
2023,BDI,Burundi,Bururi,2.7970052025995974e+28
2023,BDI,Burundi,Muyinga,2.1096960815470795e+28
2023,BDI,Burundi,Ruyigi,1.8109168926705456e+28
2023,BDI,Burundi,Makamba,3.114498837571762e+28
2023,BDI,Burundi,Kayanza,1.1963701876924788e+28
2023,BDI,Burundi,Muramvya,1.4445257300209078e+28
2023,BDI,Burundi,Cibitoke,2.475624489426803e+28
2023,BDI,Burundi,Karuzi,2.1275545563143654e+28
2023,BDI,Burundi,Kirundo,1.8500150050330767e+28
2023,BDI,Burundi,Mwaro,8.81690525280529e+27
2023,BDI,Burundi,Nyanza-Lac,4.450467893830226e+28
2023,CMR,Cameroon,Douala,3.414474702642652e+28
2023,CMR,Cameroon,Yaounde,2.1360838478852847e+28
2023,CMR,Cameroon,Garoua,5.441317968391903e+28
2023,CMR,Cameroon,Bamenda,2.803915007117414e+28
2023,CMR,Cameroon,Maroua,4.695794513298032e+28
2023,CMR,Cameroon,Ngaoundere,2.9471746993656737e+28
2023,CMR,Cameroon,Bafoussam,2.2631660992979215e+28
2023,CMR,Cameroon,Bertoua,3.794728086104207e+28
2023,CMR,Cameroon,Ebolowa,1.4322644198477253e+28
2023,CMR,Cameroon,Kribi,1.9257504553744048e+28
2023,CMR,Cameroon,Limbe,3.4126341025385158e+28
2023,CMR,Cameroon,Kumba,2.4859508347447693e+28
2023,CMR,Cameroon,Nkongsamba,3.116885480145358e+28
2023,CMR,Cameroon,Edea,3.160055788898473e+28
2023,CMR,Cameroon,Sangmelima,1.9139662259917654e+28
2023,CMR,Cameroon,Foumban,3.663353661466623e+28
2023,CMR,Cameroon,Dschang,2.365081173416329e+28
2023,CMR,Cameroon,Kousseri,6.268875673842632e+28
2023,CAF,Central African Republic,Bangui,5.356265970190502e+28
2023,CAF,Central African Republic,Bimbo,3.250432284575736e+28
2023,CAF,Central African Republic,Berberati,2.723419202796442e+28
2023,CAF,Central African Republic,Bambari,4.043348126359074e+28
2023,CAF,Central African Republic,Bouar,4.498349998116395e+28
2023,CAF,Central African Republic,Bossangoa,3.6638957282659347e+28
2023,CAF,Central African Republic,Bria,5.282997852084315e+28
2023,CAF,Central African Republic,Bangassou,2.588859048172145e+28
2023,CAF,Central African Republic,Kaga-Bandoro,4.44251309214136e+28
2023,CAF,Central African Republic,Mbaiki,2.3521810005275306e+28
2023,CAF,Central African Republic,Bozoum,4.869765115277575e+28
2023,CAF,Central African Republic,Carnot,5.932082575827878e+28
2023,CAF,Central African Republic,Sibut,4.954099994518197e+28
2023,CAF,Central African Republic,Alindao,5.489984152764142e+28
2023,CAF,Central African Republic,Mobaye,4.676974142196479e+28
2023,CAF,Central African Republic,Nola,2.875796212515838e+28
2023,TCD,Chad,N'Djamena,6.268875673842632e+28
2023,TCD,Chad,Moundou,5.563374062152757e+28
2023,TCD,Chad,Sarh,4.845459636893888e+28
2023,TCD,Chad,Abeche,3.971938249278517e+28
2023,TCD,Chad,Kelo,4.9530787484728666e+28
2023,TCD,Chad,Koumra,4.914964447638095e+28
2023,TCD,Chad,Pala,4.815709606352008e+28
2023,TCD,Chad,Am Timan,4.977625443125732e+28
2023,TCD,Chad,Bongor,5.19039869252768e+28
2023,TCD,Chad,Mongo,3.458199892266665e+28
2023,TCD,Chad,Faya-Largeau,2.3465958481042706e+28
2023,TCD,Chad,Doba,5.0471587499108515e+28
2023,TCD,Chad,Ati,4.5118454338021385e+28
2023,TCD,Chad,Biltine,3.6875560420169597e+28
2023,TCD,Chad,Mao,3.987608259396721e+28
2023,TCD,Chad,Massakory,3.5092854052791433e+28
2023,COD,DR Congo,Kinshasa,7.529022124579868e+28
2023,COD,DR Congo,Lubumbashi,6.060611878097657e+28
2023,COD,DR Congo,Mbuji-Mayi,8.368272024276624e+28
2023,COD,DR Congo,Kisangani,2.7617260283053836e+28
2023,COD,DR Congo,Goma,1.9090653714871624e+28
2023,COD,DR Congo,Bukavu,1.1566327488323058e+28
2023,COD,DR Congo,Kananga,6.856931187723006e+28
2023,COD,DR Congo,Kolwezi,8.430441490981269e+28
2023,COD,DR Congo,Tshikapa,9.581745022454207e+28
2023,COD,DR Congo,Matadi,4.819123389516339e+28
2023,COD,DR Congo,Boma,4.564848058820571e+28
2023,COD,DR Congo,Uvira,2.0903217373171265e+28
2023,COD,DR Congo,Kindu,4.772509513481135e+28
2023,COD,DR Congo,Kalemie,4.9027737776082894e+28
2023,COD,DR Congo,Likasi,6.624085933680794e+28
2023,COD,DR Congo,Kikwit,7.663276786273714e+28
2023,COD,DR Congo,Gemena,2.536837726496308e+28
2023,COD,DR Congo,Isiro,3.5085144475408977e+28
2023,COG,Congo Republic,Brazzaville,3.4521173069028652e+28
2023,COG,Congo Republic,Pointe-Noire,4.445111837270759e+28
2023,COG,Congo Republic,Dolisie,3.366468013260432e+28
2023,COG,Congo Republic,Nkayi,5.424296523251024e+28
2023,COG,Congo Republic,Owando,3.380759686777567e+28
2023,COG,Congo Republic,Ouesso,2.126516125530474e+28
2023,COG,Congo Republic,Impfondo,2.78495579869713e+28
2023,COG,Congo Republic,Sibiti,4.8608302000555395e+28
2023,COG,Congo Republic,Madingou,6.0267992076228665e+28
2023,COG,Congo Republic,Kinkala,4.067930492843485e+28
2023,COG,Congo Republic,Mossendjo,2.617340821093085e+28
2023,COG,Congo Republic,Gamboma,5.445397516137563e+28
2023,COG,Congo Republic,Djambala,3.193414173207623e+28
2023,CIV,Cote d'Ivoire,Abidjan,2.689086879803209e+28
2023,CIV,Cote d'Ivoire,Yamoussoukro,3.4316147939933003e+28
2023,CIV,Cote d'Ivoire,Bouake,2.958065866112736e+28
2023,CIV,Cote d'Ivoire,Daloa,2.4681816205421475e+28
2023,CIV,Cote d'Ivoire,San-Pedro,2.169582508125011e+28
2023,CIV,Cote d'Ivoire,Korhogo,3.551137313263766e+28
2023,CIV,Cote d'Ivoire,Man,1.934630535481997e+28
2023,CIV,Cote d'Ivoire,Gagnoa,2.281610305222528e+28
2023,CIV,Cote d'Ivoire,Abengourou,1.837985944241879e+28
2023,CIV,Cote d'Ivoire,Bondoukou,3.0445271409966456e+28
2023,CIV,Cote d'Ivoire,Divo,2.048740815422989e+28
2023,CIV,Cote d'Ivoire,Odienne,2.904142912656173e+28
2023,CIV,Cote d'Ivoire,Ferkessedougou,3.705881566232434e+28
2023,CIV,Cote d'Ivoire,Soubre,1.8879306648380834e+28
2023,CIV,Cote d'Ivoire,Sassandra,2.538261399898486e+28
2023,CIV,Cote d'Ivoire,Agboville,2.2298625612540015e+28
2023,CIV,Cote d'Ivoire,Grand-Bassam,3.1489021946953533e+28
2023,CIV,Cote d'Ivoire,Dabou,3.971096323431027e+28
2023,ETH,Ethiopia,Addis Ababa,3.418280473054297e+28
2023,ETH,Ethiopia,Dire Dawa,3.070254016984438e+28
2023,ETH,Ethiopia,Mekelle,2.433383014757074e+28
2023,ETH,Ethiopia,Bahir Dar,3.2821753537490805e+28
2023,ETH,Ethiopia,Hawassa,2.350575339099975e+28
2023,ETH,Ethiopia,Adama,3.2962861462953717e+28
2023,ETH,Ethiopia,Gondar,3.995668137723053e+28
2023,ETH,Ethiopia,Jimma,1.8342656077149427e+28
2023,ETH,Ethiopia,Dessie,2.4626363392124723e+28
2023,ETH,Ethiopia,Shashamane,2.0905064675603995e+28
2023,ETH,Ethiopia,Harar,2.884510157423058e+28
2023,ETH,Ethiopia,Arba Minch,2.409075789490025e+28
2023,ETH,Ethiopia,Debre Markos,4.780717458271999e+28
2023,ETH,Ethiopia,Debre Birhan,2.71865087573501e+28
2023,ETH,Ethiopia,Nekemte,3.978118052810172e+28
2023,ETH,Ethiopia,Asella,1.9077560771586524e+28
2023,ETH,Ethiopia,Wolaita Sodo,2.427434367280472e+28
2023,ETH,Ethiopia,Jijiga,2.346132000418234e+28
2023,GAB,Gabon,Libreville,3.076535185086054e+28
2023,GAB,Gabon,Port-Gentil,2.5842403936909223e+28
2023,GAB,Gabon,Franceville,3.068973602660206e+28
2023,GAB,Gabon,Oyem,1.4854185403660533e+28
2023,GAB,Gabon,Moanda,2.407475519391784e+28
2023,GAB,Gabon,Lambarene,2.0988522549067665e+28
2023,GAB,Gabon,Mouila,1.2313921617997458e+28
2023,GAB,Gabon,Koulamoutou,1.953835030576464e+28
2023,GAB,Gabon,Tchibanga,1.5010270922810588e+28
2023,GAB,Gabon,Makokou,1.9063795318176204e+28
2023,GAB,Gabon,Bitam,1.0432746254594171e+28
2023,GAB,Gabon,Ndende,1.6818178970912283e+28
2023,GHA,Ghana,Accra,4.755998897697907e+28
2023,GHA,Ghana,Kumasi,3.7149650652742424e+28
2023,GHA,Ghana,Tamale,6.065873008614225e+28
2023,GHA,Ghana,Sekondi-Takoradi,1.7590249659761793e+28
2023,GHA,Ghana,Sunyani,2.944157283420231e+28
2023,GHA,Ghana,Cape Coast,1.9894589153578194e+28
2023,GHA,Ghana,Koforidua,2.4294715653148585e+28
2023,GHA,Ghana,Ho,4.790666343253179e+28
2023,GHA,Ghana,Tema,4.755998897697907e+28
2023,GHA,Ghana,Obuasi,2.9780854489148045e+28
2023,GHA,Ghana,Bolgatanga,6.06060266716742e+28
2023,GHA,Ghana,Wa,4.120218977880685e+28
2023,GHA,Ghana,Techiman,4.03538082352258e+28
2023,GHA,Ghana,Tarkwa,1.4554205032713722e+28
2023,GHA,Ghana,Sefwi Wiawso,1.3442693147600145e+28
2023,GHA,Ghana,Nkawkaw,3.8445340783936216e+28
2023,GHA,Ghana,Dunkwa-on-Offin,2.224496773172659e+28
2023,GHA,Ghana,Yendi,4.018225219422998e+28
2023,KEN,Kenya,Nairobi,4.297800265546358e+28
2023,KEN,Kenya,Mombasa,4.065128941578306e+28
2023,KEN,Kenya,Kisumu,2.6135677167203156e+28
2023,KEN,Kenya,Nakuru,6.395040177042185e+27
2023,KEN,Kenya,Eldoret,8.342287897299137e+27
2023,KEN,Kenya,Thika,3.1470243208372136e+28
2023,KEN,Kenya,Malindi,2.8286834573165183e+28
2023,KEN,Kenya,Kitale,9.021651990797104e+27
2023,KEN,Kenya,Garissa,2.891739506765873e+28
2023,KEN,Kenya,Nyeri,2.5457034681297565e+28
2023,KEN,Kenya,Machakos,1.8957283515564723e+28
2023,KEN,Kenya,Meru,1.942910206034626e+28
2023,KEN,Kenya,Kericho,1.4101820934470797e+28
2023,KEN,Kenya,Naivasha,2.33165771611728e+28
2023,KEN,Kenya,Embu,2.9240071742316857e+28
2023,KEN,Kenya,Lodwar,3.606904241562359e+28
2023,KEN,Kenya,Isiolo,2.454625742638641e+28
2023,KEN,Kenya,Wajir,2.1922844747074715e+28
2023,LSO,Lesotho,Maseru,5.875712463766238e+28
2023,LSO,Lesotho,Teyateyaneng,3.613588458684915e+28
2023,LSO,Lesotho,Mafeteng,5.186064830611089e+28
2023,LBR,Liberia,Monrovia,2.1948360663658046e+28
2023,LBR,Liberia,Gbarnga,1.7174859969626591e+28
2023,LBR,Liberia,Buchanan,1.7217803213277373e+28
2023,LBR,Liberia,Harper,2.006366896517722e+28
2023,LBR,Liberia,Voinjama,2.3407770099969963e+28
2023,LBR,Liberia,Zwedru,1.8652185144103802e+28
2023,LBR,Liberia,Kakata,2.2015115534609567e+28
2023,LBR,Liberia,Greenville,1.4212559481710675e+28
2023,LBR,Liberia,Tubmanburg,1.942387375519427e+28
2023,LBR,Liberia,Ganta,2.6585504034952464e+28
2023,LBR,Liberia,Robertsport,1.2453026479302846e+28
2023,LBR,Liberia,Fish Town,5.770643392475993e+27
2023,MDG,Madagascar,Antananarivo,2.12659816931819e+28
2023,MDG,Madagascar,Toamasina,3.0975820886893406e+28
2023,MDG,Madagascar,Antsirabe,3.0876025614825927e+28
2023,MDG,Madagascar,Mahajanga,3.885490035376127e+28
2023,MDG,Madagascar,Fianarantsoa,4.04316718458981e+28
2023,MDG,Madagascar,Toliara,4.104758680294824e+28
2023,MDG,Madagascar,Antsiranana,1.9226513953010517e+28
2023,MDG,Madagascar,Morondava,5.743586191333845e+28
2023,MDG,Madagascar,Sambava,1.7682221302329279e+28
2023,MDG,Madagascar,Ambatondrazaka,2.4016145690648503e+28
2023,MDG,Madagascar,Farafangana,3.8080406023662485e+28
2023,MDG,Madagascar,Mananjary,3.3189326977587807e+28
2023,MDG,Madagascar,Manakara,3.8488077893281436e+28
2023,MDG,Madagascar,Antalaha,1.679892955930925e+28
2023,MDG,Madagascar,Hell-Ville,2.438833855899885e+28
2023,MDG,Madagascar,Marovoay,4.822598308691921e+28
2023,MDG,Madagascar,Ambanja,2.2947888464660446e+28
2023,MWI,Malawi,Lilongwe,1.996944269939182e+28
2023,MWI,Malawi,Blantyre,2.5396957417711506e+28
2023,MWI,Malawi,Mzuzu,3.657344204330252e+28
2023,MWI,Malawi,Zomba,2.827355940393281e+28
2023,MWI,Malawi,Karonga,4.355107203708652e+28
2023,MWI,Malawi,Mangochi,3.6595366998202937e+28
2023,MWI,Malawi,Salima,3.3753843397898272e+28
2023,MLI,Mali,Bamako,4.670343261427395e+28
2023,MLI,Mali,Sikasso,5.242500267605478e+28
2023,MLI,Mali,Mopti,3.0284189620019944e+28
2023,MLI,Mali,Koutiala,4.601530069130972e+28
2023,MLI,Mali,Kayes,6.293390488605981e+28
2023,MLI,Mali,Segou,3.4290409662918027e+28
2023,MRT,Mauritania,Nouakchott,4.206972090555643e+28
2023,MRT,Mauritania,Nouadhibou,2.7418494280304575e+28
2023,MRT,Mauritania,Rosso,2.727157867297748e+28
2023,MRT,Mauritania,Zouerate,2.084006265890123e+28
2023,MRT,Mauritania,Atar,2.0952138422399047e+28
2023,MRT,Mauritania,Kaedi,2.6907003504374437e+28
2023,MOZ,Mozambique,Maputo,1.1201272784528501e+29
2023,MOZ,Mozambique,Matola,1.2695550520904836e+29
2023,MOZ,Mozambique,Beira,5.450347968652489e+28
2023,MOZ,Mozambique,Nampula,4.382681311085234e+28
2023,MOZ,Mozambique,Chimoio,6.077989822492679e+28
2023,MOZ,Mozambique,Nacala,3.0290121615090797e+28
2023,MOZ,Mozambique,Quelimane,5.033093824781131e+28
2023,MOZ,Mozambique,Tete,4.721193966874483e+28
2023,MOZ,Mozambique,Pemba,2.448794382043887e+28
2023,MOZ,Mozambique,Lichinga,2.7072091658959064e+28
2023,MOZ,Mozambique,Xai-Xai,6.835301686171857e+28
2023,MOZ,Mozambique,Maxixe,3.996219377205761e+28
2023,NGA,Nigeria,Lagos,7.419804917925658e+28
2023,NGA,Nigeria,Abuja,6.745817856297408e+28
2023,NGA,Nigeria,Kano,4.916525362280043e+28
2023,NGA,Nigeria,Ibadan,6.546920374333125e+28
2023,NGA,Nigeria,Port Harcourt,4.39620036169694e+28
2023,NGA,Nigeria,Benin City,6.5400978502984005e+28
2023,NGA,Nigeria,Onitsha,6.189554355150053e+28
2023,NGA,Nigeria,Aba,4.354418683538275e+28
2023,NGA,Nigeria,Kaduna,7.486773474408839e+28
2023,NGA,Nigeria,Enugu,4.499306822154586e+28
2023,NGA,Nigeria,Ilorin,4.560587915592093e+28
2023,NGA,Nigeria,Warri,3.7277985862346103e+28
2023,NGA,Nigeria,Maiduguri,6.359468236024219e+28
2023,NGA,Nigeria,Zaria,6.82705179705356e+28
2023,NGA,Nigeria,Sokoto,6.3065417894642715e+28
2023,NGA,Nigeria,Uyo,3.960821567867556e+28
2023,NGA,Nigeria,Jos,4.316649371425176e+28
2023,NGA,Nigeria,Calabar,4.454018385784548e+28
2023,ZAF,South Africa,Johannesburg,3.207916626542153e+29
2023,ZAF,South Africa,Cape Town,6.237142472349232e+28
2023,ZAF,South Africa,Durban,7.354933561652803e+28
2023,ZAF,South Africa,Pretoria,1.663790692962201e+29
2023,ZAF,South Africa,Port Elizabeth,5.4934467905290525e+28
2023,ZAF,South Africa,Bloemfontein,6.085575536620595e+28
2023,ZAF,South Africa,East London,4.728368457707339e+28
2023,ZAF,South Africa,Soweto,1.865034137905116e+29
2023,ZAF,South Africa,Pietermaritzburg,1.002556271965788e+29
2023,ZAF,South Africa,Polokwane,7.674770170546152e+28
2023,ZAF,South Africa,Rustenburg,7.9159987140574255e+28
2023,ZMB,Zambia,Lusaka,4.553456445046077e+28
2023,ZMB,Zambia,Kitwe,5.888896594638018e+28
2023,ZMB,Zambia,Ndola,5.208220744737011e+28
2023,ZMB,Zambia,Kabwe,3.890092826997801e+28
2023,ZMB,Zambia,Chingola,5.761843173763242e+28
2023,ZMB,Zambia,Livingstone,4.056340578465548e+28
2023,ZMB,Zambia,Solwezi,6.243918088073132e+28
2023,ZMB,Zambia,Mufulira,3.4269266654432622e+28
2023,ZMB,Zambia,Luanshya,5.707707377234522e+28
2023,ZWE,Zimbabwe,Harare,5.676884765972605e+28
2023,ZWE,Zimbabwe,Bulawayo,4.486304109540085e+28
2023,ZWE,Zimbabwe,Chitungwiza,3.819848091997945e+28
2023,ZWE,Zimbabwe,Mutare,3.9348841392109025e+28
2023,ZWE,Zimbabwe,Gweru,4.626073721618873e+28
2023,ZWE,Zimbabwe,Kwekwe,4.649233165550573e+28
2023,ZWE,Zimbabwe,Masvingo,4.525875661689211e+28
2023,ZWE,Zimbabwe,Chinhoyi,4.927812889867909e+28
2023,ZWE,Zimbabwe,Kadoma,4.509009677940844e+28
2023,ZWE,Zimbabwe,Victoria Falls,4.056340578465548e+28
2023,ZWE,Zimbabwe,Redcliff,4.793037814470154e+28
2023,ZWE,Zimbabwe,Norton,6.065838230533292e+28
2023,ZWE,Zimbabwe,Hwange,2.899438837063512e+28
2023,ZWE,Zimbabwe,Chegutu,4.947981189197634e+28
2023,COM,Comoros,Moroni,1.1394240429251281e+28
2023,COM,Comoros,Mutsamudu,2.164974347064874e+28
2023,COM,Comoros,Fomboni,1.232100503185205e+28
2023,ERI,Eritrea,Asmara,3.969076554768095e+28
2023,ERI,Eritrea,Keren,4.117944847216522e+28
2023,ERI,Eritrea,Massawa,4.351670810496937e+28
2023,GNQ,Equatorial Guinea,Malabo,1.9057353239363906e+28
2023,GNQ,Equatorial Guinea,Bata,1.940971918991583e+28
2023,GNQ,Equatorial Guinea,Ebibeyin,1.5620821832782192e+28
2023,GMB,Gambia,Banjul,4.708073075462389e+28
2023,GMB,Gambia,Serekunda,4.708073075462389e+28
2023,GMB,Gambia,Brikama,4.708073075462389e+28
2023,GIN,Guinea,Conakry,3.851275564364252e+28
2023,GIN,Guinea,Kankan,5.983167839653151e+28
2023,GIN,Guinea,Kindia,4.5770543525295625e+28
2023,GIN,Guinea,Nzérékoré,1.9435126284783834e+28
2023,GIN,Guinea,Labe,2.941975543249794e+28
2023,GIN,Guinea,Fria,4.3027405548919955e+28
2023,GNB,Guinea-Bissau,Bissau,3.4909300742631256e+28
2023,GNB,Guinea-Bissau,Bafatá,3.5750641431720535e+28
2023,GNB,Guinea-Bissau,Gabú,4.664594669313731e+28
2023,NAM,Namibia,Windhoek,2.930688823637082e+28
2023,NAM,Namibia,Walvis Bay,2.3891167676488263e+28
2023,NAM,Namibia,Swakopmund,3.598536646058931e+28
2023,NAM,Namibia,Rundu,5.628489649862538e+28
2023,NAM,Namibia,Oshakati,4.149554985318257e+28
2023,NAM,Namibia,Otjiwarongo,3.413517896505591e+28
2023,NER,Niger,Niamey,3.775905874615424e+28
2023,NER,Niger,Zinder,2.840655745660837e+28
2023,NER,Niger,Maradi,3.57895737038299e+28
2023,NER,Niger,Agadez,1.8595807482649724e+28
2023,NER,Niger,Tahoua,4.235600197064758e+28
2023,RWA,Rwanda,Kigali,2.75929290650073e+28
2023,RWA,Rwanda,Huye,6.124036435456608e+27
2023,RWA,Rwanda,Rubavu,1.4487246828693365e+28
2023,RWA,Rwanda,Musanze,1.1661931007618548e+28
2023,RWA,Rwanda,Rusizi,1.8806494004868719e+28
2023,STP,Sao Tome and Principe,São Tomé,1.1595332911035133e+28
2023,STP,Sao Tome and Principe,Santo António,1.4428600690292797e+28
2023,STP,Sao Tome and Principe,Neves,1.1595332911035133e+28
2023,SEN,Senegal,Ziguinchor,4.185299479562622e+28
2023,SEN,Senegal,Tambacounda,5.775608227753757e+28
2023,SEN,Senegal,Dakar,8.123666541399399e+28
2023,SEN,Senegal,Thiès,6.5879889162242415e+28
2023,SEN,Senegal,Saint-Louis,2.7362874443254703e+28
2023,SEN,Senegal,Kaolack,5.07956710052797e+28
2023,SLE,Sierra Leone,Freetown,3.1135353042104093e+28
2023,SLE,Sierra Leone,Bo,1.9122319179652165e+28
2023,SLE,Sierra Leone,Kenema,2.979954149819358e+28
2023,SLE,Sierra Leone,Makeni,4.227981158669444e+28
2023,SOM,Somalia,Mogadishu,2.3207486609335605e+28
2023,SOM,Somalia,Hargeisa,2.74903081407436e+28
2023,SOM,Somalia,Bosaso,2.464183637770102e+28
2023,SOM,Somalia,Kismayo,2.222818781658288e+28
2023,SOM,Somalia,Baidoa,1.6452321864379177e+28
2023,SSD,South Sudan,Juba,8.327311801634213e+28
2023,SSD,South Sudan,Wau,3.761476666899945e+28
2023,SSD,South Sudan,Malakal,6.073689538162827e+28
2023,SSD,South Sudan,Bor,6.366236781039208e+28
2023,SDN,Sudan,Khartoum,4.376879020048472e+28
2023,SDN,Sudan,Omdurman,6.065722199871618e+28
2023,SDN,Sudan,Port Sudan,4.90309416481532e+28
2023,SDN,Sudan,Nyala,4.035788299330494e+28
2023,SDN,Sudan,Ed Damer,5.391641214506528e+28
2023,SDN,Sudan,El Obeid,4.5313404093107545e+28
2023,SDN,Sudan,Kassala,5.401148953143637e+28
2023,SDN,Sudan,Wad Madani,5.8398018496105945e+28
2023,SDN,Sudan,Kosti,5.996993791194586e+28
2023,SDN,Sudan,Rabak,4.2101292192063e+28
2023,SDN,Sudan,El Obeid,4.5313404093107545e+28
2023,SDN,Sudan,Sennar,5.515655763425576e+28
2023,TZA,Tanzania,Dar es Salaam,4.179465477016281e+28
2023,TZA,Tanzania,Dodoma,2.2237550939417835e+28
2023,TZA,Tanzania,Mwanza,3.1467258670793623e+28
2023,TZA,Tanzania,Arusha,2.7178502088573167e+28
2023,TZA,Tanzania,Zanzibar City,3.7393033492734085e+28
2023,TZA,Tanzania,Mbeya,2.2444129950480644e+28
2023,TZA,Tanzania,Tabora,4.053780459008198e+28
2023,TGO,Togo,Lomé,4.038290428553716e+28
2023,TGO,Togo,Sokodé,4.930272042123045e+28
2023,TGO,Togo,Kara,5.691272261805615e+28
2023,TGO,Togo,Atakpamé,4.461222256482421e+28
2023,UGA,Uganda,Kampala,4.759050713272275e+28
2023,UGA,Uganda,Entebbe,4.9498130136135135e+28
2023,UGA,Uganda,Jinja,4.240029488426572e+28
2023,UGA,Uganda,Mbarara,1.7183361401598614e+28
2023,UGA,Uganda,Gulu,4.933635534166056e+28
2023,UGA,Uganda,Fort Portal,2.7043402071630145e+28
2024,AGO,Angola,Luanda,3.755105393737097e+28
2024,AGO,Angola,Benguela,5.3387924070697615e+28
2024,AGO,Angola,Lobito,5.9156252164903815e+28
2024,AGO,Angola,Huambo,5.583828417338348e+28
2024,AGO,Angola,Lubango,2.5908273348035188e+28
2024,AGO,Angola,Cabinda,3.4628803265802135e+28
2024,AGO,Angola,Malanje,9.018581596582914e+28
2024,AGO,Angola,Namibe,3.9725790533953915e+28
2024,AGO,Angola,Sumbe,5.837900514382543e+28
2024,AGO,Angola,Uige,5.12603642298295e+28
2024,AGO,Angola,Soyo,3.1568893050560134e+28
2024,BEN,Benin,Bohicon,4.735338580852758e+28
2024,BEN,Benin,Abomey,3.0259651384284713e+28
2024,BEN,Benin,Ouidah,4.5372890398558225e+28
2024,BEN,Benin,Kandi,5.1132108988182445e+28
2024,BEN,Benin,Natitingou,5.4536658355960815e+28
2024,BEN,Benin,Save,3.2346563522375403e+28
2024,BEN,Benin,Savalou,4.714604376583318e+28
2024,BEN,Benin,Comé,4.591713144468478e+28
2024,BEN,Benin,Allada,4.847988469996124e+28
2024,BEN,Benin,Dogbo,4.7355131571349795e+28
2024,BEN,Benin,Lokossa,5.255495382338266e+28
2024,BEN,Benin,Tchaourou,4.894155482938859e+28
2024,BEN,Benin,Malanville,5.74506080161982e+28
2024,BEN,Benin,Tanguiéta,5.7290371279262715e+28
2024,BEN,Benin,Bassila,2.929725065454789e+28
2024,BEN,Benin,Pobe,6.132712805230861e+28
2024,BEN,Benin,Ketou,5.735112038889078e+28
2024,BWA,Botswana,Gaborone,5.571244628587241e+28
2024,BWA,Botswana,Francistown,2.365051828769005e+28
2024,BWA,Botswana,Maun,4.171043639918649e+28
2024,BWA,Botswana,Serowe,3.9475677406907656e+28
2024,BWA,Botswana,Kanye,4.187311996690332e+28
2024,BWA,Botswana,Molepolole,3.0295558723307886e+28
2024,BWA,Botswana,Mochudi,6.17669759176546e+28
2024,BWA,Botswana,Selebi-Phikwe,2.8293196730031056e+28
2024,BWA,Botswana,Palapye,5.09319092290955e+28
2024,BWA,Botswana,Lobatse,4.558001467571896e+28
2024,BWA,Botswana,Ramotswa,5.412885765584143e+28
2024,BWA,Botswana,Letlhakane,4.597895538035973e+28
2024,BWA,Botswana,Orapa,4.499210421795838e+28
2024,BWA,Botswana,Kasane,4.656539991720002e+28
2024,BWA,Botswana,Ghanzi,3.220647594317819e+28
2024,BWA,Botswana,Jwaneng,3.8387224862127457e+28
2024,BWA,Botswana,Tsabong,3.775943057445361e+28
2024,BWA,Botswana,Shoshong,3.0066438531849153e+28
2024,BFA,Burkina Faso,Ouagadougou,5.078727264663935e+28
2024,BFA,Burkina Faso,Bobo-Dioulasso,4.77530028808486e+28
2024,BFA,Burkina Faso,Koudougou,3.24731446946178e+28
2024,BFA,Burkina Faso,Banfora,4.0460924517297665e+28
2024,BFA,Burkina Faso,Ouahigouya,4.480710608909112e+28
2024,BFA,Burkina Faso,Kaya,4.243030372867197e+28
2024,BFA,Burkina Faso,Tenkodogo,4.618980269692494e+28
2024,BFA,Burkina Faso,Fada N'Gourma,4.829335202307179e+28
2024,BFA,Burkina Faso,Dedougou,4.590764477608133e+28
2024,BFA,Burkina Faso,Dori,4.529701158706692e+28
2024,BFA,Burkina Faso,Gaoua,5.173908995389616e+28
2024,BFA,Burkina Faso,Kongoussi,3.920438843678994e+28
2024,BFA,Burkina Faso,Manga,4.573467622397211e+28
2024,BFA,Burkina Faso,Reo,4.575790951232941e+28
2024,BFA,Burkina Faso,Ziniare,4.91261575208157e+28
2024,BFA,Burkina Faso,Hounde,3.2650187575666462e+28
2024,BFA,Burkina Faso,Po,5.294441836948699e+28
2024,BFA,Burkina Faso,Leo,5.66911451869469e+28
2024,BDI,Burundi,Bujumbura,1.8727413673392513e+28
2024,BDI,Burundi,Gitega,1.382992524165103e+28
2024,BDI,Burundi,Ngozi,1.0793530168162583e+28
2024,BDI,Burundi,Rumonge,3.0889722481970627e+28
2024,BDI,Burundi,Bururi,2.6638248731497576e+28
2024,BDI,Burundi,Muyinga,2.2034446807445096e+28
2024,BDI,Burundi,Ruyigi,1.4458532745437675e+28
2024,BDI,Burundi,Makamba,3.2160761802318155e+28
2024,BDI,Burundi,Kayanza,1.4635884853554184e+28
2024,BDI,Burundi,Muramvya,1.6427936030996623e+28
2024,BDI,Burundi,Cibitoke,1.7214022799678246e+28
2024,BDI,Burundi,Karuzi,1.69956627756366e+28
2024,BDI,Burundi,Kirundo,1.6205266719673042e+28
2024,BDI,Burundi,Mwaro,1.0805108277150585e+28
2024,BDI,Burundi,Nyanza-Lac,3.993170828005146e+28
2024,CMR,Cameroon,Douala,2.475290705549698e+28
2024,CMR,Cameroon,Yaounde,1.6579456806200985e+28
2024,CMR,Cameroon,Garoua,4.990191585392063e+28
2024,CMR,Cameroon,Bamenda,2.4446946560919445e+28
2024,CMR,Cameroon,Maroua,4.578884703503241e+28
2024,CMR,Cameroon,Ngaoundere,3.6089769034502795e+28
2024,CMR,Cameroon,Bafoussam,2.8055647716503476e+28
2024,CMR,Cameroon,Bertoua,4.165130794234128e+28
2024,CMR,Cameroon,Ebolowa,1.8798548355038485e+28
2024,CMR,Cameroon,Kribi,2.159338548112796e+28
2024,CMR,Cameroon,Limbe,3.4779159533263723e+28
2024,CMR,Cameroon,Kumba,2.8696148183037703e+28
2024,CMR,Cameroon,Nkongsamba,2.4335487897206014e+28
2024,CMR,Cameroon,Edea,2.3842919581592643e+28
2024,CMR,Cameroon,Sangmelima,2.0893413027017835e+28
2024,CMR,Cameroon,Foumban,4.0336001798791574e+28
2024,CMR,Cameroon,Dschang,2.3551349677592944e+28
2024,CMR,Cameroon,Kousseri,5.587195449921225e+28
2024,CAF,Central African Republic,Bangui,5.934350886842083e+28
2024,CAF,Central African Republic,Bimbo,3.476187855919248e+28
2024,CAF,Central African Republic,Berberati,3.2103799388608795e+28
2024,CAF,Central African Republic,Bambari,4.4540209741626515e+28
2024,CAF,Central African Republic,Bouar,6.1849108037918745e+28
2024,CAF,Central African Republic,Bossangoa,3.9785978457699005e+28
2024,CAF,Central African Republic,Bria,5.44417564911016e+28
2024,CAF,Central African Republic,Bangassou,2.795416523310068e+28
2024,CAF,Central African Republic,Kaga-Bandoro,4.193319011896199e+28
2024,CAF,Central African Republic,Mbaiki,2.288653069057692e+28
2024,CAF,Central African Republic,Bozoum,5.192946769457736e+28
2024,CAF,Central African Republic,Carnot,7.965097134119216e+28
2024,CAF,Central African Republic,Sibut,5.733423306977217e+28
2024,CAF,Central African Republic,Alindao,6.681431162067642e+28
2024,CAF,Central African Republic,Mobaye,5.621382440723829e+28
2024,CAF,Central African Republic,Nola,2.7134289923638793e+28
2024,TCD,Chad,N'Djamena,5.587195449921225e+28
2024,TCD,Chad,Moundou,5.207876880350779e+28
2024,TCD,Chad,Sarh,5.862363494655813e+28
2024,TCD,Chad,Abeche,3.7761404814905053e+28
2024,TCD,Chad,Kelo,4.696306391292021e+28
2024,TCD,Chad,Koumra,5.524264042505835e+28
2024,TCD,Chad,Pala,4.648093798852104e+28
2024,TCD,Chad,Am Timan,4.65035276327599e+28
2024,TCD,Chad,Bongor,4.392193737728446e+28
2024,TCD,Chad,Mongo,3.8861883679551304e+28
2024,TCD,Chad,Faya-Largeau,2.37493320397062e+28
2024,TCD,Chad,Doba,5.183685048249413e+28
2024,TCD,Chad,Ati,4.071678535439388e+28
2024,TCD,Chad,Biltine,3.3803509829470517e+28
2024,TCD,Chad,Mao,3.5099758491361987e+28
2024,TCD,Chad,Massakory,3.071757461158536e+28
2024,COD,DR Congo,Kinshasa,7.439472109722357e+28
2024,COD,DR Congo,Lubumbashi,6.713506769719904e+28
2024,COD,DR Congo,Mbuji-Mayi,7.608188388593014e+28
2024,COD,DR Congo,Kisangani,2.6999281990544994e+28
2024,COD,DR Congo,Goma,1.5352161459443864e+28
2024,COD,DR Congo,Bukavu,8.302169289202117e+27
2024,COD,DR Congo,Kananga,7.67033572400163e+28
2024,COD,DR Congo,Kolwezi,9.509145860327808e+28
2024,COD,DR Congo,Tshikapa,9.023570410084622e+28
2024,COD,DR Congo,Matadi,4.820792457765222e+28
2024,COD,DR Congo,Boma,4.829301520619948e+28
2024,COD,DR Congo,Uvira,1.8363432283799767e+28
2024,COD,DR Congo,Kindu,4.063475294431841e+28
2024,COD,DR Congo,Kalemie,4.5303459491617595e+28
2024,COD,DR Congo,Likasi,7.491246459804096e+28
2024,COD,DR Congo,Kikwit,7.535183579329578e+28
2024,COD,DR Congo,Gemena,3.1552747724057975e+28
2024,COD,DR Congo,Isiro,3.542542825116468e+28
2024,COG,Congo Republic,Brazzaville,3.246735264098319e+28
2024,COG,Congo Republic,Pointe-Noire,3.621008437866445e+28
2024,COG,Congo Republic,Dolisie,3.865536204237991e+28
2024,COG,Congo Republic,Nkayi,5.356086587718688e+28
2024,COG,Congo Republic,Owando,3.163563850243678e+28
2024,COG,Congo Republic,Ouesso,2.137905490748494e+28
2024,COG,Congo Republic,Impfondo,2.811674094850289e+28
2024,COG,Congo Republic,Sibiti,4.159710705578199e+28
2024,COG,Congo Republic,Madingou,5.804399071319924e+28
2024,COG,Congo Republic,Kinkala,3.996658260672797e+28
2024,COG,Congo Republic,Mossendjo,2.5099970537811615e+28
2024,COG,Congo Republic,Gamboma,5.78901607775213e+28
2024,COG,Congo Republic,Djambala,2.8405875344255373e+28
2024,CIV,Cote d'Ivoire,Abidjan,3.0023182923675794e+28
2024,CIV,Cote d'Ivoire,Yamoussoukro,2.53238639855243e+28
2024,CIV,Cote d'Ivoire,Bouake,3.2287969310555643e+28
2024,CIV,Cote d'Ivoire,Daloa,2.4529082380277036e+28
2024,CIV,Cote d'Ivoire,San-Pedro,1.5846619570475714e+28
2024,CIV,Cote d'Ivoire,Korhogo,3.1847979620255676e+28
2024,CIV,Cote d'Ivoire,Man,2.2172529077122245e+28
2024,CIV,Cote d'Ivoire,Gagnoa,2.3690037689226177e+28
2024,CIV,Cote d'Ivoire,Abengourou,1.9528975840135336e+28
2024,CIV,Cote d'Ivoire,Bondoukou,3.2026961524092804e+28
2024,CIV,Cote d'Ivoire,Divo,2.4064549883578893e+28
2024,CIV,Cote d'Ivoire,Odienne,2.816725904750705e+28
2024,CIV,Cote d'Ivoire,Ferkessedougou,3.4927225156838126e+28
2024,CIV,Cote d'Ivoire,Soubre,2.0032920452414473e+28
2024,CIV,Cote d'Ivoire,Sassandra,2.1296419603835713e+28
2024,CIV,Cote d'Ivoire,Agboville,2.80674150045349e+28
2024,CIV,Cote d'Ivoire,Grand-Bassam,3.5365538269723545e+28
2024,CIV,Cote d'Ivoire,Dabou,3.972645624790157e+28
2024,ETH,Ethiopia,Addis Ababa,3.0445829282039715e+28
2024,ETH,Ethiopia,Dire Dawa,3.054213536606864e+28
2024,ETH,Ethiopia,Mekelle,2.6041350363107007e+28
2024,ETH,Ethiopia,Bahir Dar,3.220936444505645e+28
2024,ETH,Ethiopia,Hawassa,2.486944553773529e+28
2024,ETH,Ethiopia,Adama,2.92821079324538e+28
2024,ETH,Ethiopia,Gondar,4.15459226522865e+28
2024,ETH,Ethiopia,Jimma,2.7207738123595905e+28
2024,ETH,Ethiopia,Dessie,2.7449594954162026e+28
2024,ETH,Ethiopia,Shashamane,1.6263173482756056e+28
2024,ETH,Ethiopia,Harar,2.7994815279907317e+28
2024,ETH,Ethiopia,Arba Minch,2.634571962614573e+28
2024,ETH,Ethiopia,Debre Markos,4.241770730193399e+28
2024,ETH,Ethiopia,Debre Birhan,2.4966296165947426e+28
2024,ETH,Ethiopia,Nekemte,4.227073130045277e+28
2024,ETH,Ethiopia,Asella,1.9144675713525427e+28
2024,ETH,Ethiopia,Wolaita Sodo,2.6765534324652514e+28
2024,ETH,Ethiopia,Jijiga,2.493775754143169e+28
2024,GAB,Gabon,Libreville,2.61188174895476e+28
2024,GAB,Gabon,Port-Gentil,2.363939965841554e+28
2024,GAB,Gabon,Franceville,2.4762089241300996e+28
2024,GAB,Gabon,Oyem,1.1757074707138006e+28
2024,GAB,Gabon,Moanda,1.9975783471422118e+28
2024,GAB,Gabon,Lambarene,2.939765583212136e+28
2024,GAB,Gabon,Mouila,1.964136344277296e+28
2024,GAB,Gabon,Koulamoutou,1.6413046568159764e+28
2024,GAB,Gabon,Tchibanga,1.5729738419776078e+28
2024,GAB,Gabon,Makokou,1.9919474598799277e+28
2024,GAB,Gabon,Bitam,9.627463667738574e+27
2024,GAB,Gabon,Ndende,1.4237098269207408e+28
2024,GHA,Ghana,Accra,4.293470185168035e+28
2024,GHA,Ghana,Kumasi,4.098180787184654e+28
2024,GHA,Ghana,Tamale,6.017164680548709e+28
2024,GHA,Ghana,Sekondi-Takoradi,1.7954252598748831e+28
2024,GHA,Ghana,Sunyani,3.2031652867315385e+28
2024,GHA,Ghana,Cape Coast,1.5724915776383221e+28
2024,GHA,Ghana,Koforidua,2.985289914505751e+28
2024,GHA,Ghana,Ho,5.184499669306773e+28
2024,GHA,Ghana,Tema,4.293470185168035e+28
2024,GHA,Ghana,Obuasi,2.868903053780976e+28
2024,GHA,Ghana,Bolgatanga,5.440584614562649e+28
2024,GHA,Ghana,Wa,3.8895184487429287e+28
2024,GHA,Ghana,Techiman,4.259911409953999e+28
2024,GHA,Ghana,Tarkwa,1.6104455856391893e+28
2024,GHA,Ghana,Sefwi Wiawso,1.5072808554681583e+28
2024,GHA,Ghana,Nkawkaw,4.786377861896357e+28
2024,GHA,Ghana,Dunkwa-on-Offin,2.2878811657398317e+28
2024,GHA,Ghana,Yendi,4.646048352252082e+28
2024,KEN,Kenya,Nairobi,3.949540731073043e+28
2024,KEN,Kenya,Mombasa,3.4566437884096013e+28
2024,KEN,Kenya,Kisumu,2.9725714749296374e+28
2024,KEN,Kenya,Nakuru,1.0633782066486082e+28
2024,KEN,Kenya,Eldoret,1.053072753630504e+28
2024,KEN,Kenya,Thika,3.142651443825556e+28
2024,KEN,Kenya,Malindi,2.9286613336893926e+28
2024,KEN,Kenya,Kitale,1.5062746523786385e+28
2024,KEN,Kenya,Garissa,3.268126590870664e+28
2024,KEN,Kenya,Nyeri,2.721216246568695e+28
2024,KEN,Kenya,Machakos,1.5721840373642084e+28
2024,KEN,Kenya,Meru,1.0643767041126088e+28
2024,KEN,Kenya,Kericho,1.9703421127985945e+28
2024,KEN,Kenya,Naivasha,2.566897030156152e+28
2024,KEN,Kenya,Embu,2.485963398896534e+28
2024,KEN,Kenya,Lodwar,3.744301584147011e+28
2024,KEN,Kenya,Isiolo,2.079980913873725e+28
2024,KEN,Kenya,Wajir,2.053786398951365e+28
2024,LSO,Lesotho,Maseru,5.350285448720816e+28
2024,LSO,Lesotho,Teyateyaneng,3.703639901647382e+28
2024,LSO,Lesotho,Mafeteng,4.4147832968550555e+28
2024,LBR,Liberia,Monrovia,2.2027924096896947e+28
2024,LBR,Liberia,Gbarnga,1.8711084894206138e+28
2024,LBR,Liberia,Buchanan,1.7930132393155168e+28
2024,LBR,Liberia,Harper,2.3121759069817885e+28
2024,LBR,Liberia,Voinjama,2.1689723606548934e+28
2024,LBR,Liberia,Zwedru,1.7449523885385908e+28
2024,LBR,Liberia,Kakata,1.8016918790190817e+28
2024,LBR,Liberia,Greenville,1.1717848784315021e+28
2024,LBR,Liberia,Tubmanburg,1.9113092459183523e+28
2024,LBR,Liberia,Ganta,2.5665794677903222e+28
2024,LBR,Liberia,Robertsport,1.425621616476176e+28
2024,LBR,Liberia,Fish Town,1.2193539445711125e+28
2024,MDG,Madagascar,Antananarivo,2.9839030810651892e+28
2024,MDG,Madagascar,Toamasina,3.539556797098969e+28
2024,MDG,Madagascar,Antsirabe,3.0329904313590287e+28
2024,MDG,Madagascar,Mahajanga,4.231054177430551e+28
2024,MDG,Madagascar,Fianarantsoa,3.960951228593436e+28
2024,MDG,Madagascar,Toliara,3.6564870559693817e+28
2024,MDG,Madagascar,Antsiranana,2.2354862028448124e+28
2024,MDG,Madagascar,Morondava,5.1681672377437696e+28
2024,MDG,Madagascar,Sambava,1.6053814798428446e+28
2024,MDG,Madagascar,Ambatondrazaka,3.5722039142734457e+28
2024,MDG,Madagascar,Farafangana,3.199301782866105e+28
2024,MDG,Madagascar,Mananjary,3.095467118786397e+28
2024,MDG,Madagascar,Manakara,3.00367458817466e+28
2024,MDG,Madagascar,Antalaha,1.3544482414765908e+28
2024,MDG,Madagascar,Hell-Ville,3.136124622885349e+28
2024,MDG,Madagascar,Marovoay,5.296632617832913e+28
2024,MDG,Madagascar,Ambanja,3.3215737653986356e+28
2024,MWI,Malawi,Lilongwe,2.373739434084196e+28
2024,MWI,Malawi,Blantyre,3.1612702604847548e+28
2024,MWI,Malawi,Mzuzu,3.4934789138275988e+28
2024,MWI,Malawi,Zomba,4.337410113517471e+28
2024,MWI,Malawi,Karonga,3.7762713546599753e+28
2024,MWI,Malawi,Mangochi,4.922921518886713e+28
2024,MWI,Malawi,Salima,3.9149945764847905e+28
2024,MLI,Mali,Bamako,3.902970742436987e+28
2024,MLI,Mali,Sikasso,4.587870084254209e+28
2024,MLI,Mali,Mopti,2.798088215049123e+28
2024,MLI,Mali,Koutiala,4.6611653500677045e+28
2024,MLI,Mali,Kayes,6.228391366683145e+28
2024,MLI,Mali,Segou,2.682226618861045e+28
2024,MRT,Mauritania,Nouakchott,4.04058635381998e+28
2024,MRT,Mauritania,Nouadhibou,2.747872706872422e+28
2024,MRT,Mauritania,Rosso,2.608578101495794e+28
2024,MRT,Mauritania,Zouerate,1.879476442939596e+28
2024,MRT,Mauritania,Atar,2.3112573008579035e+28
2024,MRT,Mauritania,Kaedi,2.73679957866582e+28
2024,MOZ,Mozambique,Maputo,9.382075121608254e+28
2024,MOZ,Mozambique,Matola,1.1100550469867661e+29
2024,MOZ,Mozambique,Beira,4.922878249758352e+28
2024,MOZ,Mozambique,Nampula,5.88202097496553e+28
2024,MOZ,Mozambique,Chimoio,6.075166159765951e+28
2024,MOZ,Mozambique,Nacala,3.7181947873549604e+28
2024,MOZ,Mozambique,Quelimane,5.057142127868164e+28
2024,MOZ,Mozambique,Tete,5.012219449602737e+28
2024,MOZ,Mozambique,Pemba,3.322790820976166e+28
2024,MOZ,Mozambique,Lichinga,3.2209564869967274e+28
2024,MOZ,Mozambique,Xai-Xai,6.206350632003094e+28
2024,MOZ,Mozambique,Maxixe,3.2959283772664675e+28
2024,NGA,Nigeria,Lagos,7.299531478313279e+28
2024,NGA,Nigeria,Abuja,6.5895458208777786e+28
2024,NGA,Nigeria,Kano,4.842677517692345e+28
2024,NGA,Nigeria,Ibadan,5.807645584719867e+28
2024,NGA,Nigeria,Port Harcourt,4.626677923396271e+28
2024,NGA,Nigeria,Benin City,6.224452488970303e+28
2024,NGA,Nigeria,Onitsha,7.766682119313986e+28
2024,NGA,Nigeria,Aba,4.674890566346423e+28
2024,NGA,Nigeria,Kaduna,6.899862414213435e+28
2024,NGA,Nigeria,Enugu,4.7567891839591295e+28
2024,NGA,Nigeria,Ilorin,4.390185048994577e+28
2024,NGA,Nigeria,Warri,3.4542506440802203e+28
2024,NGA,Nigeria,Maiduguri,5.172834184134638e+28
2024,NGA,Nigeria,Zaria,6.275224439956603e+28
2024,NGA,Nigeria,Sokoto,5.542611767011603e+28
2024,NGA,Nigeria,Uyo,3.835602483278185e+28
2024,NGA,Nigeria,Jos,4.617953346405182e+28
2024,NGA,Nigeria,Calabar,4.430264252015389e+28
2024,ZAF,South Africa,Johannesburg,3.1718845918394295e+29
2024,ZAF,South Africa,Cape Town,5.4642068045374495e+28
2024,ZAF,South Africa,Durban,7.313261107628732e+28
2024,ZAF,South Africa,Pretoria,1.686429121601195e+29
2024,ZAF,South Africa,Port Elizabeth,5.104919741038026e+28
2024,ZAF,South Africa,Bloemfontein,5.268987301170693e+28
2024,ZAF,South Africa,East London,4.320943781632247e+28
2024,ZAF,South Africa,Soweto,1.7800203749232704e+29
2024,ZAF,South Africa,Pietermaritzburg,9.209195628718836e+28
2024,ZAF,South Africa,Polokwane,7.4798949641936664e+28
2024,ZAF,South Africa,Rustenburg,7.376710564311719e+28
2024,ZMB,Zambia,Lusaka,5.934974994066147e+28
2024,ZMB,Zambia,Kitwe,6.671415699371255e+28
2024,ZMB,Zambia,Ndola,6.72457791706665e+28
2024,ZMB,Zambia,Kabwe,4.69226438917754e+28
2024,ZMB,Zambia,Chingola,6.324561223119934e+28
2024,ZMB,Zambia,Livingstone,4.379864826405955e+28
2024,ZMB,Zambia,Solwezi,7.070310507913373e+28
2024,ZMB,Zambia,Mufulira,4.204030893266387e+28
2024,ZMB,Zambia,Luanshya,6.681082444475206e+28
2024,ZWE,Zimbabwe,Harare,6.325591429725357e+28
2024,ZWE,Zimbabwe,Bulawayo,4.123699342385914e+28
2024,ZWE,Zimbabwe,Chitungwiza,4.146200062405945e+28
2024,ZWE,Zimbabwe,Mutare,4.540799880939864e+28
2024,ZWE,Zimbabwe,Gweru,4.424401637262353e+28
2024,ZWE,Zimbabwe,Kwekwe,4.834981344636971e+28
2024,ZWE,Zimbabwe,Masvingo,4.18489901731553e+28
2024,ZWE,Zimbabwe,Chinhoyi,5.842777234098156e+28
2024,ZWE,Zimbabwe,Kadoma,5.241928537916028e+28
2024,ZWE,Zimbabwe,Victoria Falls,4.379864826405955e+28
2024,ZWE,Zimbabwe,Redcliff,4.622088198390018e+28
2024,ZWE,Zimbabwe,Norton,6.599061291941899e+28
2024,ZWE,Zimbabwe,Hwange,3.8537150064243205e+28
2024,ZWE,Zimbabwe,Chegutu,5.913840520333545e+28
2024,COM,Comoros,Moroni,1.650160696127306e+28
2024,COM,Comoros,Mutsamudu,2.0447425860046333e+28
2024,COM,Comoros,Fomboni,1.291176983674587e+28
2024,ERI,Eritrea,Asmara,3.9325904860544415e+28
2024,ERI,Eritrea,Keren,3.6277028027223407e+28
2024,ERI,Eritrea,Massawa,4.237821227288494e+28
2024,GNQ,Equatorial Guinea,Malabo,1.7202172416437113e+28
2024,GNQ,Equatorial Guinea,Bata,2.0086902391714828e+28
2024,GNQ,Equatorial Guinea,Ebibeyin,1.524823511714368e+28
2024,GMB,Gambia,Banjul,4.666462489657051e+28
2024,GMB,Gambia,Serekunda,4.666462489657051e+28
2024,GMB,Gambia,Brikama,4.666462489657051e+28
2024,GIN,Guinea,Conakry,4.23198414803591e+28
2024,GIN,Guinea,Kankan,5.122529911384729e+28
2024,GIN,Guinea,Kindia,4.398659343761445e+28
2024,GIN,Guinea,Nzérékoré,1.8972668256596432e+28
2024,GIN,Guinea,Labe,3.221298361465435e+28
2024,GIN,Guinea,Fria,3.921800859612689e+28
2024,GNB,Guinea-Bissau,Bissau,3.5621938773183433e+28
2024,GNB,Guinea-Bissau,Bafatá,3.976161238464806e+28
2024,GNB,Guinea-Bissau,Gabú,4.5069197103273925e+28
2024,NAM,Namibia,Windhoek,2.462338143783762e+28
2024,NAM,Namibia,Walvis Bay,2.2020588106169676e+28
2024,NAM,Namibia,Swakopmund,3.267783246225556e+28
2024,NAM,Namibia,Rundu,6.212532849580764e+28
2024,NAM,Namibia,Oshakati,4.983992219420657e+28
2024,NAM,Namibia,Otjiwarongo,2.562366888468847e+28
2024,NER,Niger,Niamey,3.1558825798196113e+28
2024,NER,Niger,Zinder,2.832253671825105e+28
2024,NER,Niger,Maradi,3.3406037851560996e+28
2024,NER,Niger,Agadez,1.6027436451288369e+28
2024,NER,Niger,Tahoua,3.2911886649815233e+28
2024,RWA,Rwanda,Kigali,2.7932543752694977e+28
2024,RWA,Rwanda,Huye,6.396272935025523e+27
2024,RWA,Rwanda,Rubavu,1.0073781524145463e+28
2024,RWA,Rwanda,Musanze,7.102903135761649e+27
2024,RWA,Rwanda,Rusizi,1.1933368799480614e+28
2024,STP,Sao Tome and Principe,São Tomé,1.5955421292513895e+28
2024,STP,Sao Tome and Principe,Santo António,2.027100788806447e+28
2024,STP,Sao Tome and Principe,Neves,1.5955421292513895e+28
2024,SEN,Senegal,Ziguinchor,3.8163392113868943e+28
2024,SEN,Senegal,Tambacounda,5.511785784073165e+28
2024,SEN,Senegal,Dakar,7.612558076423824e+28
2024,SEN,Senegal,Thiès,6.0775532417255795e+28
2024,SEN,Senegal,Saint-Louis,2.2457025261662897e+28
2024,SEN,Senegal,Kaolack,4.623444855162565e+28
2024,SLE,Sierra Leone,Freetown,2.6459254255646003e+28
2024,SLE,Sierra Leone,Bo,1.9796650520867351e+28
2024,SLE,Sierra Leone,Kenema,2.6330681012315837e+28
2024,SLE,Sierra Leone,Makeni,4.59606841889624e+28
2024,SOM,Somalia,Mogadishu,2.706159907302421e+28
2024,SOM,Somalia,Hargeisa,3.6328625359973315e+28
2024,SOM,Somalia,Bosaso,3.134295124421308e+28
2024,SOM,Somalia,Kismayo,1.9104382362358163e+28
2024,SOM,Somalia,Baidoa,2.8358955273372016e+28
2024,SSD,South Sudan,Juba,8.282468179259275e+28
2024,SSD,South Sudan,Wau,3.69017696769377e+28
2024,SSD,South Sudan,Malakal,6.127421224204396e+28
2024,SSD,South Sudan,Bor,7.0376967839752854e+28
2024,SDN,Sudan,Khartoum,3.464653669329137e+28
2024,SDN,Sudan,Omdurman,4.928044818599133e+28
2024,SDN,Sudan,Port Sudan,4.520624713042335e+28
2024,SDN,Sudan,Nyala,4.282860468509759e+28
2024,SDN,Sudan,Ed Damer,4.637956241347594e+28
2024,SDN,Sudan,El Obeid,4.318626892256288e+28
2024,SDN,Sudan,Kassala,4.718988880849654e+28
2024,SDN,Sudan,Wad Madani,4.7355178675781295e+28
2024,SDN,Sudan,Kosti,5.700615145131293e+28
2024,SDN,Sudan,Rabak,3.959730251010668e+28
2024,SDN,Sudan,El Obeid,4.318626892256288e+28
2024,SDN,Sudan,Sennar,4.552929418542204e+28
2024,TZA,Tanzania,Dar es Salaam,4.344185951502398e+28
2024,TZA,Tanzania,Dodoma,2.5863388266865217e+28
2024,TZA,Tanzania,Mwanza,2.367867226016943e+28
2024,TZA,Tanzania,Arusha,2.5846327701032333e+28
2024,TZA,Tanzania,Zanzibar City,3.656029464554648e+28
2024,TZA,Tanzania,Mbeya,2.8837005032810025e+28
2024,TZA,Tanzania,Tabora,3.133058173797096e+28
2024,TGO,Togo,Lomé,4.411416419221683e+28
2024,TGO,Togo,Sokodé,5.164171800821306e+28
2024,TGO,Togo,Kara,5.291390635061251e+28
2024,TGO,Togo,Atakpamé,4.813910445408759e+28
2024,UGA,Uganda,Kampala,4.777500609397598e+28
2024,UGA,Uganda,Entebbe,4.608181639881295e+28
2024,UGA,Uganda,Jinja,3.8465995547009343e+28
2024,UGA,Uganda,Mbarara,3.5584192360949073e+28
2024,UGA,Uganda,Gulu,5.318445708167706e+28
2024,UGA,Uganda,Fort Portal,4.1532987768345585e+28
2025,AGO,Angola,Luanda,3.3094965684577857e+28
2025,AGO,Angola,Benguela,3.8109113768651864e+28
2025,AGO,Angola,Lobito,4.127399127764975e+28
2025,AGO,Angola,Huambo,4.2345491357309815e+28
2025,AGO,Angola,Lubango,1.4304378915283023e+28
2025,AGO,Angola,Cabinda,4.538068641435726e+28
2025,AGO,Angola,Malanje,7.828172838233304e+28
2025,AGO,Angola,Namibe,2.1005816728227244e+28
2025,AGO,Angola,Sumbe,3.934395541913973e+28
2025,AGO,Angola,Uige,3.9252354668702522e+28
2025,AGO,Angola,Soyo,4.402671752545633e+28
2025,BEN,Benin,Bohicon,4.297112294150856e+28
2025,BEN,Benin,Abomey,2.87562919434178e+28
2025,BEN,Benin,Ouidah,4.5926642176355965e+28
2025,BEN,Benin,Kandi,5.864287258867846e+28
2025,BEN,Benin,Natitingou,6.1544034970596005e+28
2025,BEN,Benin,Save,2.930732999737783e+28
2025,BEN,Benin,Savalou,4.506820121518487e+28
2025,BEN,Benin,Comé,4.543842639005323e+28
2025,BEN,Benin,Allada,5.03624892206973e+28
2025,BEN,Benin,Dogbo,4.762260982210301e+28
2025,BEN,Benin,Lokossa,5.226202514818788e+28
2025,BEN,Benin,Tchaourou,4.789780227143243e+28
2025,BEN,Benin,Malanville,5.712050616902193e+28
2025,BEN,Benin,Tanguiéta,6.7515648224465626e+28
2025,BEN,Benin,Bassila,2.9508105243649524e+28
2025,BEN,Benin,Pobe,5.354257745369239e+28
2025,BEN,Benin,Ketou,4.529458518765426e+28
2025,BWA,Botswana,Gaborone,5.971372002763623e+28
2025,BWA,Botswana,Francistown,2.6016168773900013e+28
2025,BWA,Botswana,Maun,3.700504362487558e+28
2025,BWA,Botswana,Serowe,4.635886631594272e+28
2025,BWA,Botswana,Kanye,4.553472070679469e+28
2025,BWA,Botswana,Molepolole,3.2816807329487334e+28
2025,BWA,Botswana,Mochudi,6.241330459614084e+28
2025,BWA,Botswana,Selebi-Phikwe,2.6908102269251695e+28
2025,BWA,Botswana,Palapye,4.695084707656344e+28
2025,BWA,Botswana,Lobatse,5.509601913069093e+28
2025,BWA,Botswana,Ramotswa,5.971129006623684e+28
2025,BWA,Botswana,Letlhakane,4.964662671665269e+28
2025,BWA,Botswana,Orapa,4.728664355844855e+28
2025,BWA,Botswana,Kasane,4.351541661862807e+28
2025,BWA,Botswana,Ghanzi,4.233826787091442e+28
2025,BWA,Botswana,Jwaneng,3.220472302487624e+28
2025,BWA,Botswana,Tsabong,3.734553842258092e+28
2025,BWA,Botswana,Shoshong,3.4339736558562955e+28
2025,BFA,Burkina Faso,Ouagadougou,6.215382809546366e+28
2025,BFA,Burkina Faso,Bobo-Dioulasso,4.996269317001609e+28
2025,BFA,Burkina Faso,Koudougou,3.4301312848930548e+28
2025,BFA,Burkina Faso,Banfora,4.0372358807176725e+28
2025,BFA,Burkina Faso,Ouahigouya,5.014054204982849e+28
2025,BFA,Burkina Faso,Kaya,4.794127419293606e+28
2025,BFA,Burkina Faso,Tenkodogo,5.115749103149031e+28
2025,BFA,Burkina Faso,Fada N'Gourma,5.98435751627734e+28
2025,BFA,Burkina Faso,Dedougou,5.528735880147034e+28
2025,BFA,Burkina Faso,Dori,5.590578804543862e+28
2025,BFA,Burkina Faso,Gaoua,6.063471809510762e+28
2025,BFA,Burkina Faso,Kongoussi,5.2474454275708705e+28
2025,BFA,Burkina Faso,Manga,5.106291863577934e+28
2025,BFA,Burkina Faso,Reo,5.2119229641076165e+28
2025,BFA,Burkina Faso,Ziniare,5.442535700405674e+28
2025,BFA,Burkina Faso,Hounde,3.662039543817849e+28
2025,BFA,Burkina Faso,Po,6.07395492396583e+28
2025,BFA,Burkina Faso,Leo,5.458625502233461e+28
2025,BDI,Burundi,Bujumbura,2.468884743964153e+28
2025,BDI,Burundi,Gitega,2.3653271974387583e+28
2025,BDI,Burundi,Ngozi,2.077764044510515e+28
2025,BDI,Burundi,Rumonge,3.225509057386662e+28
2025,BDI,Burundi,Bururi,3.174341814122861e+28
2025,BDI,Burundi,Muyinga,3.2785394489119913e+28
2025,BDI,Burundi,Ruyigi,2.5275475005058678e+28
2025,BDI,Burundi,Makamba,3.658175839373119e+28
2025,BDI,Burundi,Kayanza,1.824940812161757e+28
2025,BDI,Burundi,Muramvya,2.305965754391631e+28
2025,BDI,Burundi,Cibitoke,2.567375475590789e+28
2025,BDI,Burundi,Karuzi,3.0328499780281053e+28
2025,BDI,Burundi,Kirundo,2.454678783427858e+28
2025,BDI,Burundi,Mwaro,1.624447912617632e+28
2025,BDI,Burundi,Nyanza-Lac,4.516709849891379e+28
2025,CMR,Cameroon,Douala,3.404971694045008e+28
2025,CMR,Cameroon,Yaounde,1.962989547479703e+28
2025,CMR,Cameroon,Garoua,5.610302952025741e+28
2025,CMR,Cameroon,Bamenda,3.006151157282725e+28
2025,CMR,Cameroon,Maroua,4.626088624896869e+28
2025,CMR,Cameroon,Ngaoundere,3.738194731367561e+28
2025,CMR,Cameroon,Bafoussam,3.015704022448887e+28
2025,CMR,Cameroon,Bertoua,3.925657246905659e+28
2025,CMR,Cameroon,Ebolowa,1.862392587005521e+28
2025,CMR,Cameroon,Kribi,1.7124647734308304e+28
2025,CMR,Cameroon,Limbe,3.1772053915580008e+28
2025,CMR,Cameroon,Kumba,3.3599319825869474e+28
2025,CMR,Cameroon,Nkongsamba,3.4775505073813313e+28
2025,CMR,Cameroon,Edea,2.767060882472403e+28
2025,CMR,Cameroon,Sangmelima,2.284250124223966e+28
2025,CMR,Cameroon,Foumban,3.823756057222836e+28
2025,CMR,Cameroon,Dschang,3.104198730544116e+28
2025,CMR,Cameroon,Kousseri,5.657662946686534e+28
2025,CAF,Central African Republic,Bangui,5.7281553569093304e+28
2025,CAF,Central African Republic,Bimbo,3.4972515463938044e+28
2025,CAF,Central African Republic,Berberati,2.7725912972641536e+28
2025,CAF,Central African Republic,Bambari,4.308135659082027e+28
2025,CAF,Central African Republic,Bouar,5.576116625428169e+28
2025,CAF,Central African Republic,Bossangoa,4.869635508939391e+28
2025,CAF,Central African Republic,Bria,4.980049890558858e+28
2025,CAF,Central African Republic,Bangassou,2.760042674153987e+28
2025,CAF,Central African Republic,Kaga-Bandoro,4.63537690606206e+28
2025,CAF,Central African Republic,Mbaiki,2.543274693764164e+28
2025,CAF,Central African Republic,Bozoum,4.968009607883363e+28
2025,CAF,Central African Republic,Carnot,6.834999275286323e+28
2025,CAF,Central African Republic,Sibut,6.770072904479437e+28
2025,CAF,Central African Republic,Alindao,6.151982320788289e+28
2025,CAF,Central African Republic,Mobaye,5.698410244616497e+28
2025,CAF,Central African Republic,Nola,2.6975901553684557e+28
2025,TCD,Chad,N'Djamena,5.657662946686534e+28
2025,TCD,Chad,Moundou,5.566022076322999e+28
2025,TCD,Chad,Sarh,5.911982842100272e+28
2025,TCD,Chad,Abeche,3.9764921977396124e+28
2025,TCD,Chad,Kelo,5.332415997179241e+28
2025,TCD,Chad,Koumra,5.36144608308222e+28
2025,TCD,Chad,Pala,5.16792754789096e+28
2025,TCD,Chad,Am Timan,4.524493258595262e+28
2025,TCD,Chad,Bongor,5.211495185084499e+28
2025,TCD,Chad,Mongo,3.645619066227939e+28
2025,TCD,Chad,Faya-Largeau,2.401614709753383e+28
2025,TCD,Chad,Doba,5.163289913071312e+28
2025,TCD,Chad,Ati,3.5382603606233275e+28
2025,TCD,Chad,Biltine,3.563237748064449e+28
2025,TCD,Chad,Mao,3.6643737085983916e+28
2025,TCD,Chad,Massakory,3.127934688186373e+28
2025,COD,DR Congo,Kinshasa,7.97041399604811e+28
2025,COD,DR Congo,Lubumbashi,5.9701557097954325e+28
2025,COD,DR Congo,Mbuji-Mayi,7.899849806270271e+28
2025,COD,DR Congo,Kisangani,2.9336225881060915e+28
2025,COD,DR Congo,Goma,1.7927221714804612e+28
2025,COD,DR Congo,Bukavu,1.2544035278501086e+28
2025,COD,DR Congo,Kananga,6.680767300445617e+28
2025,COD,DR Congo,Kolwezi,8.762429778156792e+28
2025,COD,DR Congo,Tshikapa,9.255040016548047e+28
2025,COD,DR Congo,Matadi,5.726819952052626e+28
2025,COD,DR Congo,Boma,5.742974960975164e+28
2025,COD,DR Congo,Uvira,2.4772916828987714e+28
2025,COD,DR Congo,Kindu,4.408826001349684e+28
2025,COD,DR Congo,Kalemie,4.307143925273375e+28
2025,COD,DR Congo,Likasi,6.702335240854972e+28
2025,COD,DR Congo,Kikwit,8.053126070017217e+28
2025,COD,DR Congo,Gemena,2.8941596348455307e+28
2025,COD,DR Congo,Isiro,2.8538465140337136e+28
2025,COG,Congo Republic,Brazzaville,3.518704240249134e+28
2025,COG,Congo Republic,Pointe-Noire,4.48583523670768e+28
2025,COG,Congo Republic,Dolisie,5.283677910710749e+28
2025,COG,Congo Republic,Nkayi,5.777021981225089e+28
2025,COG,Congo Republic,Owando,3.1402106111318387e+28
2025,COG,Congo Republic,Ouesso,1.9157409666425488e+28
2025,COG,Congo Republic,Impfondo,2.2954616289562357e+28
2025,COG,Congo Republic,Sibiti,5.030746389604223e+28
2025,COG,Congo Republic,Madingou,5.53943527086549e+28
2025,COG,Congo Republic,Kinkala,3.0809449640796522e+28
2025,COG,Congo Republic,Mossendjo,3.8252432563003398e+28
2025,COG,Congo Republic,Gamboma,5.837900483901628e+28
2025,COG,Congo Republic,Djambala,2.5491270454977062e+28
2025,CIV,Cote d'Ivoire,Abidjan,3.003284374085418e+28
2025,CIV,Cote d'Ivoire,Yamoussoukro,3.2198387951705276e+28
2025,CIV,Cote d'Ivoire,Bouake,3.233988609078636e+28
2025,CIV,Cote d'Ivoire,Daloa,3.1617071634643255e+28
2025,CIV,Cote d'Ivoire,San-Pedro,1.371369425638126e+28
2025,CIV,Cote d'Ivoire,Korhogo,3.39616112637353e+28
2025,CIV,Cote d'Ivoire,Man,2.464014175736658e+28
2025,CIV,Cote d'Ivoire,Gagnoa,2.776196009942136e+28
2025,CIV,Cote d'Ivoire,Abengourou,2.1715398692616787e+28
2025,CIV,Cote d'Ivoire,Bondoukou,3.555457198254855e+28
2025,CIV,Cote d'Ivoire,Divo,2.9112087762751508e+28
2025,CIV,Cote d'Ivoire,Odienne,2.7071307705285608e+28
2025,CIV,Cote d'Ivoire,Ferkessedougou,3.525456616196228e+28
2025,CIV,Cote d'Ivoire,Soubre,2.4674987779969165e+28
2025,CIV,Cote d'Ivoire,Sassandra,2.3517769101415587e+28
2025,CIV,Cote d'Ivoire,Agboville,2.7870789957601663e+28
2025,CIV,Cote d'Ivoire,Grand-Bassam,3.768593385004292e+28
2025,CIV,Cote d'Ivoire,Dabou,3.8670624457348853e+28
2025,ETH,Ethiopia,Addis Ababa,2.828024174500064e+28
2025,ETH,Ethiopia,Dire Dawa,3.8325362638691623e+28
2025,ETH,Ethiopia,Mekelle,2.3774095511127287e+28
2025,ETH,Ethiopia,Bahir Dar,3.624443404628315e+28
2025,ETH,Ethiopia,Hawassa,2.5611850937516094e+28
2025,ETH,Ethiopia,Adama,2.609966118367946e+28
2025,ETH,Ethiopia,Gondar,4.0417195018561385e+28
2025,ETH,Ethiopia,Jimma,2.8644545076087495e+28
2025,ETH,Ethiopia,Dessie,3.1027369617888887e+28
2025,ETH,Ethiopia,Shashamane,2.5663045496389793e+28
2025,ETH,Ethiopia,Harar,3.7483256774286156e+28
2025,ETH,Ethiopia,Arba Minch,3.0069907809259374e+28
2025,ETH,Ethiopia,Debre Markos,4.3535996035056e+28
2025,ETH,Ethiopia,Debre Birhan,3.116434353903446e+28
2025,ETH,Ethiopia,Nekemte,3.781550119737192e+28
2025,ETH,Ethiopia,Asella,2.5970380689525728e+28
2025,ETH,Ethiopia,Wolaita Sodo,2.521413248620363e+28
2025,ETH,Ethiopia,Jijiga,2.7434083318217822e+28
2025,GAB,Gabon,Libreville,2.7108736860055592e+28
2025,GAB,Gabon,Port-Gentil,2.0863577257371354e+28
2025,GAB,Gabon,Franceville,2.014141749103736e+28
2025,GAB,Gabon,Oyem,2.168483343155584e+28
2025,GAB,Gabon,Moanda,2.1054743649000596e+28
2025,GAB,Gabon,Lambarene,2.5769064363408427e+28
2025,GAB,Gabon,Mouila,2.6430858354647363e+28
2025,GAB,Gabon,Koulamoutou,2.2797210532714337e+28
2025,GAB,Gabon,Tchibanga,2.573701829024431e+28
2025,GAB,Gabon,Makokou,1.7382777040046643e+28
2025,GAB,Gabon,Bitam,1.4143048021343776e+28
2025,GAB,Gabon,Ndende,2.492759736024282e+28
2025,GHA,Ghana,Accra,5.268196909050634e+28
2025,GHA,Ghana,Kumasi,4.8876245925438136e+28
2025,GHA,Ghana,Tamale,7.1350120818895235e+28
2025,GHA,Ghana,Sekondi-Takoradi,1.9103326610832407e+28
2025,GHA,Ghana,Sunyani,4.067424591137498e+28
2025,GHA,Ghana,Cape Coast,1.922210767334752e+28
2025,GHA,Ghana,Koforidua,3.3001451955732956e+28
2025,GHA,Ghana,Ho,4.6080207723813976e+28
2025,GHA,Ghana,Tema,5.268196909050634e+28
2025,GHA,Ghana,Obuasi,3.977459457947644e+28
2025,GHA,Ghana,Bolgatanga,6.398581778723846e+28
2025,GHA,Ghana,Wa,3.909544670715681e+28
2025,GHA,Ghana,Techiman,4.7836810997807005e+28
2025,GHA,Ghana,Tarkwa,1.7745639567419424e+28
2025,GHA,Ghana,Sefwi Wiawso,2.0003039131109227e+28
2025,GHA,Ghana,Nkawkaw,5.086117650338244e+28
2025,GHA,Ghana,Dunkwa-on-Offin,3.4952189194723898e+28
2025,GHA,Ghana,Yendi,4.356198641753243e+28
2025,KEN,Kenya,Nairobi,4.5098823374254085e+28
2025,KEN,Kenya,Mombasa,3.4504498360596613e+28
2025,KEN,Kenya,Kisumu,2.89451724000995e+28
2025,KEN,Kenya,Nakuru,1.989363028380777e+28
2025,KEN,Kenya,Eldoret,9.696572973642823e+27
2025,KEN,Kenya,Thika,3.815544139044623e+28
2025,KEN,Kenya,Malindi,2.5818966255826025e+28
2025,KEN,Kenya,Kitale,8.845344722884473e+27
2025,KEN,Kenya,Garissa,3.4046350978456014e+28
2025,KEN,Kenya,Nyeri,2.792125060009988e+28
2025,KEN,Kenya,Machakos,1.8410390710446463e+28
2025,KEN,Kenya,Meru,1.362830809979734e+28
2025,KEN,Kenya,Kericho,2.720633321607816e+28
2025,KEN,Kenya,Naivasha,3.207163480294896e+28
2025,KEN,Kenya,Embu,3.414986018149073e+28
2025,KEN,Kenya,Lodwar,3.6037926744463978e+28
2025,KEN,Kenya,Isiolo,1.6649939520533294e+28
2025,KEN,Kenya,Wajir,2.1397016381468305e+28
2025,LSO,Lesotho,Maseru,4.788195662264214e+28
2025,LSO,Lesotho,Teyateyaneng,3.238664895939095e+28
2025,LSO,Lesotho,Mafeteng,3.800352276596319e+28
2025,LBR,Liberia,Monrovia,2.2215507888899965e+28
2025,LBR,Liberia,Gbarnga,1.5417524417037297e+28
2025,LBR,Liberia,Buchanan,2.1060585517798577e+28
2025,LBR,Liberia,Harper,2.3160790488714088e+28
2025,LBR,Liberia,Voinjama,2.1413478278380925e+28
2025,LBR,Liberia,Zwedru,1.483914324890405e+28
2025,LBR,Liberia,Kakata,2.1293547216508588e+28
2025,LBR,Liberia,Greenville,1.4425483409729197e+28
2025,LBR,Liberia,Tubmanburg,2.1138142128957975e+28
2025,LBR,Liberia,Ganta,2.520358168140615e+28
2025,LBR,Liberia,Robertsport,1.5249708577494803e+28
2025,LBR,Liberia,Fish Town,1.2859998985415832e+28
2025,MDG,Madagascar,Antananarivo,1.9466122696823631e+28
2025,MDG,Madagascar,Toamasina,3.3012929854910007e+28
2025,MDG,Madagascar,Antsirabe,2.7258545611234065e+28
2025,MDG,Madagascar,Mahajanga,3.242909024043976e+28
2025,MDG,Madagascar,Fianarantsoa,3.420765852506547e+28
2025,MDG,Madagascar,Toliara,3.0878400825130085e+28
2025,MDG,Madagascar,Antsiranana,2.2441392645638794e+28
2025,MDG,Madagascar,Morondava,5.6847724202443815e+28
2025,MDG,Madagascar,Sambava,1.7661444968059712e+28
2025,MDG,Madagascar,Ambatondrazaka,3.6061288222655006e+28
2025,MDG,Madagascar,Farafangana,3.4186409530721797e+28
2025,MDG,Madagascar,Mananjary,2.5400870111261205e+28
2025,MDG,Madagascar,Manakara,2.0827674004969573e+28
2025,MDG,Madagascar,Antalaha,1.434977028620935e+28
2025,MDG,Madagascar,Hell-Ville,2.583614425839247e+28
2025,MDG,Madagascar,Marovoay,3.803279950285961e+28
2025,MDG,Madagascar,Ambanja,2.850664311561102e+28
2025,MWI,Malawi,Lilongwe,1.6415273595416837e+28
2025,MWI,Malawi,Blantyre,3.355297386084684e+28
2025,MWI,Malawi,Mzuzu,3.12626410677608e+28
2025,MWI,Malawi,Zomba,4.299818563198896e+28
2025,MWI,Malawi,Karonga,4.3632183102502485e+28
2025,MWI,Malawi,Mangochi,4.39413973267832e+28
2025,MWI,Malawi,Salima,2.8260058669016103e+28
2025,MLI,Mali,Bamako,4.898079943373774e+28
2025,MLI,Mali,Sikasso,4.652148458670177e+28
2025,MLI,Mali,Mopti,3.247663785865812e+28
2025,MLI,Mali,Koutiala,4.380960580784156e+28
2025,MLI,Mali,Kayes,7.182087635189995e+28
2025,MLI,Mali,Segou,3.0712774103398095e+28
2025,MRT,Mauritania,Nouakchott,4.578950365930416e+28
2025,MRT,Mauritania,Nouadhibou,2.6076046685687836e+28
2025,MRT,Mauritania,Rosso,2.9068032309916305e+28
2025,MRT,Mauritania,Zouerate,2.0471590051643696e+28
2025,MRT,Mauritania,Atar,2.4576212806295824e+28
2025,MRT,Mauritania,Kaedi,2.8406059111575216e+28
2025,MOZ,Mozambique,Maputo,1.06254045293278e+29
2025,MOZ,Mozambique,Matola,1.2485491831342034e+29
2025,MOZ,Mozambique,Beira,5.364264671146129e+28
2025,MOZ,Mozambique,Nampula,5.434711224904766e+28
2025,MOZ,Mozambique,Chimoio,5.287091819438492e+28
2025,MOZ,Mozambique,Nacala,3.3587426311514936e+28
2025,MOZ,Mozambique,Quelimane,3.8723136495932348e+28
2025,MOZ,Mozambique,Tete,4.186501093316448e+28
2025,MOZ,Mozambique,Pemba,1.9980756816862867e+28
2025,MOZ,Mozambique,Lichinga,2.9438641040586996e+28
2025,MOZ,Mozambique,Xai-Xai,6.226439628591357e+28
2025,MOZ,Mozambique,Maxixe,3.1999776315938036e+28
2025,NGA,Nigeria,Lagos,7.155554509909337e+28
2025,NGA,Nigeria,Abuja,7.394078915504088e+28
2025,NGA,Nigeria,Kano,4.964278763131025e+28
2025,NGA,Nigeria,Ibadan,6.366756491585094e+28
2025,NGA,Nigeria,Port Harcourt,5.161411661929566e+28
2025,NGA,Nigeria,Benin City,5.90782668131547e+28
2025,NGA,Nigeria,Onitsha,6.721217991681067e+28
2025,NGA,Nigeria,Aba,4.717494008461755e+28
2025,NGA,Nigeria,Kaduna,7.622795487512177e+28
2025,NGA,Nigeria,Enugu,4.345166649210925e+28
2025,NGA,Nigeria,Ilorin,4.511939197965482e+28
2025,NGA,Nigeria,Warri,3.424086086895096e+28
2025,NGA,Nigeria,Maiduguri,5.965966936367186e+28
2025,NGA,Nigeria,Zaria,7.1715062446653665e+28
2025,NGA,Nigeria,Sokoto,6.206550327614952e+28
2025,NGA,Nigeria,Uyo,3.930330496559466e+28
2025,NGA,Nigeria,Jos,4.561724202097575e+28
2025,NGA,Nigeria,Calabar,4.545015759890339e+28
2025,ZAF,South Africa,Johannesburg,3.230686397207923e+29
2025,ZAF,South Africa,Cape Town,6.4150304010329325e+28
2025,ZAF,South Africa,Durban,4.805215702574686e+28
2025,ZAF,South Africa,Pretoria,1.5273339698969776e+29
2025,ZAF,South Africa,Port Elizabeth,5.111738162051691e+28
2025,ZAF,South Africa,Bloemfontein,4.486198691026402e+28
2025,ZAF,South Africa,East London,3.6312310323272164e+28
2025,ZAF,South Africa,Soweto,1.9580920832784672e+29
2025,ZAF,South Africa,Pietermaritzburg,6.913319427854073e+28
2025,ZAF,South Africa,Polokwane,6.570034814511201e+28
2025,ZAF,South Africa,Rustenburg,7.694560280561082e+28
2025,ZMB,Zambia,Lusaka,4.162006870158436e+28
2025,ZMB,Zambia,Kitwe,5.171591306594701e+28
2025,ZMB,Zambia,Ndola,5.349916293565967e+28
2025,ZMB,Zambia,Kabwe,3.7459795798535018e+28
2025,ZMB,Zambia,Chingola,5.262901383360771e+28
2025,ZMB,Zambia,Livingstone,4.342136452105313e+28
2025,ZMB,Zambia,Solwezi,5.810232720770651e+28
2025,ZMB,Zambia,Mufulira,3.2529906870989073e+28
2025,ZMB,Zambia,Luanshya,5.1286749013947726e+28
2025,ZWE,Zimbabwe,Harare,6.537832827528378e+28
2025,ZWE,Zimbabwe,Bulawayo,3.438753898388679e+28
2025,ZWE,Zimbabwe,Chitungwiza,4.510956970435388e+28
2025,ZWE,Zimbabwe,Mutare,3.2772037117520573e+28
2025,ZWE,Zimbabwe,Gweru,5.281177428638278e+28
2025,ZWE,Zimbabwe,Kwekwe,5.242071694464359e+28
2025,ZWE,Zimbabwe,Masvingo,4.761112206420344e+28
2025,ZWE,Zimbabwe,Chinhoyi,5.8470214730488445e+28
2025,ZWE,Zimbabwe,Kadoma,5.478098619066453e+28
2025,ZWE,Zimbabwe,Victoria Falls,4.342136452105313e+28
2025,ZWE,Zimbabwe,Redcliff,5.337303676345208e+28
2025,ZWE,Zimbabwe,Norton,6.677604662332645e+28
2025,ZWE,Zimbabwe,Hwange,3.297619022999234e+28
2025,ZWE,Zimbabwe,Chegutu,5.934897899336597e+28
2025,COM,Comoros,Moroni,1.1176649039032323e+28
2025,COM,Comoros,Mutsamudu,1.9898804448326773e+28
2025,COM,Comoros,Fomboni,1.061658720410005e+28
2025,ERI,Eritrea,Asmara,3.993823525085397e+28
2025,ERI,Eritrea,Keren,4.1968883017317865e+28
2025,ERI,Eritrea,Massawa,4.642940132952372e+28
2025,GNQ,Equatorial Guinea,Malabo,1.6831092720630232e+28
2025,GNQ,Equatorial Guinea,Bata,1.6147723826041802e+28
2025,GNQ,Equatorial Guinea,Ebibeyin,1.984971319560657e+28
2025,GMB,Gambia,Banjul,4.293015360316591e+28
2025,GMB,Gambia,Serekunda,4.293015360316591e+28
2025,GMB,Gambia,Brikama,4.293015360316591e+28
2025,GIN,Guinea,Conakry,5.041310011402691e+28
2025,GIN,Guinea,Kankan,5.352697894825456e+28
2025,GIN,Guinea,Kindia,3.776571162372265e+28
2025,GIN,Guinea,Nzérékoré,1.4658595736121323e+28
2025,GIN,Guinea,Labe,2.849511349340574e+28
2025,GIN,Guinea,Fria,4.155284096567409e+28
2025,GNB,Guinea-Bissau,Bissau,2.7854129831525403e+28
2025,GNB,Guinea-Bissau,Bafatá,3.6023496897176554e+28
2025,GNB,Guinea-Bissau,Gabú,4.680211264228912e+28
2025,NAM,Namibia,Windhoek,3.069647912620468e+28
2025,NAM,Namibia,Walvis Bay,1.9766328733267323e+28
2025,NAM,Namibia,Swakopmund,3.2923130722284033e+28
2025,NAM,Namibia,Rundu,5.834367274099887e+28
2025,NAM,Namibia,Oshakati,4.389433694922389e+28
2025,NAM,Namibia,Otjiwarongo,3.7271051452098675e+28
2025,NER,Niger,Niamey,3.626874003690026e+28
2025,NER,Niger,Zinder,3.002356996755851e+28
2025,NER,Niger,Maradi,3.282498173011142e+28
2025,NER,Niger,Agadez,1.8654307679028998e+28
2025,NER,Niger,Tahoua,3.907055930593848e+28
2025,RWA,Rwanda,Kigali,2.6284663719408944e+28
2025,RWA,Rwanda,Huye,1.0806020287340884e+28
2025,RWA,Rwanda,Rubavu,1.0732964048704912e+28
2025,RWA,Rwanda,Musanze,6.859276153718059e+27
2025,RWA,Rwanda,Rusizi,1.9122253734078183e+28
2025,STP,Sao Tome and Principe,São Tomé,2.0869140763547784e+28
2025,STP,Sao Tome and Principe,Santo António,1.4077786528900627e+28
2025,STP,Sao Tome and Principe,Neves,2.0869140763547784e+28
2025,SEN,Senegal,Ziguinchor,3.207113220522425e+28
2025,SEN,Senegal,Tambacounda,5.764783927928368e+28
2025,SEN,Senegal,Dakar,6.939655428281053e+28
2025,SEN,Senegal,Thiès,5.844556813114969e+28
2025,SEN,Senegal,Saint-Louis,2.8383087481655318e+28
2025,SEN,Senegal,Kaolack,4.948706360621836e+28
2025,SLE,Sierra Leone,Freetown,3.3038565691945325e+28
2025,SLE,Sierra Leone,Bo,2.0332756281949942e+28
2025,SLE,Sierra Leone,Kenema,2.1139285133582325e+28
2025,SLE,Sierra Leone,Makeni,4.286548429406225e+28
2025,SOM,Somalia,Mogadishu,2.4867534295487037e+28
2025,SOM,Somalia,Hargeisa,3.1566993455395417e+28
2025,SOM,Somalia,Bosaso,2.9027696364420065e+28
2025,SOM,Somalia,Kismayo,1.2155411208888369e+28
2025,SOM,Somalia,Baidoa,2.5123474674179628e+28
2025,SSD,South Sudan,Juba,9.168215738499726e+28
2025,SSD,South Sudan,Wau,3.530024580522313e+28
2025,SSD,South Sudan,Malakal,5.304228638506555e+28
2025,SSD,South Sudan,Bor,7.626817306725277e+28
2025,SDN,Sudan,Khartoum,3.555912446927477e+28
2025,SDN,Sudan,Omdurman,5.101462516547792e+28
2025,SDN,Sudan,Port Sudan,5.055299798762154e+28
2025,SDN,Sudan,Nyala,3.56411143064902e+28
2025,SDN,Sudan,Ed Damer,5.538352760359224e+28
2025,SDN,Sudan,El Obeid,4.062730699531825e+28
2025,SDN,Sudan,Kassala,5.127179042729943e+28
2025,SDN,Sudan,Wad Madani,5.3629595737310275e+28
2025,SDN,Sudan,Kosti,5.349401054927251e+28
2025,SDN,Sudan,Rabak,3.507538998098757e+28
2025,SDN,Sudan,El Obeid,4.062730699531825e+28
2025,SDN,Sudan,Sennar,4.834831549307172e+28
2025,TZA,Tanzania,Dar es Salaam,3.661121981215367e+28
2025,TZA,Tanzania,Dodoma,2.5252297929208e+28
2025,TZA,Tanzania,Mwanza,3.8643020086007835e+28
2025,TZA,Tanzania,Arusha,2.8497369410031096e+28
2025,TZA,Tanzania,Zanzibar City,2.7204898003909314e+28
2025,TZA,Tanzania,Mbeya,4.045735424170512e+28
2025,TZA,Tanzania,Tabora,4.229166452607908e+28
2025,TGO,Togo,Lomé,4.723299982899311e+28
2025,TGO,Togo,Sokodé,5.458183878040559e+28
2025,TGO,Togo,Kara,6.137950061314116e+28
2025,TGO,Togo,Atakpamé,5.747956765025935e+28
2025,UGA,Uganda,Kampala,4.488680297341684e+28
2025,UGA,Uganda,Entebbe,4.513800407586223e+28
2025,UGA,Uganda,Jinja,3.58437088371487e+28
2025,UGA,Uganda,Mbarara,3.071956821406493e+28
2025,UGA,Uganda,Gulu,5.397617437035365e+28
2025,UGA,Uganda,Fort Portal,4.208725658715363e+28
